ISO-10303-21;
HEADER;

/* File generated by Shapr3D Version 5.771.0.8028 */

FILE_DESCRIPTION(('HOOPS Exchange Step'),'2;1');

FILE_NAME('/Users/jining/Library/Containers/com.shapr3d.shapr/Data/tmp/export/temp_export',
'2025-01-30T02:11:02-06:00',
('jining'),
('Shapr3D Limited'),
'HOOPS Exchange 2024.6',
'Shapr3D',
'Authorized');

FILE_SCHEMA( ('AP242_MANAGED_MODEL_BASED_3D_ENGINEERING_MIM_LF {1 0 10303 442 1 1 4 }') );

ENDSEC;

DATA;
#3=(NAMED_UNIT(*)PLANE_ANGLE_UNIT()SI_UNIT($,.RADIAN.));
#4=PLANE_ANGLE_MEASURE_WITH_UNIT(PLANE_ANGLE_MEASURE(0.0174532925),#3);
#5=(CONVERSION_BASED_UNIT('DEGREE',#4)NAMED_UNIT(#6)PLANE_ANGLE_UNIT());
#6=DIMENSIONAL_EXPONENTS(0.,0.,0.,0.,0.,0.,0.);
#7=(NAMED_UNIT(*)SI_UNIT($,.STERADIAN.)SOLID_ANGLE_UNIT());
#8=(LENGTH_UNIT()NAMED_UNIT(*)SI_UNIT(.MILLI.,.METRE.));
#9=UNCERTAINTY_MEASURE_WITH_UNIT(LENGTH_MEASURE(1.000000E-05),#8,'DISTANCE_ACCURACY_VALUE','Maximum Tolerance applied to model');
#10=(GEOMETRIC_REPRESENTATION_CONTEXT(3)GLOBAL_UNCERTAINTY_ASSIGNED_CONTEXT((#9))GLOBAL_UNIT_ASSIGNED_CONTEXT((#8,#5,#7))REPRESENTATION_CONTEXT('','root'));
#12=CARTESIAN_POINT('',(0.,0.,0.));
#13=DIRECTION('',(0.,0.,1.));
#14=DIRECTION('',(1.,0.,0.));
#15=AXIS2_PLACEMENT_3D('',#12,#13,#14);
#27=CARTESIAN_POINT('',(0.,0.,20.));
#28=DIRECTION('',(0.,0.,-1.));
#29=DIRECTION('',(-1.,0.,0.));
#30=AXIS2_PLACEMENT_3D('',#27,#28,#29);
#31=PLANE('',#30);
#32=CARTESIAN_POINT('',(-28.75,-101.025951481,20.));
#33=VERTEX_POINT('',#32);
#34=CARTESIAN_POINT('',(28.75,-101.025951481,20.));
#35=VERTEX_POINT('',#34);
#36=CARTESIAN_POINT('',(-28.75,-101.025951481,20.));
#37=DIRECTION('',(1.,0.,-0.));
#38=VECTOR('',#37,57.5);
#39=LINE('',#36,#38);
#40=EDGE_CURVE('',#33,#35,#39,.T.);
#41=ORIENTED_EDGE('',*,*,#40,.F.);
#42=CARTESIAN_POINT('',(-31.75,-98.025951481,20.));
#43=VERTEX_POINT('',#42);
#44=CARTESIAN_POINT('',(-28.75,-98.025951481,20.));
#45=DIRECTION('',(0.,0.,1.));
#46=DIRECTION('',(1.,0.,-0.));
#47=AXIS2_PLACEMENT_3D('',#44,#45,#46);
#48=CIRCLE('',#47,3.);
#49=EDGE_CURVE('',#43,#33,#48,.T.);
#50=ORIENTED_EDGE('',*,*,#49,.F.);
#51=CARTESIAN_POINT('',(-31.75,-23.775951481,20.));
#52=VERTEX_POINT('',#51);
#53=CARTESIAN_POINT('',(-31.75,-23.775951481,20.));
#54=DIRECTION('',(0.,-1.,0.));
#55=VECTOR('',#54,74.25);
#56=LINE('',#53,#55);
#57=EDGE_CURVE('',#52,#43,#56,.T.);
#58=ORIENTED_EDGE('',*,*,#57,.F.);
#59=CARTESIAN_POINT('',(-36.75,-23.775951481,20.));
#60=VERTEX_POINT('',#59);
#61=CARTESIAN_POINT('',(-36.75,-23.775951481,20.));
#62=DIRECTION('',(1.,0.,-0.));
#63=VECTOR('',#62,5.);
#64=LINE('',#61,#63);
#65=EDGE_CURVE('',#60,#52,#64,.T.);
#66=ORIENTED_EDGE('',*,*,#65,.F.);
#67=CARTESIAN_POINT('',(-36.75,-98.025951481,20.));
#68=VERTEX_POINT('',#67);
#69=CARTESIAN_POINT('',(-36.75,-98.025951481,20.));
#70=DIRECTION('',(0.,1.,0.));
#71=VECTOR('',#70,74.25);
#72=LINE('',#69,#71);
#73=EDGE_CURVE('',#68,#60,#72,.T.);
#74=ORIENTED_EDGE('',*,*,#73,.F.);
#75=CARTESIAN_POINT('',(-28.75,-106.025951481,20.));
#76=VERTEX_POINT('',#75);
#77=CARTESIAN_POINT('',(-28.75,-98.025951481,20.));
#78=DIRECTION('',(-0.,-0.,-1.));
#79=DIRECTION('',(1.,0.,-0.));
#80=AXIS2_PLACEMENT_3D('',#77,#78,#79);
#81=CIRCLE('',#80,8.);
#82=EDGE_CURVE('',#76,#68,#81,.T.);
#83=ORIENTED_EDGE('',*,*,#82,.F.);
#84=CARTESIAN_POINT('',(-17.,-106.025951481,20.));
#85=VERTEX_POINT('',#84);
#86=CARTESIAN_POINT('',(-17.,-106.025951481,20.));
#87=DIRECTION('',(-1.,0.,0.));
#88=VECTOR('',#87,11.75);
#89=LINE('',#86,#88);
#90=EDGE_CURVE('',#85,#76,#89,.T.);
#91=ORIENTED_EDGE('',*,*,#90,.F.);
#92=CARTESIAN_POINT('',(-15.5,-107.525951481,20.));
#93=VERTEX_POINT('',#92);
#94=CARTESIAN_POINT('',(-17.,-107.525951481,20.));
#95=DIRECTION('',(0.,0.,1.));
#96=DIRECTION('',(1.,0.,-0.));
#97=AXIS2_PLACEMENT_3D('',#94,#95,#96);
#98=CIRCLE('',#97,1.5);
#99=EDGE_CURVE('',#93,#85,#98,.T.);
#100=ORIENTED_EDGE('',*,*,#99,.F.);
#101=CARTESIAN_POINT('',(15.5,-107.525951481,20.));
#102=VERTEX_POINT('',#101);
#103=CARTESIAN_POINT('',(15.5,-107.525951481,20.));
#104=DIRECTION('',(-1.,0.,0.));
#105=VECTOR('',#104,31.);
#106=LINE('',#103,#105);
#107=EDGE_CURVE('',#102,#93,#106,.T.);
#108=ORIENTED_EDGE('',*,*,#107,.F.);
#109=CARTESIAN_POINT('',(17.,-106.025951481,20.));
#110=VERTEX_POINT('',#109);
#111=CARTESIAN_POINT('',(17.,-107.525951481,20.));
#112=DIRECTION('',(0.,0.,-1.));
#113=DIRECTION('',(-1.,0.,0.));
#114=AXIS2_PLACEMENT_3D('',#111,#112,#113);
#115=CIRCLE('',#114,1.5);
#116=EDGE_CURVE('',#102,#110,#115,.T.);
#117=ORIENTED_EDGE('',*,*,#116,.T.);
#118=CARTESIAN_POINT('',(28.75,-106.025951481,20.));
#119=VERTEX_POINT('',#118);
#120=CARTESIAN_POINT('',(17.,-106.025951481,20.));
#121=DIRECTION('',(1.,0.,-0.));
#122=VECTOR('',#121,11.75);
#123=LINE('',#120,#122);
#124=EDGE_CURVE('',#110,#119,#123,.T.);
#125=ORIENTED_EDGE('',*,*,#124,.T.);
#126=CARTESIAN_POINT('',(36.75,-98.025951481,20.));
#127=VERTEX_POINT('',#126);
#128=CARTESIAN_POINT('',(28.75,-98.025951481,20.));
#129=DIRECTION('',(-0.,-0.,1.));
#130=DIRECTION('',(-1.,0.,0.));
#131=AXIS2_PLACEMENT_3D('',#128,#129,#130);
#132=CIRCLE('',#131,8.);
#133=EDGE_CURVE('',#119,#127,#132,.T.);
#134=ORIENTED_EDGE('',*,*,#133,.T.);
#135=CARTESIAN_POINT('',(36.75,-23.775951481,20.));
#136=VERTEX_POINT('',#135);
#137=CARTESIAN_POINT('',(36.75,-98.025951481,20.));
#138=DIRECTION('',(0.,1.,0.));
#139=VECTOR('',#138,74.25);
#140=LINE('',#137,#139);
#141=EDGE_CURVE('',#127,#136,#140,.T.);
#142=ORIENTED_EDGE('',*,*,#141,.T.);
#143=CARTESIAN_POINT('',(31.75,-23.775951481,20.));
#144=VERTEX_POINT('',#143);
#145=CARTESIAN_POINT('',(36.75,-23.775951481,20.));
#146=DIRECTION('',(-1.,0.,0.));
#147=VECTOR('',#146,5.);
#148=LINE('',#145,#147);
#149=EDGE_CURVE('',#136,#144,#148,.T.);
#150=ORIENTED_EDGE('',*,*,#149,.T.);
#151=CARTESIAN_POINT('',(31.75,-98.025951481,20.));
#152=VERTEX_POINT('',#151);
#153=CARTESIAN_POINT('',(31.75,-23.775951481,20.));
#154=DIRECTION('',(0.,-1.,0.));
#155=VECTOR('',#154,74.25);
#156=LINE('',#153,#155);
#157=EDGE_CURVE('',#144,#152,#156,.T.);
#158=ORIENTED_EDGE('',*,*,#157,.T.);
#159=CARTESIAN_POINT('',(28.75,-98.025951481,20.));
#160=DIRECTION('',(0.,0.,-1.));
#161=DIRECTION('',(-1.,0.,0.));
#162=AXIS2_PLACEMENT_3D('',#159,#160,#161);
#163=CIRCLE('',#162,3.);
#164=EDGE_CURVE('',#152,#35,#163,.T.);
#165=ORIENTED_EDGE('',*,*,#164,.T.);
#166=EDGE_LOOP('',(#41,#50,#58,#66,#74,#83,#91,#100,#108,#117,#125,#134,#142,#150,#158,#165));
#167=FACE_BOUND('',#166,.T.);
#168=ADVANCED_FACE('',(#167),#31,.F.);
#169=CARTESIAN_POINT('',(31.75,-50.025951481,20.));
#170=DIRECTION('',(1.,0.,0.));
#171=DIRECTION('',(0.,0.,-1.));
#172=AXIS2_PLACEMENT_3D('',#169,#170,#171);
#173=PLANE('',#172);
#174=ORIENTED_EDGE('',*,*,#157,.F.);
#175=CARTESIAN_POINT('',(31.75,-21.775951481,18.));
#176=VERTEX_POINT('',#175);
#177=CARTESIAN_POINT('',(31.75,-23.775951481,20.));
#178=DIRECTION('',(-0.,0.707106781,-0.707106781));
#179=VECTOR('',#178,2.828427125);
#180=LINE('',#177,#179);
#181=EDGE_CURVE('',#144,#176,#180,.T.);
#182=ORIENTED_EDGE('',*,*,#181,.T.);
#183=CARTESIAN_POINT('',(31.75,-21.775951481,2.));
#184=VERTEX_POINT('',#183);
#185=CARTESIAN_POINT('',(31.75,-21.775951481,18.));
#186=DIRECTION('',(0.,0.,-1.));
#187=VECTOR('',#186,16.);
#188=LINE('',#185,#187);
#189=EDGE_CURVE('',#176,#184,#188,.T.);
#190=ORIENTED_EDGE('',*,*,#189,.T.);
#191=CARTESIAN_POINT('',(31.75,-23.775951481,0.));
#192=VERTEX_POINT('',#191);
#193=CARTESIAN_POINT('',(31.75,-23.775951481,2.));
#194=DIRECTION('',(-1.,-0.,-0.));
#195=DIRECTION('',(0.,0.,-1.));
#196=AXIS2_PLACEMENT_3D('',#193,#194,#195);
#197=CIRCLE('',#196,2.);
#198=EDGE_CURVE('',#184,#192,#197,.T.);
#199=ORIENTED_EDGE('',*,*,#198,.T.);
#200=CARTESIAN_POINT('',(31.75,-49.775951481,0.));
#201=VERTEX_POINT('',#200);
#202=CARTESIAN_POINT('',(31.75,-49.775951481,0.));
#203=DIRECTION('',(0.,1.,0.));
#204=VECTOR('',#203,26.);
#205=LINE('',#202,#204);
#206=EDGE_CURVE('',#201,#192,#205,.T.);
#207=ORIENTED_EDGE('',*,*,#206,.F.);
#208=CARTESIAN_POINT('',(31.75,-51.775951481,2.));
#209=VERTEX_POINT('',#208);
#210=CARTESIAN_POINT('',(31.75,-49.775951481,2.));
#211=DIRECTION('',(-1.,-0.,-0.));
#212=DIRECTION('',(0.,0.,-1.));
#213=AXIS2_PLACEMENT_3D('',#210,#211,#212);
#214=CIRCLE('',#213,2.);
#215=EDGE_CURVE('',#201,#209,#214,.T.);
#216=ORIENTED_EDGE('',*,*,#215,.T.);
#217=CARTESIAN_POINT('',(31.75,-51.775951481,6.));
#218=VERTEX_POINT('',#217);
#219=CARTESIAN_POINT('',(31.75,-51.775951481,6.));
#220=DIRECTION('',(0.,0.,-1.));
#221=VECTOR('',#220,4.);
#222=LINE('',#219,#221);
#223=EDGE_CURVE('',#218,#209,#222,.T.);
#224=ORIENTED_EDGE('',*,*,#223,.F.);
#225=CARTESIAN_POINT('',(31.75,-53.775951481,8.));
#226=VERTEX_POINT('',#225);
#227=CARTESIAN_POINT('',(31.75,-53.775951481,6.));
#228=DIRECTION('',(1.,0.,0.));
#229=DIRECTION('',(0.,0.,-1.));
#230=AXIS2_PLACEMENT_3D('',#227,#228,#229);
#231=CIRCLE('',#230,2.);
#232=EDGE_CURVE('',#218,#226,#231,.T.);
#233=ORIENTED_EDGE('',*,*,#232,.T.);
#234=CARTESIAN_POINT('',(31.75,-98.025951481,8.));
#235=VERTEX_POINT('',#234);
#236=CARTESIAN_POINT('',(31.75,-98.025951481,8.));
#237=DIRECTION('',(0.,1.,0.));
#238=VECTOR('',#237,44.25);
#239=LINE('',#236,#238);
#240=EDGE_CURVE('',#235,#226,#239,.T.);
#241=ORIENTED_EDGE('',*,*,#240,.F.);
#242=CARTESIAN_POINT('',(31.75,-98.025951481,8.));
#243=DIRECTION('',(0.,0.,1.));
#244=VECTOR('',#243,12.);
#245=LINE('',#242,#244);
#246=EDGE_CURVE('',#235,#152,#245,.T.);
#247=ORIENTED_EDGE('',*,*,#246,.T.);
#248=EDGE_LOOP('',(#174,#182,#190,#199,#207,#216,#224,#233,#241,#247));
#249=FACE_BOUND('',#248,.T.);
#250=CARTESIAN_POINT('',(31.75,-30.442618147,6.2));
#251=VERTEX_POINT('',#250);
#252=CARTESIAN_POINT('',(31.75,-30.442618147,10.));
#253=DIRECTION('',(1.,0.,0.));
#254=DIRECTION('',(0.,0.,-1.));
#255=AXIS2_PLACEMENT_3D('',#252,#253,#254);
#256=CIRCLE('',#255,3.8);
#257=EDGE_CURVE('',#251,#251,#256,.T.);
#258=ORIENTED_EDGE('',*,*,#257,.T.);
#259=EDGE_LOOP('',(#258));
#260=FACE_BOUND('',#259,.T.);
#261=CARTESIAN_POINT('',(31.75,-43.109284814,6.2));
#262=VERTEX_POINT('',#261);
#263=CARTESIAN_POINT('',(31.75,-43.109284814,10.));
#264=DIRECTION('',(1.,0.,0.));
#265=DIRECTION('',(0.,0.,-1.));
#266=AXIS2_PLACEMENT_3D('',#263,#264,#265);
#267=CIRCLE('',#266,3.8);
#268=EDGE_CURVE('',#262,#262,#267,.T.);
#269=ORIENTED_EDGE('',*,*,#268,.T.);
#270=EDGE_LOOP('',(#269));
#271=FACE_BOUND('',#270,.T.);
#272=ADVANCED_FACE('',(#249,#260,#271),#173,.F.);
#273=CARTESIAN_POINT('',(36.75,-46.025951481,20.));
#274=DIRECTION('',(-1.,0.,0.));
#275=DIRECTION('',(0.,0.,1.));
#276=AXIS2_PLACEMENT_3D('',#273,#274,#275);
#277=PLANE('',#276);
#278=CARTESIAN_POINT('',(36.75,-21.775951481,18.));
#279=VERTEX_POINT('',#278);
#280=CARTESIAN_POINT('',(36.75,-21.775951481,2.));
#281=VERTEX_POINT('',#280);
#282=CARTESIAN_POINT('',(36.75,-21.775951481,18.));
#283=DIRECTION('',(0.,0.,-1.));
#284=VECTOR('',#283,16.);
#285=LINE('',#282,#284);
#286=EDGE_CURVE('',#279,#281,#285,.T.);
#287=ORIENTED_EDGE('',*,*,#286,.F.);
#288=CARTESIAN_POINT('',(36.75,-21.775951481,18.));
#289=DIRECTION('',(-0.,-0.707106781,0.707106781));
#290=VECTOR('',#289,2.828427125);
#291=LINE('',#288,#290);
#292=EDGE_CURVE('',#279,#136,#291,.T.);
#293=ORIENTED_EDGE('',*,*,#292,.T.);
#294=ORIENTED_EDGE('',*,*,#141,.F.);
#295=CARTESIAN_POINT('',(36.75,-98.025951481,8.));
#296=VERTEX_POINT('',#295);
#297=CARTESIAN_POINT('',(36.75,-98.025951481,20.));
#298=DIRECTION('',(0.,0.,-1.));
#299=VECTOR('',#298,12.);
#300=LINE('',#297,#299);
#301=EDGE_CURVE('',#127,#296,#300,.T.);
#302=ORIENTED_EDGE('',*,*,#301,.T.);
#303=CARTESIAN_POINT('',(36.75,-53.775951481,8.));
#304=VERTEX_POINT('',#303);
#305=CARTESIAN_POINT('',(36.75,-98.025951481,8.));
#306=DIRECTION('',(0.,1.,0.));
#307=VECTOR('',#306,44.25);
#308=LINE('',#305,#307);
#309=EDGE_CURVE('',#296,#304,#308,.T.);
#310=ORIENTED_EDGE('',*,*,#309,.T.);
#311=CARTESIAN_POINT('',(36.75,-51.775951481,6.));
#312=VERTEX_POINT('',#311);
#313=CARTESIAN_POINT('',(36.75,-53.775951481,6.));
#314=DIRECTION('',(-1.,0.,0.));
#315=DIRECTION('',(0.,0.,1.));
#316=AXIS2_PLACEMENT_3D('',#313,#314,#315);
#317=CIRCLE('',#316,2.);
#318=EDGE_CURVE('',#304,#312,#317,.T.);
#319=ORIENTED_EDGE('',*,*,#318,.T.);
#320=CARTESIAN_POINT('',(36.75,-51.775951481,2.));
#321=VERTEX_POINT('',#320);
#322=CARTESIAN_POINT('',(36.75,-51.775951481,6.));
#323=DIRECTION('',(0.,0.,-1.));
#324=VECTOR('',#323,4.);
#325=LINE('',#322,#324);
#326=EDGE_CURVE('',#312,#321,#325,.T.);
#327=ORIENTED_EDGE('',*,*,#326,.T.);
#328=CARTESIAN_POINT('',(36.75,-49.775951481,0.));
#329=VERTEX_POINT('',#328);
#330=CARTESIAN_POINT('',(36.75,-49.775951481,2.));
#331=DIRECTION('',(1.,-0.,-0.));
#332=DIRECTION('',(0.,0.,1.));
#333=AXIS2_PLACEMENT_3D('',#330,#331,#332);
#334=CIRCLE('',#333,2.);
#335=EDGE_CURVE('',#321,#329,#334,.T.);
#336=ORIENTED_EDGE('',*,*,#335,.T.);
#337=CARTESIAN_POINT('',(36.75,-23.775951481,0.));
#338=VERTEX_POINT('',#337);
#339=CARTESIAN_POINT('',(36.75,-49.775951481,0.));
#340=DIRECTION('',(0.,1.,0.));
#341=VECTOR('',#340,26.);
#342=LINE('',#339,#341);
#343=EDGE_CURVE('',#329,#338,#342,.T.);
#344=ORIENTED_EDGE('',*,*,#343,.T.);
#345=CARTESIAN_POINT('',(36.75,-23.775951481,2.));
#346=DIRECTION('',(1.,-0.,-0.));
#347=DIRECTION('',(0.,0.,1.));
#348=AXIS2_PLACEMENT_3D('',#345,#346,#347);
#349=CIRCLE('',#348,2.);
#350=EDGE_CURVE('',#338,#281,#349,.T.);
#351=ORIENTED_EDGE('',*,*,#350,.T.);
#352=EDGE_LOOP('',(#287,#293,#294,#302,#310,#319,#327,#336,#344,#351));
#353=FACE_BOUND('',#352,.T.);
#354=ADVANCED_FACE('',(#353),#277,.F.);
#355=CARTESIAN_POINT('',(36.25,-101.025951481,8.));
#356=DIRECTION('',(0.,0.,-1.));
#357=DIRECTION('',(-1.,0.,0.));
#358=AXIS2_PLACEMENT_3D('',#355,#356,#357);
#359=PLANE('',#358);
#360=ORIENTED_EDGE('',*,*,#240,.T.);
#361=CARTESIAN_POINT('',(31.75,-53.775951481,8.));
#362=DIRECTION('',(1.,0.,-0.));
#363=VECTOR('',#362,5.);
#364=LINE('',#361,#363);
#365=EDGE_CURVE('',#226,#304,#364,.T.);
#366=ORIENTED_EDGE('',*,*,#365,.T.);
#367=ORIENTED_EDGE('',*,*,#309,.F.);
#368=CARTESIAN_POINT('',(28.75,-106.025951481,8.));
#369=VERTEX_POINT('',#368);
#370=CARTESIAN_POINT('',(28.75,-98.025951481,8.));
#371=DIRECTION('',(0.,0.,-1.));
#372=DIRECTION('',(-1.,0.,0.));
#373=AXIS2_PLACEMENT_3D('',#370,#371,#372);
#374=CIRCLE('',#373,8.);
#375=EDGE_CURVE('',#296,#369,#374,.T.);
#376=ORIENTED_EDGE('',*,*,#375,.T.);
#377=CARTESIAN_POINT('',(17.,-106.025951481,8.));
#378=VERTEX_POINT('',#377);
#379=CARTESIAN_POINT('',(28.75,-106.025951481,8.));
#380=DIRECTION('',(-1.,0.,0.));
#381=VECTOR('',#380,11.75);
#382=LINE('',#379,#381);
#383=EDGE_CURVE('',#369,#378,#382,.T.);
#384=ORIENTED_EDGE('',*,*,#383,.T.);
#385=CARTESIAN_POINT('',(15.5,-107.525951481,8.));
#386=VERTEX_POINT('',#385);
#387=CARTESIAN_POINT('',(17.,-107.525951481,8.));
#388=DIRECTION('',(-0.,-0.,1.));
#389=DIRECTION('',(-1.,0.,0.));
#390=AXIS2_PLACEMENT_3D('',#387,#388,#389);
#391=CIRCLE('',#390,1.5);
#392=EDGE_CURVE('',#378,#386,#391,.T.);
#393=ORIENTED_EDGE('',*,*,#392,.T.);
#394=CARTESIAN_POINT('',(15.5,-106.025951481,8.));
#395=VERTEX_POINT('',#394);
#396=CARTESIAN_POINT('',(15.5,-106.025951481,8.));
#397=DIRECTION('',(0.,-1.,0.));
#398=VECTOR('',#397,1.5);
#399=LINE('',#396,#398);
#400=EDGE_CURVE('',#395,#386,#399,.T.);
#401=ORIENTED_EDGE('',*,*,#400,.F.);
#402=CARTESIAN_POINT('',(14.,-106.025951481,8.));
#403=VERTEX_POINT('',#402);
#404=CARTESIAN_POINT('',(15.5,-106.025951481,8.));
#405=DIRECTION('',(-1.,0.,0.));
#406=VECTOR('',#405,1.5);
#407=LINE('',#404,#406);
#408=EDGE_CURVE('',#395,#403,#407,.T.);
#409=ORIENTED_EDGE('',*,*,#408,.T.);
#410=CARTESIAN_POINT('',(14.,-101.025951481,8.));
#411=VERTEX_POINT('',#410);
#412=CARTESIAN_POINT('',(14.,-106.025951481,8.));
#413=DIRECTION('',(-0.,1.,-0.));
#414=VECTOR('',#413,5.);
#415=LINE('',#412,#414);
#416=EDGE_CURVE('',#403,#411,#415,.T.);
#417=ORIENTED_EDGE('',*,*,#416,.T.);
#418=CARTESIAN_POINT('',(28.75,-101.025951481,8.));
#419=VERTEX_POINT('',#418);
#420=CARTESIAN_POINT('',(28.75,-101.025951481,8.));
#421=DIRECTION('',(-1.,0.,0.));
#422=VECTOR('',#421,14.75);
#423=LINE('',#420,#422);
#424=EDGE_CURVE('',#419,#411,#423,.T.);
#425=ORIENTED_EDGE('',*,*,#424,.F.);
#426=CARTESIAN_POINT('',(28.75,-98.025951481,8.));
#427=DIRECTION('',(-0.,-0.,1.));
#428=DIRECTION('',(-1.,0.,0.));
#429=AXIS2_PLACEMENT_3D('',#426,#427,#428);
#430=CIRCLE('',#429,3.);
#431=EDGE_CURVE('',#419,#235,#430,.T.);
#432=ORIENTED_EDGE('',*,*,#431,.T.);
#433=EDGE_LOOP('',(#360,#366,#367,#376,#384,#393,#401,#409,#417,#425,#432));
#434=FACE_BOUND('',#433,.T.);
#435=ADVANCED_FACE('',(#434),#359,.T.);
#436=CARTESIAN_POINT('',(0.,-101.025951481,2.));
#437=DIRECTION('',(0.,-1.,0.));
#438=DIRECTION('',(0.,0.,-1.));
#439=AXIS2_PLACEMENT_3D('',#436,#437,#438);
#440=PLANE('',#439);
#441=CARTESIAN_POINT('',(0.,-101.025951481,2.));
#442=VERTEX_POINT('',#441);
#443=CARTESIAN_POINT('',(-5.629165125,-101.025951481,5.25));
#444=VERTEX_POINT('',#443);
#445=CARTESIAN_POINT('',(0.,-101.025951481,2.));
#446=DIRECTION('',(-0.866025404,0.,0.5));
#447=VECTOR('',#446,6.5);
#448=LINE('',#445,#447);
#449=EDGE_CURVE('',#442,#444,#448,.T.);
#450=ORIENTED_EDGE('',*,*,#449,.F.);
#451=CARTESIAN_POINT('',(5.629165125,-101.025951481,5.25));
#452=VERTEX_POINT('',#451);
#453=CARTESIAN_POINT('',(-0.,-101.025951481,2.));
#454=DIRECTION('',(0.866025404,0.,0.5));
#455=VECTOR('',#454,6.5);
#456=LINE('',#453,#455);
#457=EDGE_CURVE('',#442,#452,#456,.T.);
#458=ORIENTED_EDGE('',*,*,#457,.T.);
#459=CARTESIAN_POINT('',(5.629165125,-101.025951481,11.75));
#460=VERTEX_POINT('',#459);
#461=CARTESIAN_POINT('',(5.629165125,-101.025951481,5.25));
#462=DIRECTION('',(-0.,0.,1.));
#463=VECTOR('',#462,6.5);
#464=LINE('',#461,#463);
#465=EDGE_CURVE('',#452,#460,#464,.T.);
#466=ORIENTED_EDGE('',*,*,#465,.T.);
#467=CARTESIAN_POINT('',(0.,-101.025951481,15.));
#468=VERTEX_POINT('',#467);
#469=CARTESIAN_POINT('',(5.629165125,-101.025951481,11.75));
#470=DIRECTION('',(-0.866025404,0.,0.5));
#471=VECTOR('',#470,6.5);
#472=LINE('',#469,#471);
#473=EDGE_CURVE('',#460,#468,#472,.T.);
#474=ORIENTED_EDGE('',*,*,#473,.T.);
#475=CARTESIAN_POINT('',(-5.629165125,-101.025951481,11.75));
#476=VERTEX_POINT('',#475);
#477=CARTESIAN_POINT('',(-5.629165125,-101.025951481,11.75));
#478=DIRECTION('',(0.866025404,0.,0.5));
#479=VECTOR('',#478,6.5);
#480=LINE('',#477,#479);
#481=EDGE_CURVE('',#476,#468,#480,.T.);
#482=ORIENTED_EDGE('',*,*,#481,.F.);
#483=CARTESIAN_POINT('',(-5.629165125,-101.025951481,5.25));
#484=DIRECTION('',(0.,0.,1.));
#485=VECTOR('',#484,6.5);
#486=LINE('',#483,#485);
#487=EDGE_CURVE('',#444,#476,#486,.T.);
#488=ORIENTED_EDGE('',*,*,#487,.F.);
#489=EDGE_LOOP('',(#450,#458,#466,#474,#482,#488));
#490=FACE_BOUND('',#489,.T.);
#491=CARTESIAN_POINT('',(-8.,-101.025951481,-3.));
#492=VERTEX_POINT('',#491);
#493=CARTESIAN_POINT('',(8.,-101.025951481,-3.));
#494=VERTEX_POINT('',#493);
#495=CARTESIAN_POINT('',(-8.,-101.025951481,-3.));
#496=DIRECTION('',(1.,0.,0.));
#497=VECTOR('',#496,16.);
#498=LINE('',#495,#497);
#499=EDGE_CURVE('',#492,#494,#498,.T.);
#500=ORIENTED_EDGE('',*,*,#499,.F.);
#501=CARTESIAN_POINT('',(-11.,-101.025951481,0.));
#502=VERTEX_POINT('',#501);
#503=CARTESIAN_POINT('',(-8.,-101.025951481,0.));
#504=DIRECTION('',(-0.,-1.,-0.));
#505=DIRECTION('',(0.,0.,-1.));
#506=AXIS2_PLACEMENT_3D('',#503,#504,#505);
#507=CIRCLE('',#506,3.);
#508=EDGE_CURVE('',#502,#492,#507,.T.);
#509=ORIENTED_EDGE('',*,*,#508,.F.);
#510=CARTESIAN_POINT('',(-11.,-101.025951481,5.));
#511=VERTEX_POINT('',#510);
#512=CARTESIAN_POINT('',(-11.,-101.025951481,0.));
#513=DIRECTION('',(0.,0.,1.));
#514=VECTOR('',#513,5.);
#515=LINE('',#512,#514);
#516=EDGE_CURVE('',#502,#511,#515,.T.);
#517=ORIENTED_EDGE('',*,*,#516,.T.);
#518=CARTESIAN_POINT('',(-14.,-101.025951481,8.));
#519=VERTEX_POINT('',#518);
#520=CARTESIAN_POINT('',(-14.,-101.025951481,5.));
#521=DIRECTION('',(0.,1.,0.));
#522=DIRECTION('',(0.,0.,-1.));
#523=AXIS2_PLACEMENT_3D('',#520,#521,#522);
#524=CIRCLE('',#523,3.);
#525=EDGE_CURVE('',#519,#511,#524,.T.);
#526=ORIENTED_EDGE('',*,*,#525,.F.);
#527=CARTESIAN_POINT('',(-28.75,-101.025951481,8.));
#528=VERTEX_POINT('',#527);
#529=CARTESIAN_POINT('',(-28.75,-101.025951481,8.));
#530=DIRECTION('',(1.,0.,-0.));
#531=VECTOR('',#530,14.75);
#532=LINE('',#529,#531);
#533=EDGE_CURVE('',#528,#519,#532,.T.);
#534=ORIENTED_EDGE('',*,*,#533,.F.);
#535=CARTESIAN_POINT('',(-28.75,-101.025951481,20.));
#536=DIRECTION('',(-0.,-0.,-1.));
#537=VECTOR('',#536,12.);
#538=LINE('',#535,#537);
#539=EDGE_CURVE('',#33,#528,#538,.T.);
#540=ORIENTED_EDGE('',*,*,#539,.F.);
#541=ORIENTED_EDGE('',*,*,#40,.T.);
#542=CARTESIAN_POINT('',(28.75,-101.025951481,20.));
#543=DIRECTION('',(-0.,-0.,-1.));
#544=VECTOR('',#543,12.);
#545=LINE('',#542,#544);
#546=EDGE_CURVE('',#35,#419,#545,.T.);
#547=ORIENTED_EDGE('',*,*,#546,.T.);
#548=ORIENTED_EDGE('',*,*,#424,.T.);
#549=CARTESIAN_POINT('',(11.,-101.025951481,5.));
#550=VERTEX_POINT('',#549);
#551=CARTESIAN_POINT('',(14.,-101.025951481,5.));
#552=DIRECTION('',(0.,-1.,0.));
#553=DIRECTION('',(0.,0.,-1.));
#554=AXIS2_PLACEMENT_3D('',#551,#552,#553);
#555=CIRCLE('',#554,3.);
#556=EDGE_CURVE('',#411,#550,#555,.T.);
#557=ORIENTED_EDGE('',*,*,#556,.T.);
#558=CARTESIAN_POINT('',(11.,-101.025951481,0.));
#559=VERTEX_POINT('',#558);
#560=CARTESIAN_POINT('',(11.,-101.025951481,0.));
#561=DIRECTION('',(0.,0.,1.));
#562=VECTOR('',#561,5.);
#563=LINE('',#560,#562);
#564=EDGE_CURVE('',#559,#550,#563,.T.);
#565=ORIENTED_EDGE('',*,*,#564,.F.);
#566=CARTESIAN_POINT('',(8.,-101.025951481,0.));
#567=DIRECTION('',(-0.,1.,-0.));
#568=DIRECTION('',(0.,0.,-1.));
#569=AXIS2_PLACEMENT_3D('',#566,#567,#568);
#570=CIRCLE('',#569,3.);
#571=EDGE_CURVE('',#559,#494,#570,.T.);
#572=ORIENTED_EDGE('',*,*,#571,.T.);
#573=EDGE_LOOP('',(#500,#509,#517,#526,#534,#540,#541,#547,#548,#557,#565,#572));
#574=FACE_BOUND('',#573,.T.);
#575=ADVANCED_FACE('',(#490,#574),#440,.F.);
#576=CARTESIAN_POINT('',(0.,-106.025951481,2.));
#577=DIRECTION('',(0.,-1.,0.));
#578=DIRECTION('',(0.,0.,-1.));
#579=AXIS2_PLACEMENT_3D('',#576,#577,#578);
#580=PLANE('',#579);
#581=ORIENTED_EDGE('',*,*,#124,.F.);
#582=CARTESIAN_POINT('',(17.,-106.025951481,20.));
#583=DIRECTION('',(0.,-0.,-1.));
#584=VECTOR('',#583,12.);
#585=LINE('',#582,#584);
#586=EDGE_CURVE('',#110,#378,#585,.T.);
#587=ORIENTED_EDGE('',*,*,#586,.T.);
#588=ORIENTED_EDGE('',*,*,#383,.F.);
#589=CARTESIAN_POINT('',(28.75,-106.025951481,8.));
#590=DIRECTION('',(-0.,-0.,1.));
#591=VECTOR('',#590,12.);
#592=LINE('',#589,#591);
#593=EDGE_CURVE('',#369,#119,#592,.T.);
#594=ORIENTED_EDGE('',*,*,#593,.T.);
#595=EDGE_LOOP('',(#581,#587,#588,#594));
#596=FACE_BOUND('',#595,.T.);
#597=ADVANCED_FACE('',(#596),#580,.T.);
#598=CARTESIAN_POINT('',(11.,-101.025951481,8.));
#599=DIRECTION('',(1.,0.,0.));
#600=DIRECTION('',(0.,0.,-1.));
#601=AXIS2_PLACEMENT_3D('',#598,#599,#600);
#602=PLANE('',#601);
#603=CARTESIAN_POINT('',(11.,-106.025951481,0.));
#604=VERTEX_POINT('',#603);
#605=CARTESIAN_POINT('',(11.,-106.025951481,5.));
#606=VERTEX_POINT('',#605);
#607=CARTESIAN_POINT('',(11.,-106.025951481,0.));
#608=DIRECTION('',(0.,0.,1.));
#609=VECTOR('',#608,5.);
#610=LINE('',#607,#609);
#611=EDGE_CURVE('',#604,#606,#610,.T.);
#612=ORIENTED_EDGE('',*,*,#611,.F.);
#613=CARTESIAN_POINT('',(11.,-106.025951481,0.));
#614=DIRECTION('',(-0.,1.,-0.));
#615=VECTOR('',#614,5.);
#616=LINE('',#613,#615);
#617=EDGE_CURVE('',#604,#559,#616,.T.);
#618=ORIENTED_EDGE('',*,*,#617,.T.);
#619=ORIENTED_EDGE('',*,*,#564,.T.);
#620=CARTESIAN_POINT('',(11.,-101.025951481,5.));
#621=DIRECTION('',(0.,-1.,0.));
#622=VECTOR('',#621,5.);
#623=LINE('',#620,#622);
#624=EDGE_CURVE('',#550,#606,#623,.T.);
#625=ORIENTED_EDGE('',*,*,#624,.T.);
#626=EDGE_LOOP('',(#612,#618,#619,#625));
#627=FACE_BOUND('',#626,.T.);
#628=ADVANCED_FACE('',(#627),#602,.T.);
#629=CARTESIAN_POINT('',(0.,-101.025951481,-3.));
#630=DIRECTION('',(0.,0.,-1.));
#631=DIRECTION('',(-1.,0.,-0.));
#632=AXIS2_PLACEMENT_3D('',#629,#630,#631);
#633=PLANE('',#632);
#634=CARTESIAN_POINT('',(-14.,-107.525951481,-3.));
#635=VERTEX_POINT('',#634);
#636=CARTESIAN_POINT('',(14.,-107.525951481,-3.));
#637=VERTEX_POINT('',#636);
#638=CARTESIAN_POINT('',(-14.,-107.525951481,-3.));
#639=DIRECTION('',(1.,0.,0.));
#640=VECTOR('',#639,28.);
#641=LINE('',#638,#640);
#642=EDGE_CURVE('',#635,#637,#641,.T.);
#643=ORIENTED_EDGE('',*,*,#642,.F.);
#644=CARTESIAN_POINT('',(-14.,-106.025951481,-3.));
#645=VERTEX_POINT('',#644);
#646=CARTESIAN_POINT('',(-14.,-106.025951481,-3.));
#647=DIRECTION('',(-0.,-1.,-0.));
#648=VECTOR('',#647,1.5);
#649=LINE('',#646,#648);
#650=EDGE_CURVE('',#645,#635,#649,.T.);
#651=ORIENTED_EDGE('',*,*,#650,.F.);
#652=CARTESIAN_POINT('',(-8.,-106.025951481,-3.));
#653=VERTEX_POINT('',#652);
#654=CARTESIAN_POINT('',(-8.,-106.025951481,-3.));
#655=DIRECTION('',(-1.,0.,0.));
#656=VECTOR('',#655,6.);
#657=LINE('',#654,#656);
#658=EDGE_CURVE('',#653,#645,#657,.T.);
#659=ORIENTED_EDGE('',*,*,#658,.F.);
#660=CARTESIAN_POINT('',(-8.,-101.025951481,-3.));
#661=DIRECTION('',(0.,-1.,0.));
#662=VECTOR('',#661,5.);
#663=LINE('',#660,#662);
#664=EDGE_CURVE('',#492,#653,#663,.T.);
#665=ORIENTED_EDGE('',*,*,#664,.F.);
#666=ORIENTED_EDGE('',*,*,#499,.T.);
#667=CARTESIAN_POINT('',(8.,-106.025951481,-3.));
#668=VERTEX_POINT('',#667);
#669=CARTESIAN_POINT('',(8.,-101.025951481,-3.));
#670=DIRECTION('',(0.,-1.,0.));
#671=VECTOR('',#670,5.);
#672=LINE('',#669,#671);
#673=EDGE_CURVE('',#494,#668,#672,.T.);
#674=ORIENTED_EDGE('',*,*,#673,.T.);
#675=CARTESIAN_POINT('',(14.,-106.025951481,-3.));
#676=VERTEX_POINT('',#675);
#677=CARTESIAN_POINT('',(8.,-106.025951481,-3.));
#678=DIRECTION('',(1.,0.,0.));
#679=VECTOR('',#678,6.);
#680=LINE('',#677,#679);
#681=EDGE_CURVE('',#668,#676,#680,.T.);
#682=ORIENTED_EDGE('',*,*,#681,.T.);
#683=CARTESIAN_POINT('',(14.,-106.025951481,-3.));
#684=DIRECTION('',(-0.,-1.,-0.));
#685=VECTOR('',#684,1.5);
#686=LINE('',#683,#685);
#687=EDGE_CURVE('',#676,#637,#686,.T.);
#688=ORIENTED_EDGE('',*,*,#687,.T.);
#689=EDGE_LOOP('',(#643,#651,#659,#665,#666,#674,#682,#688));
#690=FACE_BOUND('',#689,.T.);
#691=ADVANCED_FACE('',(#690),#633,.T.);
#692=CARTESIAN_POINT('',(2.814582562,-94.725951481,3.625));
#693=DIRECTION('',(0.5,0.,-0.866025404));
#694=DIRECTION('',(-0.866025404,0.,-0.5));
#695=AXIS2_PLACEMENT_3D('',#692,#693,#694);
#696=PLANE('',#695);
#697=CARTESIAN_POINT('',(0.,-106.025951481,2.));
#698=VERTEX_POINT('',#697);
#699=CARTESIAN_POINT('',(0.,-101.025951481,2.));
#700=DIRECTION('',(0.,-1.,0.));
#701=VECTOR('',#700,5.);
#702=LINE('',#699,#701);
#703=EDGE_CURVE('',#442,#698,#702,.T.);
#704=ORIENTED_EDGE('',*,*,#703,.T.);
#705=CARTESIAN_POINT('',(5.629165125,-106.025951481,5.25));
#706=VERTEX_POINT('',#705);
#707=CARTESIAN_POINT('',(0.,-106.025951481,2.));
#708=DIRECTION('',(0.866025404,0.,0.5));
#709=VECTOR('',#708,6.5);
#710=LINE('',#707,#709);
#711=EDGE_CURVE('',#698,#706,#710,.T.);
#712=ORIENTED_EDGE('',*,*,#711,.T.);
#713=CARTESIAN_POINT('',(5.629165125,-101.025951481,5.25));
#714=DIRECTION('',(0.,-1.,0.));
#715=VECTOR('',#714,5.);
#716=LINE('',#713,#715);
#717=EDGE_CURVE('',#452,#706,#716,.T.);
#718=ORIENTED_EDGE('',*,*,#717,.F.);
#719=ORIENTED_EDGE('',*,*,#457,.F.);
#720=EDGE_LOOP('',(#704,#712,#718,#719));
#721=FACE_BOUND('',#720,.T.);
#722=ADVANCED_FACE('',(#721),#696,.F.);
#723=CARTESIAN_POINT('',(5.629165125,-94.725951481,8.5));
#724=DIRECTION('',(1.,0.,0.));
#725=DIRECTION('',(0.,0.,-1.));
#726=AXIS2_PLACEMENT_3D('',#723,#724,#725);
#727=PLANE('',#726);
#728=ORIENTED_EDGE('',*,*,#717,.T.);
#729=CARTESIAN_POINT('',(5.629165125,-106.025951481,11.75));
#730=VERTEX_POINT('',#729);
#731=CARTESIAN_POINT('',(5.629165125,-106.025951481,5.25));
#732=DIRECTION('',(-0.,0.,1.));
#733=VECTOR('',#732,6.5);
#734=LINE('',#731,#733);
#735=EDGE_CURVE('',#706,#730,#734,.T.);
#736=ORIENTED_EDGE('',*,*,#735,.T.);
#737=CARTESIAN_POINT('',(5.629165125,-101.025951481,11.75));
#738=DIRECTION('',(0.,-1.,0.));
#739=VECTOR('',#738,5.);
#740=LINE('',#737,#739);
#741=EDGE_CURVE('',#460,#730,#740,.T.);
#742=ORIENTED_EDGE('',*,*,#741,.F.);
#743=ORIENTED_EDGE('',*,*,#465,.F.);
#744=EDGE_LOOP('',(#728,#736,#742,#743));
#745=FACE_BOUND('',#744,.T.);
#746=ADVANCED_FACE('',(#745),#727,.F.);
#747=CARTESIAN_POINT('',(2.814582562,-94.725951481,13.375));
#748=DIRECTION('',(0.5,0.,0.866025404));
#749=DIRECTION('',(0.866025404,0.,-0.5));
#750=AXIS2_PLACEMENT_3D('',#747,#748,#749);
#751=PLANE('',#750);
#752=ORIENTED_EDGE('',*,*,#741,.T.);
#753=CARTESIAN_POINT('',(0.,-106.025951481,15.));
#754=VERTEX_POINT('',#753);
#755=CARTESIAN_POINT('',(5.629165125,-106.025951481,11.75));
#756=DIRECTION('',(-0.866025404,0.,0.5));
#757=VECTOR('',#756,6.5);
#758=LINE('',#755,#757);
#759=EDGE_CURVE('',#730,#754,#758,.T.);
#760=ORIENTED_EDGE('',*,*,#759,.T.);
#761=CARTESIAN_POINT('',(-0.,-101.025951481,15.));
#762=DIRECTION('',(0.,-1.,0.));
#763=VECTOR('',#762,5.);
#764=LINE('',#761,#763);
#765=EDGE_CURVE('',#468,#754,#764,.T.);
#766=ORIENTED_EDGE('',*,*,#765,.F.);
#767=ORIENTED_EDGE('',*,*,#473,.F.);
#768=EDGE_LOOP('',(#752,#760,#766,#767));
#769=FACE_BOUND('',#768,.T.);
#770=ADVANCED_FACE('',(#769),#751,.F.);
#771=CARTESIAN_POINT('',(8.,-101.025951481,0.));
#772=DIRECTION('',(0.,-1.,0.));
#773=DIRECTION('',(0.,0.,-1.));
#774=AXIS2_PLACEMENT_3D('',#771,#772,#773);
#775=CYLINDRICAL_SURFACE('',#774,3.);
#776=ORIENTED_EDGE('',*,*,#571,.F.);
#777=ORIENTED_EDGE('',*,*,#617,.F.);
#778=CARTESIAN_POINT('',(8.,-106.025951481,0.));
#779=DIRECTION('',(0.,-1.,0.));
#780=DIRECTION('',(0.,0.,-1.));
#781=AXIS2_PLACEMENT_3D('',#778,#779,#780);
#782=CIRCLE('',#781,3.);
#783=EDGE_CURVE('',#668,#604,#782,.T.);
#784=ORIENTED_EDGE('',*,*,#783,.F.);
#785=ORIENTED_EDGE('',*,*,#673,.F.);
#786=EDGE_LOOP('',(#776,#777,#784,#785));
#787=FACE_BOUND('',#786,.T.);
#788=ADVANCED_FACE('',(#787),#775,.T.);
#789=CARTESIAN_POINT('',(14.,-101.025951481,5.));
#790=DIRECTION('',(0.,1.,0.));
#791=DIRECTION('',(0.,-0.,1.));
#792=AXIS2_PLACEMENT_3D('',#789,#790,#791);
#793=CYLINDRICAL_SURFACE('',#792,3.);
#794=ORIENTED_EDGE('',*,*,#556,.F.);
#795=ORIENTED_EDGE('',*,*,#416,.F.);
#796=CARTESIAN_POINT('',(14.,-106.025951481,5.));
#797=DIRECTION('',(-0.,1.,-0.));
#798=DIRECTION('',(0.,0.,-1.));
#799=AXIS2_PLACEMENT_3D('',#796,#797,#798);
#800=CIRCLE('',#799,3.);
#801=EDGE_CURVE('',#606,#403,#800,.T.);
#802=ORIENTED_EDGE('',*,*,#801,.F.);
#803=ORIENTED_EDGE('',*,*,#624,.F.);
#804=EDGE_LOOP('',(#794,#795,#802,#803));
#805=FACE_BOUND('',#804,.T.);
#806=ADVANCED_FACE('',(#805),#793,.F.);
#807=CARTESIAN_POINT('',(28.75,-98.025951481,20.));
#808=DIRECTION('',(0.,0.,-1.));
#809=DIRECTION('',(-1.,0.,0.));
#810=AXIS2_PLACEMENT_3D('',#807,#808,#809);
#811=CYLINDRICAL_SURFACE('',#810,3.);
#812=ORIENTED_EDGE('',*,*,#431,.F.);
#813=ORIENTED_EDGE('',*,*,#546,.F.);
#814=ORIENTED_EDGE('',*,*,#164,.F.);
#815=ORIENTED_EDGE('',*,*,#246,.F.);
#816=EDGE_LOOP('',(#812,#813,#814,#815));
#817=FACE_BOUND('',#816,.T.);
#818=ADVANCED_FACE('',(#817),#811,.F.);
#819=CARTESIAN_POINT('',(28.75,-98.025951481,20.));
#820=DIRECTION('',(0.,0.,1.));
#821=DIRECTION('',(1.,0.,-0.));
#822=AXIS2_PLACEMENT_3D('',#819,#820,#821);
#823=CYLINDRICAL_SURFACE('',#822,8.);
#824=ORIENTED_EDGE('',*,*,#133,.F.);
#825=ORIENTED_EDGE('',*,*,#593,.F.);
#826=ORIENTED_EDGE('',*,*,#375,.F.);
#827=ORIENTED_EDGE('',*,*,#301,.F.);
#828=EDGE_LOOP('',(#824,#825,#826,#827));
#829=FACE_BOUND('',#828,.T.);
#830=ADVANCED_FACE('',(#829),#823,.T.);
#831=CARTESIAN_POINT('',(0.,-107.525951481,2.));
#832=DIRECTION('',(0.,-1.,0.));
#833=DIRECTION('',(0.,0.,-1.));
#834=AXIS2_PLACEMENT_3D('',#831,#832,#833);
#835=PLANE('',#834);
#836=CARTESIAN_POINT('',(0.,-107.525951481,5.25));
#837=VERTEX_POINT('',#836);
#838=CARTESIAN_POINT('',(0.,-107.525951481,8.5));
#839=DIRECTION('',(0.,-1.,0.));
#840=DIRECTION('',(0.,0.,-1.));
#841=AXIS2_PLACEMENT_3D('',#838,#839,#840);
#842=CIRCLE('',#841,3.25);
#843=EDGE_CURVE('',#837,#837,#842,.T.);
#844=ORIENTED_EDGE('',*,*,#843,.F.);
#845=EDGE_LOOP('',(#844));
#846=FACE_BOUND('',#845,.T.);
#847=CARTESIAN_POINT('',(-15.5,-107.525951481,-1.5));
#848=VERTEX_POINT('',#847);
#849=CARTESIAN_POINT('',(-14.,-107.525951481,-1.5));
#850=DIRECTION('',(0.,1.,0.));
#851=DIRECTION('',(0.,0.,-1.));
#852=AXIS2_PLACEMENT_3D('',#849,#850,#851);
#853=CIRCLE('',#852,1.5);
#854=EDGE_CURVE('',#635,#848,#853,.T.);
#855=ORIENTED_EDGE('',*,*,#854,.F.);
#856=ORIENTED_EDGE('',*,*,#642,.T.);
#857=CARTESIAN_POINT('',(15.5,-107.525951481,-1.5));
#858=VERTEX_POINT('',#857);
#859=CARTESIAN_POINT('',(14.,-107.525951481,-1.5));
#860=DIRECTION('',(0.,-1.,0.));
#861=DIRECTION('',(0.,0.,-1.));
#862=AXIS2_PLACEMENT_3D('',#859,#860,#861);
#863=CIRCLE('',#862,1.5);
#864=EDGE_CURVE('',#637,#858,#863,.T.);
#865=ORIENTED_EDGE('',*,*,#864,.T.);
#866=CARTESIAN_POINT('',(15.5,-107.525951481,-1.5));
#867=DIRECTION('',(-0.,0.,1.));
#868=VECTOR('',#867,9.5);
#869=LINE('',#866,#868);
#870=EDGE_CURVE('',#858,#386,#869,.T.);
#871=ORIENTED_EDGE('',*,*,#870,.T.);
#872=CARTESIAN_POINT('',(15.5,-107.525951481,8.));
#873=DIRECTION('',(-0.,0.,1.));
#874=VECTOR('',#873,12.);
#875=LINE('',#872,#874);
#876=EDGE_CURVE('',#386,#102,#875,.T.);
#877=ORIENTED_EDGE('',*,*,#876,.T.);
#878=ORIENTED_EDGE('',*,*,#107,.T.);
#879=CARTESIAN_POINT('',(-15.5,-107.525951481,8.));
#880=VERTEX_POINT('',#879);
#881=CARTESIAN_POINT('',(-15.5,-107.525951481,8.));
#882=DIRECTION('',(0.,0.,1.));
#883=VECTOR('',#882,12.);
#884=LINE('',#881,#883);
#885=EDGE_CURVE('',#880,#93,#884,.T.);
#886=ORIENTED_EDGE('',*,*,#885,.F.);
#887=CARTESIAN_POINT('',(-15.5,-107.525951481,-1.5));
#888=DIRECTION('',(0.,0.,1.));
#889=VECTOR('',#888,9.5);
#890=LINE('',#887,#889);
#891=EDGE_CURVE('',#848,#880,#890,.T.);
#892=ORIENTED_EDGE('',*,*,#891,.F.);
#893=EDGE_LOOP('',(#855,#856,#865,#871,#877,#878,#886,#892));
#894=FACE_BOUND('',#893,.T.);
#895=ADVANCED_FACE('',(#846,#894),#835,.T.);
#896=CARTESIAN_POINT('',(15.5,-107.525951481,8.5));
#897=DIRECTION('',(-1.,0.,-0.));
#898=DIRECTION('',(-0.,0.,1.));
#899=AXIS2_PLACEMENT_3D('',#896,#897,#898);
#900=PLANE('',#899);
#901=ORIENTED_EDGE('',*,*,#870,.F.);
#902=CARTESIAN_POINT('',(15.5,-106.025951481,-1.5));
#903=VERTEX_POINT('',#902);
#904=CARTESIAN_POINT('',(15.5,-107.525951481,-1.5));
#905=DIRECTION('',(0.,1.,0.));
#906=VECTOR('',#905,1.5);
#907=LINE('',#904,#906);
#908=EDGE_CURVE('',#858,#903,#907,.T.);
#909=ORIENTED_EDGE('',*,*,#908,.T.);
#910=CARTESIAN_POINT('',(15.5,-106.025951481,-1.5));
#911=DIRECTION('',(-0.,0.,1.));
#912=VECTOR('',#911,9.5);
#913=LINE('',#910,#912);
#914=EDGE_CURVE('',#903,#395,#913,.T.);
#915=ORIENTED_EDGE('',*,*,#914,.T.);
#916=ORIENTED_EDGE('',*,*,#400,.T.);
#917=EDGE_LOOP('',(#901,#909,#915,#916));
#918=FACE_BOUND('',#917,.T.);
#919=ADVANCED_FACE('',(#918),#900,.F.);
#920=CARTESIAN_POINT('',(0.,-106.025951481,2.));
#921=DIRECTION('',(0.,-1.,0.));
#922=DIRECTION('',(0.,0.,-1.));
#923=AXIS2_PLACEMENT_3D('',#920,#921,#922);
#924=PLANE('',#923);
#925=ORIENTED_EDGE('',*,*,#914,.F.);
#926=CARTESIAN_POINT('',(14.,-106.025951481,-1.5));
#927=DIRECTION('',(-0.,1.,-0.));
#928=DIRECTION('',(0.,0.,-1.));
#929=AXIS2_PLACEMENT_3D('',#926,#927,#928);
#930=CIRCLE('',#929,1.5);
#931=EDGE_CURVE('',#903,#676,#930,.T.);
#932=ORIENTED_EDGE('',*,*,#931,.T.);
#933=ORIENTED_EDGE('',*,*,#681,.F.);
#934=ORIENTED_EDGE('',*,*,#783,.T.);
#935=ORIENTED_EDGE('',*,*,#611,.T.);
#936=ORIENTED_EDGE('',*,*,#801,.T.);
#937=ORIENTED_EDGE('',*,*,#408,.F.);
#938=EDGE_LOOP('',(#925,#932,#933,#934,#935,#936,#937));
#939=FACE_BOUND('',#938,.T.);
#940=ADVANCED_FACE('',(#939),#924,.F.);
#941=CARTESIAN_POINT('',(0.,-106.025951481,2.));
#942=DIRECTION('',(0.,-1.,0.));
#943=DIRECTION('',(0.,0.,-1.));
#944=AXIS2_PLACEMENT_3D('',#941,#942,#943);
#945=PLANE('',#944);
#946=CARTESIAN_POINT('',(0.,-106.025951481,5.25));
#947=VERTEX_POINT('',#946);
#948=CARTESIAN_POINT('',(0.,-106.025951481,8.5));
#949=DIRECTION('',(0.,-1.,0.));
#950=DIRECTION('',(0.,0.,-1.));
#951=AXIS2_PLACEMENT_3D('',#948,#949,#950);
#952=CIRCLE('',#951,3.25);
#953=EDGE_CURVE('',#947,#947,#952,.T.);
#954=ORIENTED_EDGE('',*,*,#953,.T.);
#955=EDGE_LOOP('',(#954));
#956=FACE_BOUND('',#955,.T.);
#957=ORIENTED_EDGE('',*,*,#711,.F.);
#958=CARTESIAN_POINT('',(-5.629165125,-106.025951481,5.25));
#959=VERTEX_POINT('',#958);
#960=CARTESIAN_POINT('',(-0.,-106.025951481,2.));
#961=DIRECTION('',(-0.866025404,0.,0.5));
#962=VECTOR('',#961,6.5);
#963=LINE('',#960,#962);
#964=EDGE_CURVE('',#698,#959,#963,.T.);
#965=ORIENTED_EDGE('',*,*,#964,.T.);
#966=CARTESIAN_POINT('',(-5.629165125,-106.025951481,11.75));
#967=VERTEX_POINT('',#966);
#968=CARTESIAN_POINT('',(-5.629165125,-106.025951481,5.25));
#969=DIRECTION('',(0.,0.,1.));
#970=VECTOR('',#969,6.5);
#971=LINE('',#968,#970);
#972=EDGE_CURVE('',#959,#967,#971,.T.);
#973=ORIENTED_EDGE('',*,*,#972,.T.);
#974=CARTESIAN_POINT('',(-5.629165125,-106.025951481,11.75));
#975=DIRECTION('',(0.866025404,0.,0.5));
#976=VECTOR('',#975,6.5);
#977=LINE('',#974,#976);
#978=EDGE_CURVE('',#967,#754,#977,.T.);
#979=ORIENTED_EDGE('',*,*,#978,.T.);
#980=ORIENTED_EDGE('',*,*,#759,.F.);
#981=ORIENTED_EDGE('',*,*,#735,.F.);
#982=EDGE_LOOP('',(#957,#965,#973,#979,#980,#981));
#983=FACE_BOUND('',#982,.T.);
#984=ADVANCED_FACE('',(#956,#983),#945,.F.);
#985=CARTESIAN_POINT('',(0.,-102.925951481,8.5));
#986=DIRECTION('',(0.,-1.,0.));
#987=DIRECTION('',(0.,0.,-1.));
#988=AXIS2_PLACEMENT_3D('',#985,#986,#987);
#989=CYLINDRICAL_SURFACE('',#988,3.25);
#990=CARTESIAN_POINT('',(0.,-107.525951481,5.25));
#991=DIRECTION('',(-0.,1.,-0.));
#992=VECTOR('',#991,1.5);
#993=LINE('',#990,#992);
#994=EDGE_CURVE('',#837,#947,#993,.T.);
#995=ORIENTED_EDGE('',*,*,#994,.F.);
#996=ORIENTED_EDGE('',*,*,#843,.T.);
#997=ORIENTED_EDGE('',*,*,#994,.T.);
#998=ORIENTED_EDGE('',*,*,#953,.F.);
#999=EDGE_LOOP('',(#995,#996,#997,#998));
#1000=FACE_BOUND('',#999,.T.);
#1001=ADVANCED_FACE('',(#1000),#989,.F.);
#1002=CARTESIAN_POINT('',(17.,-107.525951481,8.5));
#1003=DIRECTION('',(-0.,0.,1.));
#1004=DIRECTION('',(1.,0.,0.));
#1005=AXIS2_PLACEMENT_3D('',#1002,#1003,#1004);
#1006=CYLINDRICAL_SURFACE('',#1005,1.5);
#1007=ORIENTED_EDGE('',*,*,#392,.F.);
#1008=ORIENTED_EDGE('',*,*,#586,.F.);
#1009=ORIENTED_EDGE('',*,*,#116,.F.);
#1010=ORIENTED_EDGE('',*,*,#876,.F.);
#1011=EDGE_LOOP('',(#1007,#1008,#1009,#1010));
#1012=FACE_BOUND('',#1011,.T.);
#1013=ADVANCED_FACE('',(#1012),#1006,.F.);
#1014=CARTESIAN_POINT('',(14.,-107.525951481,-1.5));
#1015=DIRECTION('',(0.,-1.,0.));
#1016=DIRECTION('',(0.,0.,-1.));
#1017=AXIS2_PLACEMENT_3D('',#1014,#1015,#1016);
#1018=CYLINDRICAL_SURFACE('',#1017,1.5);
#1019=ORIENTED_EDGE('',*,*,#864,.F.);
#1020=ORIENTED_EDGE('',*,*,#687,.F.);
#1021=ORIENTED_EDGE('',*,*,#931,.F.);
#1022=ORIENTED_EDGE('',*,*,#908,.F.);
#1023=EDGE_LOOP('',(#1019,#1020,#1021,#1022));
#1024=FACE_BOUND('',#1023,.T.);
#1025=ADVANCED_FACE('',(#1024),#1018,.T.);
#1026=CARTESIAN_POINT('',(31.75,-51.775951481,10.));
#1027=DIRECTION('',(0.,-1.,0.));
#1028=DIRECTION('',(0.,0.,-1.));
#1029=AXIS2_PLACEMENT_3D('',#1026,#1027,#1028);
#1030=PLANE('',#1029);
#1031=ORIENTED_EDGE('',*,*,#223,.T.);
#1032=CARTESIAN_POINT('',(31.75,-51.775951481,2.));
#1033=DIRECTION('',(1.,0.,-0.));
#1034=VECTOR('',#1033,5.);
#1035=LINE('',#1032,#1034);
#1036=EDGE_CURVE('',#209,#321,#1035,.T.);
#1037=ORIENTED_EDGE('',*,*,#1036,.T.);
#1038=ORIENTED_EDGE('',*,*,#326,.F.);
#1039=CARTESIAN_POINT('',(36.75,-51.775951481,6.));
#1040=DIRECTION('',(-1.,-0.,0.));
#1041=VECTOR('',#1040,5.);
#1042=LINE('',#1039,#1041);
#1043=EDGE_CURVE('',#312,#218,#1042,.T.);
#1044=ORIENTED_EDGE('',*,*,#1043,.T.);
#1045=EDGE_LOOP('',(#1031,#1037,#1038,#1044));
#1046=FACE_BOUND('',#1045,.T.);
#1047=ADVANCED_FACE('',(#1046),#1030,.T.);
#1048=CARTESIAN_POINT('',(31.75,-53.775951481,0.));
#1049=DIRECTION('',(0.,0.,-1.));
#1050=DIRECTION('',(-1.,0.,0.));
#1051=AXIS2_PLACEMENT_3D('',#1048,#1049,#1050);
#1052=PLANE('',#1051);
#1053=ORIENTED_EDGE('',*,*,#206,.T.);
#1054=CARTESIAN_POINT('',(31.75,-23.775951481,0.));
#1055=DIRECTION('',(1.,0.,-0.));
#1056=VECTOR('',#1055,5.);
#1057=LINE('',#1054,#1056);
#1058=EDGE_CURVE('',#192,#338,#1057,.T.);
#1059=ORIENTED_EDGE('',*,*,#1058,.T.);
#1060=ORIENTED_EDGE('',*,*,#343,.F.);
#1061=CARTESIAN_POINT('',(36.75,-49.775951481,0.));
#1062=DIRECTION('',(-1.,-0.,0.));
#1063=VECTOR('',#1062,5.);
#1064=LINE('',#1061,#1063);
#1065=EDGE_CURVE('',#329,#201,#1064,.T.);
#1066=ORIENTED_EDGE('',*,*,#1065,.T.);
#1067=EDGE_LOOP('',(#1053,#1059,#1060,#1066));
#1068=FACE_BOUND('',#1067,.T.);
#1069=ADVANCED_FACE('',(#1068),#1052,.T.);
#1070=CARTESIAN_POINT('',(31.75,-21.775951481,10.));
#1071=DIRECTION('',(0.,-1.,0.));
#1072=DIRECTION('',(0.,0.,-1.));
#1073=AXIS2_PLACEMENT_3D('',#1070,#1071,#1072);
#1074=PLANE('',#1073);
#1075=ORIENTED_EDGE('',*,*,#189,.F.);
#1076=CARTESIAN_POINT('',(31.75,-21.775951481,18.));
#1077=DIRECTION('',(1.,0.,-0.));
#1078=VECTOR('',#1077,5.);
#1079=LINE('',#1076,#1078);
#1080=EDGE_CURVE('',#176,#279,#1079,.T.);
#1081=ORIENTED_EDGE('',*,*,#1080,.T.);
#1082=ORIENTED_EDGE('',*,*,#286,.T.);
#1083=CARTESIAN_POINT('',(36.75,-21.775951481,2.));
#1084=DIRECTION('',(-1.,-0.,0.));
#1085=VECTOR('',#1084,5.);
#1086=LINE('',#1083,#1085);
#1087=EDGE_CURVE('',#281,#184,#1086,.T.);
#1088=ORIENTED_EDGE('',*,*,#1087,.T.);
#1089=EDGE_LOOP('',(#1075,#1081,#1082,#1088));
#1090=FACE_BOUND('',#1089,.T.);
#1091=ADVANCED_FACE('',(#1090),#1074,.F.);
#1092=CARTESIAN_POINT('',(28.75,-43.109284814,10.));
#1093=DIRECTION('',(1.,0.,0.));
#1094=DIRECTION('',(0.,0.,-1.));
#1095=AXIS2_PLACEMENT_3D('',#1092,#1093,#1094);
#1096=CYLINDRICAL_SURFACE('',#1095,3.8);
#1097=CARTESIAN_POINT('',(29.75,-43.109284814,6.2));
#1098=VERTEX_POINT('',#1097);
#1099=CARTESIAN_POINT('',(31.75,-43.109284814,6.2));
#1100=DIRECTION('',(-1.,-0.,0.));
#1101=VECTOR('',#1100,2.);
#1102=LINE('',#1099,#1101);
#1103=EDGE_CURVE('',#262,#1098,#1102,.T.);
#1104=ORIENTED_EDGE('',*,*,#1103,.T.);
#1105=CARTESIAN_POINT('',(29.75,-43.109284814,10.));
#1106=DIRECTION('',(1.,0.,0.));
#1107=DIRECTION('',(0.,0.,-1.));
#1108=AXIS2_PLACEMENT_3D('',#1105,#1106,#1107);
#1109=CIRCLE('',#1108,3.8);
#1110=EDGE_CURVE('',#1098,#1098,#1109,.T.);
#1111=ORIENTED_EDGE('',*,*,#1110,.T.);
#1112=ORIENTED_EDGE('',*,*,#1103,.F.);
#1113=ORIENTED_EDGE('',*,*,#268,.F.);
#1114=EDGE_LOOP('',(#1104,#1111,#1112,#1113));
#1115=FACE_BOUND('',#1114,.T.);
#1116=ADVANCED_FACE('',(#1115),#1096,.T.);
#1117=CARTESIAN_POINT('',(28.75,-46.025951481,18.));
#1118=DIRECTION('',(1.,0.,0.));
#1119=DIRECTION('',(0.,0.,-1.));
#1120=AXIS2_PLACEMENT_3D('',#1117,#1118,#1119);
#1121=PLANE('',#1120);
#1122=CARTESIAN_POINT('',(28.75,-43.109284814,7.2));
#1123=VERTEX_POINT('',#1122);
#1124=CARTESIAN_POINT('',(28.75,-43.109284814,10.));
#1125=DIRECTION('',(-1.,-0.,-0.));
#1126=DIRECTION('',(0.,0.,-1.));
#1127=AXIS2_PLACEMENT_3D('',#1124,#1125,#1126);
#1128=CIRCLE('',#1127,2.8);
#1129=EDGE_CURVE('',#1123,#1123,#1128,.T.);
#1130=ORIENTED_EDGE('',*,*,#1129,.T.);
#1131=EDGE_LOOP('',(#1130));
#1132=FACE_BOUND('',#1131,.T.);
#1133=ADVANCED_FACE('',(#1132),#1121,.F.);
#1134=CARTESIAN_POINT('',(28.75,-30.442618147,10.));
#1135=DIRECTION('',(1.,0.,0.));
#1136=DIRECTION('',(0.,0.,-1.));
#1137=AXIS2_PLACEMENT_3D('',#1134,#1135,#1136);
#1138=CYLINDRICAL_SURFACE('',#1137,3.8);
#1139=CARTESIAN_POINT('',(29.75,-30.442618147,6.2));
#1140=VERTEX_POINT('',#1139);
#1141=CARTESIAN_POINT('',(31.75,-30.442618147,6.2));
#1142=DIRECTION('',(-1.,-0.,0.));
#1143=VECTOR('',#1142,2.);
#1144=LINE('',#1141,#1143);
#1145=EDGE_CURVE('',#251,#1140,#1144,.T.);
#1146=ORIENTED_EDGE('',*,*,#1145,.T.);
#1147=CARTESIAN_POINT('',(29.75,-30.442618147,10.));
#1148=DIRECTION('',(1.,0.,0.));
#1149=DIRECTION('',(0.,0.,-1.));
#1150=AXIS2_PLACEMENT_3D('',#1147,#1148,#1149);
#1151=CIRCLE('',#1150,3.8);
#1152=EDGE_CURVE('',#1140,#1140,#1151,.T.);
#1153=ORIENTED_EDGE('',*,*,#1152,.T.);
#1154=ORIENTED_EDGE('',*,*,#1145,.F.);
#1155=ORIENTED_EDGE('',*,*,#257,.F.);
#1156=EDGE_LOOP('',(#1146,#1153,#1154,#1155));
#1157=FACE_BOUND('',#1156,.T.);
#1158=ADVANCED_FACE('',(#1157),#1138,.T.);
#1159=CARTESIAN_POINT('',(28.75,-46.025951481,18.));
#1160=DIRECTION('',(1.,0.,0.));
#1161=DIRECTION('',(0.,0.,-1.));
#1162=AXIS2_PLACEMENT_3D('',#1159,#1160,#1161);
#1163=PLANE('',#1162);
#1164=CARTESIAN_POINT('',(28.75,-30.442618147,7.2));
#1165=VERTEX_POINT('',#1164);
#1166=CARTESIAN_POINT('',(28.75,-30.442618147,10.));
#1167=DIRECTION('',(-1.,-0.,-0.));
#1168=DIRECTION('',(0.,0.,-1.));
#1169=AXIS2_PLACEMENT_3D('',#1166,#1167,#1168);
#1170=CIRCLE('',#1169,2.8);
#1171=EDGE_CURVE('',#1165,#1165,#1170,.T.);
#1172=ORIENTED_EDGE('',*,*,#1171,.T.);
#1173=EDGE_LOOP('',(#1172));
#1174=FACE_BOUND('',#1173,.T.);
#1175=ADVANCED_FACE('',(#1174),#1163,.F.);
#1176=CARTESIAN_POINT('',(29.75,-43.109284814,10.));
#1177=DIRECTION('',(1.,0.,0.));
#1178=DIRECTION('',(0.,0.,-1.));
#1179=AXIS2_PLACEMENT_3D('',#1176,#1177,#1178);
#1180=TOROIDAL_SURFACE('',#1179,2.8,1.);
#1181=CARTESIAN_POINT('',(29.75,-43.109284814,7.2));
#1182=DIRECTION('',(-0.,1.,-0.));
#1183=DIRECTION('',(0.,0.,-1.));
#1184=AXIS2_PLACEMENT_3D('',#1181,#1182,#1183);
#1185=CIRCLE('',#1184,1.);
#1186=EDGE_CURVE('',#1098,#1123,#1185,.T.);
#1187=ORIENTED_EDGE('',*,*,#1186,.T.);
#1188=ORIENTED_EDGE('',*,*,#1129,.F.);
#1189=ORIENTED_EDGE('',*,*,#1186,.F.);
#1190=ORIENTED_EDGE('',*,*,#1110,.F.);
#1191=EDGE_LOOP('',(#1187,#1188,#1189,#1190));
#1192=FACE_BOUND('',#1191,.T.);
#1193=ADVANCED_FACE('',(#1192),#1180,.T.);
#1194=CARTESIAN_POINT('',(29.75,-30.442618147,10.));
#1195=DIRECTION('',(1.,0.,0.));
#1196=DIRECTION('',(0.,0.,-1.));
#1197=AXIS2_PLACEMENT_3D('',#1194,#1195,#1196);
#1198=TOROIDAL_SURFACE('',#1197,2.8,1.);
#1199=CARTESIAN_POINT('',(29.75,-30.442618147,7.2));
#1200=DIRECTION('',(-0.,1.,-0.));
#1201=DIRECTION('',(0.,0.,-1.));
#1202=AXIS2_PLACEMENT_3D('',#1199,#1200,#1201);
#1203=CIRCLE('',#1202,1.);
#1204=EDGE_CURVE('',#1140,#1165,#1203,.T.);
#1205=ORIENTED_EDGE('',*,*,#1204,.T.);
#1206=ORIENTED_EDGE('',*,*,#1171,.F.);
#1207=ORIENTED_EDGE('',*,*,#1204,.F.);
#1208=ORIENTED_EDGE('',*,*,#1152,.F.);
#1209=EDGE_LOOP('',(#1205,#1206,#1207,#1208));
#1210=FACE_BOUND('',#1209,.T.);
#1211=ADVANCED_FACE('',(#1210),#1198,.T.);
#1212=CARTESIAN_POINT('',(36.25,-53.775951481,6.));
#1213=DIRECTION('',(-1.,0.,0.));
#1214=DIRECTION('',(0.,0.,1.));
#1215=AXIS2_PLACEMENT_3D('',#1212,#1213,#1214);
#1216=CYLINDRICAL_SURFACE('',#1215,2.);
#1217=ORIENTED_EDGE('',*,*,#232,.F.);
#1218=ORIENTED_EDGE('',*,*,#1043,.F.);
#1219=ORIENTED_EDGE('',*,*,#318,.F.);
#1220=ORIENTED_EDGE('',*,*,#365,.F.);
#1221=EDGE_LOOP('',(#1217,#1218,#1219,#1220));
#1222=FACE_BOUND('',#1221,.T.);
#1223=ADVANCED_FACE('',(#1222),#1216,.F.);
#1224=CARTESIAN_POINT('',(31.75,-49.775951481,2.));
#1225=DIRECTION('',(1.,0.,0.));
#1226=DIRECTION('',(0.,0.,-1.));
#1227=AXIS2_PLACEMENT_3D('',#1224,#1225,#1226);
#1228=CYLINDRICAL_SURFACE('',#1227,2.);
#1229=ORIENTED_EDGE('',*,*,#215,.F.);
#1230=ORIENTED_EDGE('',*,*,#1065,.F.);
#1231=ORIENTED_EDGE('',*,*,#335,.F.);
#1232=ORIENTED_EDGE('',*,*,#1036,.F.);
#1233=EDGE_LOOP('',(#1229,#1230,#1231,#1232));
#1234=FACE_BOUND('',#1233,.T.);
#1235=ADVANCED_FACE('',(#1234),#1228,.T.);
#1236=CARTESIAN_POINT('',(31.75,-23.775951481,2.));
#1237=DIRECTION('',(-1.,0.,0.));
#1238=DIRECTION('',(0.,0.,1.));
#1239=AXIS2_PLACEMENT_3D('',#1236,#1237,#1238);
#1240=CYLINDRICAL_SURFACE('',#1239,2.);
#1241=ORIENTED_EDGE('',*,*,#198,.F.);
#1242=ORIENTED_EDGE('',*,*,#1087,.F.);
#1243=ORIENTED_EDGE('',*,*,#350,.F.);
#1244=ORIENTED_EDGE('',*,*,#1058,.F.);
#1245=EDGE_LOOP('',(#1241,#1242,#1243,#1244));
#1246=FACE_BOUND('',#1245,.T.);
#1247=ADVANCED_FACE('',(#1246),#1240,.T.);
#1248=CARTESIAN_POINT('',(31.75,-21.775951481,18.));
#1249=DIRECTION('',(0.,-0.707106781,-0.707106781));
#1250=DIRECTION('',(1.,0.,0.));
#1251=AXIS2_PLACEMENT_3D('',#1248,#1249,#1250);
#1252=PLANE('',#1251);
#1253=ORIENTED_EDGE('',*,*,#181,.F.);
#1254=ORIENTED_EDGE('',*,*,#149,.F.);
#1255=ORIENTED_EDGE('',*,*,#292,.F.);
#1256=ORIENTED_EDGE('',*,*,#1080,.F.);
#1257=EDGE_LOOP('',(#1253,#1254,#1255,#1256));
#1258=FACE_BOUND('',#1257,.T.);
#1259=ADVANCED_FACE('',(#1258),#1252,.F.);
#1260=CARTESIAN_POINT('',(-31.75,-50.025951481,20.));
#1261=DIRECTION('',(-1.,0.,0.));
#1262=DIRECTION('',(0.,0.,-1.));
#1263=AXIS2_PLACEMENT_3D('',#1260,#1261,#1262);
#1264=PLANE('',#1263);
#1265=ORIENTED_EDGE('',*,*,#57,.T.);
#1266=CARTESIAN_POINT('',(-31.75,-98.025951481,8.));
#1267=VERTEX_POINT('',#1266);
#1268=CARTESIAN_POINT('',(-31.75,-98.025951481,8.));
#1269=DIRECTION('',(0.,0.,1.));
#1270=VECTOR('',#1269,12.);
#1271=LINE('',#1268,#1270);
#1272=EDGE_CURVE('',#1267,#43,#1271,.T.);
#1273=ORIENTED_EDGE('',*,*,#1272,.F.);
#1274=CARTESIAN_POINT('',(-31.75,-53.775951481,8.));
#1275=VERTEX_POINT('',#1274);
#1276=CARTESIAN_POINT('',(-31.75,-98.025951481,8.));
#1277=DIRECTION('',(0.,1.,0.));
#1278=VECTOR('',#1277,44.25);
#1279=LINE('',#1276,#1278);
#1280=EDGE_CURVE('',#1267,#1275,#1279,.T.);
#1281=ORIENTED_EDGE('',*,*,#1280,.T.);
#1282=CARTESIAN_POINT('',(-31.75,-51.775951481,6.));
#1283=VERTEX_POINT('',#1282);
#1284=CARTESIAN_POINT('',(-31.75,-53.775951481,6.));
#1285=DIRECTION('',(1.,0.,0.));
#1286=DIRECTION('',(0.,0.,-1.));
#1287=AXIS2_PLACEMENT_3D('',#1284,#1285,#1286);
#1288=CIRCLE('',#1287,2.);
#1289=EDGE_CURVE('',#1283,#1275,#1288,.T.);
#1290=ORIENTED_EDGE('',*,*,#1289,.F.);
#1291=CARTESIAN_POINT('',(-31.75,-51.775951481,2.));
#1292=VERTEX_POINT('',#1291);
#1293=CARTESIAN_POINT('',(-31.75,-51.775951481,6.));
#1294=DIRECTION('',(0.,0.,-1.));
#1295=VECTOR('',#1294,4.);
#1296=LINE('',#1293,#1295);
#1297=EDGE_CURVE('',#1283,#1292,#1296,.T.);
#1298=ORIENTED_EDGE('',*,*,#1297,.T.);
#1299=CARTESIAN_POINT('',(-31.75,-49.775951481,0.));
#1300=VERTEX_POINT('',#1299);
#1301=CARTESIAN_POINT('',(-31.75,-49.775951481,2.));
#1302=DIRECTION('',(-1.,-0.,-0.));
#1303=DIRECTION('',(0.,0.,-1.));
#1304=AXIS2_PLACEMENT_3D('',#1301,#1302,#1303);
#1305=CIRCLE('',#1304,2.);
#1306=EDGE_CURVE('',#1300,#1292,#1305,.T.);
#1307=ORIENTED_EDGE('',*,*,#1306,.F.);
#1308=CARTESIAN_POINT('',(-31.75,-23.775951481,0.));
#1309=VERTEX_POINT('',#1308);
#1310=CARTESIAN_POINT('',(-31.75,-49.775951481,0.));
#1311=DIRECTION('',(0.,1.,0.));
#1312=VECTOR('',#1311,26.);
#1313=LINE('',#1310,#1312);
#1314=EDGE_CURVE('',#1300,#1309,#1313,.T.);
#1315=ORIENTED_EDGE('',*,*,#1314,.T.);
#1316=CARTESIAN_POINT('',(-31.75,-21.775951481,2.));
#1317=VERTEX_POINT('',#1316);
#1318=CARTESIAN_POINT('',(-31.75,-23.775951481,2.));
#1319=DIRECTION('',(-1.,-0.,-0.));
#1320=DIRECTION('',(0.,0.,-1.));
#1321=AXIS2_PLACEMENT_3D('',#1318,#1319,#1320);
#1322=CIRCLE('',#1321,2.);
#1323=EDGE_CURVE('',#1317,#1309,#1322,.T.);
#1324=ORIENTED_EDGE('',*,*,#1323,.F.);
#1325=CARTESIAN_POINT('',(-31.75,-21.775951481,18.));
#1326=VERTEX_POINT('',#1325);
#1327=CARTESIAN_POINT('',(-31.75,-21.775951481,18.));
#1328=DIRECTION('',(0.,0.,-1.));
#1329=VECTOR('',#1328,16.);
#1330=LINE('',#1327,#1329);
#1331=EDGE_CURVE('',#1326,#1317,#1330,.T.);
#1332=ORIENTED_EDGE('',*,*,#1331,.F.);
#1333=CARTESIAN_POINT('',(-31.75,-23.775951481,20.));
#1334=DIRECTION('',(-0.,0.707106781,-0.707106781));
#1335=VECTOR('',#1334,2.828427125);
#1336=LINE('',#1333,#1335);
#1337=EDGE_CURVE('',#52,#1326,#1336,.T.);
#1338=ORIENTED_EDGE('',*,*,#1337,.F.);
#1339=EDGE_LOOP('',(#1265,#1273,#1281,#1290,#1298,#1307,#1315,#1324,#1332,#1338));
#1340=FACE_BOUND('',#1339,.T.);
#1341=CARTESIAN_POINT('',(-31.75,-30.442618147,6.2));
#1342=VERTEX_POINT('',#1341);
#1343=CARTESIAN_POINT('',(-31.75,-30.442618147,10.));
#1344=DIRECTION('',(1.,0.,0.));
#1345=DIRECTION('',(0.,0.,-1.));
#1346=AXIS2_PLACEMENT_3D('',#1343,#1344,#1345);
#1347=CIRCLE('',#1346,3.8);
#1348=EDGE_CURVE('',#1342,#1342,#1347,.T.);
#1349=ORIENTED_EDGE('',*,*,#1348,.F.);
#1350=EDGE_LOOP('',(#1349));
#1351=FACE_BOUND('',#1350,.T.);
#1352=CARTESIAN_POINT('',(-31.75,-43.109284814,6.2));
#1353=VERTEX_POINT('',#1352);
#1354=CARTESIAN_POINT('',(-31.75,-43.109284814,10.));
#1355=DIRECTION('',(1.,0.,0.));
#1356=DIRECTION('',(0.,0.,-1.));
#1357=AXIS2_PLACEMENT_3D('',#1354,#1355,#1356);
#1358=CIRCLE('',#1357,3.8);
#1359=EDGE_CURVE('',#1353,#1353,#1358,.T.);
#1360=ORIENTED_EDGE('',*,*,#1359,.F.);
#1361=EDGE_LOOP('',(#1360));
#1362=FACE_BOUND('',#1361,.T.);
#1363=ADVANCED_FACE('',(#1340,#1351,#1362),#1264,.F.);
#1364=CARTESIAN_POINT('',(-36.75,-46.025951481,20.));
#1365=DIRECTION('',(1.,0.,0.));
#1366=DIRECTION('',(0.,0.,1.));
#1367=AXIS2_PLACEMENT_3D('',#1364,#1365,#1366);
#1368=PLANE('',#1367);
#1369=CARTESIAN_POINT('',(-36.75,-21.775951481,18.));
#1370=VERTEX_POINT('',#1369);
#1371=CARTESIAN_POINT('',(-36.75,-21.775951481,2.));
#1372=VERTEX_POINT('',#1371);
#1373=CARTESIAN_POINT('',(-36.75,-21.775951481,18.));
#1374=DIRECTION('',(0.,0.,-1.));
#1375=VECTOR('',#1374,16.);
#1376=LINE('',#1373,#1375);
#1377=EDGE_CURVE('',#1370,#1372,#1376,.T.);
#1378=ORIENTED_EDGE('',*,*,#1377,.T.);
#1379=CARTESIAN_POINT('',(-36.75,-23.775951481,0.));
#1380=VERTEX_POINT('',#1379);
#1381=CARTESIAN_POINT('',(-36.75,-23.775951481,2.));
#1382=DIRECTION('',(1.,-0.,-0.));
#1383=DIRECTION('',(0.,0.,1.));
#1384=AXIS2_PLACEMENT_3D('',#1381,#1382,#1383);
#1385=CIRCLE('',#1384,2.);
#1386=EDGE_CURVE('',#1380,#1372,#1385,.T.);
#1387=ORIENTED_EDGE('',*,*,#1386,.F.);
#1388=CARTESIAN_POINT('',(-36.75,-49.775951481,0.));
#1389=VERTEX_POINT('',#1388);
#1390=CARTESIAN_POINT('',(-36.75,-49.775951481,0.));
#1391=DIRECTION('',(0.,1.,0.));
#1392=VECTOR('',#1391,26.);
#1393=LINE('',#1390,#1392);
#1394=EDGE_CURVE('',#1389,#1380,#1393,.T.);
#1395=ORIENTED_EDGE('',*,*,#1394,.F.);
#1396=CARTESIAN_POINT('',(-36.75,-51.775951481,2.));
#1397=VERTEX_POINT('',#1396);
#1398=CARTESIAN_POINT('',(-36.75,-49.775951481,2.));
#1399=DIRECTION('',(1.,-0.,-0.));
#1400=DIRECTION('',(0.,0.,1.));
#1401=AXIS2_PLACEMENT_3D('',#1398,#1399,#1400);
#1402=CIRCLE('',#1401,2.);
#1403=EDGE_CURVE('',#1397,#1389,#1402,.T.);
#1404=ORIENTED_EDGE('',*,*,#1403,.F.);
#1405=CARTESIAN_POINT('',(-36.75,-51.775951481,6.));
#1406=VERTEX_POINT('',#1405);
#1407=CARTESIAN_POINT('',(-36.75,-51.775951481,6.));
#1408=DIRECTION('',(0.,0.,-1.));
#1409=VECTOR('',#1408,4.);
#1410=LINE('',#1407,#1409);
#1411=EDGE_CURVE('',#1406,#1397,#1410,.T.);
#1412=ORIENTED_EDGE('',*,*,#1411,.F.);
#1413=CARTESIAN_POINT('',(-36.75,-53.775951481,8.));
#1414=VERTEX_POINT('',#1413);
#1415=CARTESIAN_POINT('',(-36.75,-53.775951481,6.));
#1416=DIRECTION('',(-1.,0.,0.));
#1417=DIRECTION('',(0.,0.,1.));
#1418=AXIS2_PLACEMENT_3D('',#1415,#1416,#1417);
#1419=CIRCLE('',#1418,2.);
#1420=EDGE_CURVE('',#1414,#1406,#1419,.T.);
#1421=ORIENTED_EDGE('',*,*,#1420,.F.);
#1422=CARTESIAN_POINT('',(-36.75,-98.025951481,8.));
#1423=VERTEX_POINT('',#1422);
#1424=CARTESIAN_POINT('',(-36.75,-98.025951481,8.));
#1425=DIRECTION('',(0.,1.,0.));
#1426=VECTOR('',#1425,44.25);
#1427=LINE('',#1424,#1426);
#1428=EDGE_CURVE('',#1423,#1414,#1427,.T.);
#1429=ORIENTED_EDGE('',*,*,#1428,.F.);
#1430=CARTESIAN_POINT('',(-36.75,-98.025951481,20.));
#1431=DIRECTION('',(0.,0.,-1.));
#1432=VECTOR('',#1431,12.);
#1433=LINE('',#1430,#1432);
#1434=EDGE_CURVE('',#68,#1423,#1433,.T.);
#1435=ORIENTED_EDGE('',*,*,#1434,.F.);
#1436=ORIENTED_EDGE('',*,*,#73,.T.);
#1437=CARTESIAN_POINT('',(-36.75,-21.775951481,18.));
#1438=DIRECTION('',(-0.,-0.707106781,0.707106781));
#1439=VECTOR('',#1438,2.828427125);
#1440=LINE('',#1437,#1439);
#1441=EDGE_CURVE('',#1370,#60,#1440,.T.);
#1442=ORIENTED_EDGE('',*,*,#1441,.F.);
#1443=EDGE_LOOP('',(#1378,#1387,#1395,#1404,#1412,#1421,#1429,#1435,#1436,#1442));
#1444=FACE_BOUND('',#1443,.T.);
#1445=ADVANCED_FACE('',(#1444),#1368,.F.);
#1446=CARTESIAN_POINT('',(-36.25,-101.025951481,8.));
#1447=DIRECTION('',(0.,0.,-1.));
#1448=DIRECTION('',(1.,0.,0.));
#1449=AXIS2_PLACEMENT_3D('',#1446,#1447,#1448);
#1450=PLANE('',#1449);
#1451=ORIENTED_EDGE('',*,*,#1280,.F.);
#1452=CARTESIAN_POINT('',(-28.75,-98.025951481,8.));
#1453=DIRECTION('',(-0.,-0.,-1.));
#1454=DIRECTION('',(1.,0.,-0.));
#1455=AXIS2_PLACEMENT_3D('',#1452,#1453,#1454);
#1456=CIRCLE('',#1455,3.);
#1457=EDGE_CURVE('',#528,#1267,#1456,.T.);
#1458=ORIENTED_EDGE('',*,*,#1457,.F.);
#1459=ORIENTED_EDGE('',*,*,#533,.T.);
#1460=CARTESIAN_POINT('',(-14.,-106.025951481,8.));
#1461=VERTEX_POINT('',#1460);
#1462=CARTESIAN_POINT('',(-14.,-106.025951481,8.));
#1463=DIRECTION('',(-0.,1.,-0.));
#1464=VECTOR('',#1463,5.);
#1465=LINE('',#1462,#1464);
#1466=EDGE_CURVE('',#1461,#519,#1465,.T.);
#1467=ORIENTED_EDGE('',*,*,#1466,.F.);
#1468=CARTESIAN_POINT('',(-15.5,-106.025951481,8.));
#1469=VERTEX_POINT('',#1468);
#1470=CARTESIAN_POINT('',(-15.5,-106.025951481,8.));
#1471=DIRECTION('',(1.,0.,-0.));
#1472=VECTOR('',#1471,1.5);
#1473=LINE('',#1470,#1472);
#1474=EDGE_CURVE('',#1469,#1461,#1473,.T.);
#1475=ORIENTED_EDGE('',*,*,#1474,.F.);
#1476=CARTESIAN_POINT('',(-15.5,-106.025951481,8.));
#1477=DIRECTION('',(0.,-1.,0.));
#1478=VECTOR('',#1477,1.5);
#1479=LINE('',#1476,#1478);
#1480=EDGE_CURVE('',#1469,#880,#1479,.T.);
#1481=ORIENTED_EDGE('',*,*,#1480,.T.);
#1482=CARTESIAN_POINT('',(-17.,-106.025951481,8.));
#1483=VERTEX_POINT('',#1482);
#1484=CARTESIAN_POINT('',(-17.,-107.525951481,8.));
#1485=DIRECTION('',(-0.,-0.,-1.));
#1486=DIRECTION('',(1.,0.,-0.));
#1487=AXIS2_PLACEMENT_3D('',#1484,#1485,#1486);
#1488=CIRCLE('',#1487,1.5);
#1489=EDGE_CURVE('',#1483,#880,#1488,.T.);
#1490=ORIENTED_EDGE('',*,*,#1489,.F.);
#1491=CARTESIAN_POINT('',(-28.75,-106.025951481,8.));
#1492=VERTEX_POINT('',#1491);
#1493=CARTESIAN_POINT('',(-28.75,-106.025951481,8.));
#1494=DIRECTION('',(1.,0.,-0.));
#1495=VECTOR('',#1494,11.75);
#1496=LINE('',#1493,#1495);
#1497=EDGE_CURVE('',#1492,#1483,#1496,.T.);
#1498=ORIENTED_EDGE('',*,*,#1497,.F.);
#1499=CARTESIAN_POINT('',(-28.75,-98.025951481,8.));
#1500=DIRECTION('',(0.,0.,1.));
#1501=DIRECTION('',(1.,0.,-0.));
#1502=AXIS2_PLACEMENT_3D('',#1499,#1500,#1501);
#1503=CIRCLE('',#1502,8.);
#1504=EDGE_CURVE('',#1423,#1492,#1503,.T.);
#1505=ORIENTED_EDGE('',*,*,#1504,.F.);
#1506=ORIENTED_EDGE('',*,*,#1428,.T.);
#1507=CARTESIAN_POINT('',(-31.75,-53.775951481,8.));
#1508=DIRECTION('',(-1.,0.,0.));
#1509=VECTOR('',#1508,5.);
#1510=LINE('',#1507,#1509);
#1511=EDGE_CURVE('',#1275,#1414,#1510,.T.);
#1512=ORIENTED_EDGE('',*,*,#1511,.F.);
#1513=EDGE_LOOP('',(#1451,#1458,#1459,#1467,#1475,#1481,#1490,#1498,#1505,#1506,#1512));
#1514=FACE_BOUND('',#1513,.T.);
#1515=ADVANCED_FACE('',(#1514),#1450,.T.);
#1516=CARTESIAN_POINT('',(0.,-106.025951481,2.));
#1517=DIRECTION('',(0.,-1.,0.));
#1518=DIRECTION('',(0.,0.,-1.));
#1519=AXIS2_PLACEMENT_3D('',#1516,#1517,#1518);
#1520=PLANE('',#1519);
#1521=ORIENTED_EDGE('',*,*,#90,.T.);
#1522=CARTESIAN_POINT('',(-28.75,-106.025951481,8.));
#1523=DIRECTION('',(-0.,-0.,1.));
#1524=VECTOR('',#1523,12.);
#1525=LINE('',#1522,#1524);
#1526=EDGE_CURVE('',#1492,#76,#1525,.T.);
#1527=ORIENTED_EDGE('',*,*,#1526,.F.);
#1528=ORIENTED_EDGE('',*,*,#1497,.T.);
#1529=CARTESIAN_POINT('',(-17.,-106.025951481,20.));
#1530=DIRECTION('',(-0.,-0.,-1.));
#1531=VECTOR('',#1530,12.);
#1532=LINE('',#1529,#1531);
#1533=EDGE_CURVE('',#85,#1483,#1532,.T.);
#1534=ORIENTED_EDGE('',*,*,#1533,.F.);
#1535=EDGE_LOOP('',(#1521,#1527,#1528,#1534));
#1536=FACE_BOUND('',#1535,.T.);
#1537=ADVANCED_FACE('',(#1536),#1520,.T.);
#1538=CARTESIAN_POINT('',(-11.,-101.025951481,8.));
#1539=DIRECTION('',(-1.,0.,0.));
#1540=DIRECTION('',(0.,0.,-1.));
#1541=AXIS2_PLACEMENT_3D('',#1538,#1539,#1540);
#1542=PLANE('',#1541);
#1543=CARTESIAN_POINT('',(-11.,-106.025951481,0.));
#1544=VERTEX_POINT('',#1543);
#1545=CARTESIAN_POINT('',(-11.,-106.025951481,5.));
#1546=VERTEX_POINT('',#1545);
#1547=CARTESIAN_POINT('',(-11.,-106.025951481,0.));
#1548=DIRECTION('',(0.,0.,1.));
#1549=VECTOR('',#1548,5.);
#1550=LINE('',#1547,#1549);
#1551=EDGE_CURVE('',#1544,#1546,#1550,.T.);
#1552=ORIENTED_EDGE('',*,*,#1551,.T.);
#1553=CARTESIAN_POINT('',(-11.,-101.025951481,5.));
#1554=DIRECTION('',(0.,-1.,0.));
#1555=VECTOR('',#1554,5.);
#1556=LINE('',#1553,#1555);
#1557=EDGE_CURVE('',#511,#1546,#1556,.T.);
#1558=ORIENTED_EDGE('',*,*,#1557,.F.);
#1559=ORIENTED_EDGE('',*,*,#516,.F.);
#1560=CARTESIAN_POINT('',(-11.,-106.025951481,0.));
#1561=DIRECTION('',(-0.,1.,-0.));
#1562=VECTOR('',#1561,5.);
#1563=LINE('',#1560,#1562);
#1564=EDGE_CURVE('',#1544,#502,#1563,.T.);
#1565=ORIENTED_EDGE('',*,*,#1564,.F.);
#1566=EDGE_LOOP('',(#1552,#1558,#1559,#1565));
#1567=FACE_BOUND('',#1566,.T.);
#1568=ADVANCED_FACE('',(#1567),#1542,.T.);
#1569=CARTESIAN_POINT('',(-2.814582562,-94.725951481,3.625));
#1570=DIRECTION('',(-0.5,0.,-0.866025404));
#1571=DIRECTION('',(0.866025404,0.,-0.5));
#1572=AXIS2_PLACEMENT_3D('',#1569,#1570,#1571);
#1573=PLANE('',#1572);
#1574=ORIENTED_EDGE('',*,*,#703,.F.);
#1575=ORIENTED_EDGE('',*,*,#449,.T.);
#1576=CARTESIAN_POINT('',(-5.629165125,-101.025951481,5.25));
#1577=DIRECTION('',(0.,-1.,0.));
#1578=VECTOR('',#1577,5.);
#1579=LINE('',#1576,#1578);
#1580=EDGE_CURVE('',#444,#959,#1579,.T.);
#1581=ORIENTED_EDGE('',*,*,#1580,.T.);
#1582=ORIENTED_EDGE('',*,*,#964,.F.);
#1583=EDGE_LOOP('',(#1574,#1575,#1581,#1582));
#1584=FACE_BOUND('',#1583,.T.);
#1585=ADVANCED_FACE('',(#1584),#1573,.F.);
#1586=CARTESIAN_POINT('',(-5.629165125,-94.725951481,8.5));
#1587=DIRECTION('',(-1.,0.,0.));
#1588=DIRECTION('',(-0.,0.,-1.));
#1589=AXIS2_PLACEMENT_3D('',#1586,#1587,#1588);
#1590=PLANE('',#1589);
#1591=ORIENTED_EDGE('',*,*,#1580,.F.);
#1592=ORIENTED_EDGE('',*,*,#487,.T.);
#1593=CARTESIAN_POINT('',(-5.629165125,-101.025951481,11.75));
#1594=DIRECTION('',(0.,-1.,0.));
#1595=VECTOR('',#1594,5.);
#1596=LINE('',#1593,#1595);
#1597=EDGE_CURVE('',#476,#967,#1596,.T.);
#1598=ORIENTED_EDGE('',*,*,#1597,.T.);
#1599=ORIENTED_EDGE('',*,*,#972,.F.);
#1600=EDGE_LOOP('',(#1591,#1592,#1598,#1599));
#1601=FACE_BOUND('',#1600,.T.);
#1602=ADVANCED_FACE('',(#1601),#1590,.F.);
#1603=CARTESIAN_POINT('',(-2.814582562,-94.725951481,13.375));
#1604=DIRECTION('',(-0.5,0.,0.866025404));
#1605=DIRECTION('',(-0.866025404,0.,-0.5));
#1606=AXIS2_PLACEMENT_3D('',#1603,#1604,#1605);
#1607=PLANE('',#1606);
#1608=ORIENTED_EDGE('',*,*,#1597,.F.);
#1609=ORIENTED_EDGE('',*,*,#481,.T.);
#1610=ORIENTED_EDGE('',*,*,#765,.T.);
#1611=ORIENTED_EDGE('',*,*,#978,.F.);
#1612=EDGE_LOOP('',(#1608,#1609,#1610,#1611));
#1613=FACE_BOUND('',#1612,.T.);
#1614=ADVANCED_FACE('',(#1613),#1607,.F.);
#1615=CARTESIAN_POINT('',(-8.,-101.025951481,0.));
#1616=DIRECTION('',(0.,-1.,0.));
#1617=DIRECTION('',(0.,0.,-1.));
#1618=AXIS2_PLACEMENT_3D('',#1615,#1616,#1617);
#1619=CYLINDRICAL_SURFACE('',#1618,3.);
#1620=ORIENTED_EDGE('',*,*,#508,.T.);
#1621=ORIENTED_EDGE('',*,*,#664,.T.);
#1622=CARTESIAN_POINT('',(-8.,-106.025951481,0.));
#1623=DIRECTION('',(0.,1.,0.));
#1624=DIRECTION('',(0.,0.,-1.));
#1625=AXIS2_PLACEMENT_3D('',#1622,#1623,#1624);
#1626=CIRCLE('',#1625,3.);
#1627=EDGE_CURVE('',#653,#1544,#1626,.T.);
#1628=ORIENTED_EDGE('',*,*,#1627,.T.);
#1629=ORIENTED_EDGE('',*,*,#1564,.T.);
#1630=EDGE_LOOP('',(#1620,#1621,#1628,#1629));
#1631=FACE_BOUND('',#1630,.T.);
#1632=ADVANCED_FACE('',(#1631),#1619,.T.);
#1633=CARTESIAN_POINT('',(-14.,-101.025951481,5.));
#1634=DIRECTION('',(0.,1.,0.));
#1635=DIRECTION('',(0.,-0.,1.));
#1636=AXIS2_PLACEMENT_3D('',#1633,#1634,#1635);
#1637=CYLINDRICAL_SURFACE('',#1636,3.);
#1638=ORIENTED_EDGE('',*,*,#525,.T.);
#1639=ORIENTED_EDGE('',*,*,#1557,.T.);
#1640=CARTESIAN_POINT('',(-14.,-106.025951481,5.));
#1641=DIRECTION('',(-0.,-1.,-0.));
#1642=DIRECTION('',(0.,0.,-1.));
#1643=AXIS2_PLACEMENT_3D('',#1640,#1641,#1642);
#1644=CIRCLE('',#1643,3.);
#1645=EDGE_CURVE('',#1546,#1461,#1644,.T.);
#1646=ORIENTED_EDGE('',*,*,#1645,.T.);
#1647=ORIENTED_EDGE('',*,*,#1466,.T.);
#1648=EDGE_LOOP('',(#1638,#1639,#1646,#1647));
#1649=FACE_BOUND('',#1648,.T.);
#1650=ADVANCED_FACE('',(#1649),#1637,.F.);
#1651=CARTESIAN_POINT('',(-28.75,-98.025951481,20.));
#1652=DIRECTION('',(0.,0.,-1.));
#1653=DIRECTION('',(1.,0.,0.));
#1654=AXIS2_PLACEMENT_3D('',#1651,#1652,#1653);
#1655=CYLINDRICAL_SURFACE('',#1654,3.);
#1656=ORIENTED_EDGE('',*,*,#1457,.T.);
#1657=ORIENTED_EDGE('',*,*,#1272,.T.);
#1658=ORIENTED_EDGE('',*,*,#49,.T.);
#1659=ORIENTED_EDGE('',*,*,#539,.T.);
#1660=EDGE_LOOP('',(#1656,#1657,#1658,#1659));
#1661=FACE_BOUND('',#1660,.T.);
#1662=ADVANCED_FACE('',(#1661),#1655,.F.);
#1663=CARTESIAN_POINT('',(-28.75,-98.025951481,20.));
#1664=DIRECTION('',(0.,0.,1.));
#1665=DIRECTION('',(-1.,0.,0.));
#1666=AXIS2_PLACEMENT_3D('',#1663,#1664,#1665);
#1667=CYLINDRICAL_SURFACE('',#1666,8.);
#1668=ORIENTED_EDGE('',*,*,#82,.T.);
#1669=ORIENTED_EDGE('',*,*,#1434,.T.);
#1670=ORIENTED_EDGE('',*,*,#1504,.T.);
#1671=ORIENTED_EDGE('',*,*,#1526,.T.);
#1672=EDGE_LOOP('',(#1668,#1669,#1670,#1671));
#1673=FACE_BOUND('',#1672,.T.);
#1674=ADVANCED_FACE('',(#1673),#1667,.T.);
#1675=CARTESIAN_POINT('',(-15.5,-107.525951481,8.5));
#1676=DIRECTION('',(1.,0.,-0.));
#1677=DIRECTION('',(0.,0.,1.));
#1678=AXIS2_PLACEMENT_3D('',#1675,#1676,#1677);
#1679=PLANE('',#1678);
#1680=ORIENTED_EDGE('',*,*,#891,.T.);
#1681=ORIENTED_EDGE('',*,*,#1480,.F.);
#1682=CARTESIAN_POINT('',(-15.5,-106.025951481,-1.5));
#1683=VERTEX_POINT('',#1682);
#1684=CARTESIAN_POINT('',(-15.5,-106.025951481,-1.5));
#1685=DIRECTION('',(0.,0.,1.));
#1686=VECTOR('',#1685,9.5);
#1687=LINE('',#1684,#1686);
#1688=EDGE_CURVE('',#1683,#1469,#1687,.T.);
#1689=ORIENTED_EDGE('',*,*,#1688,.F.);
#1690=CARTESIAN_POINT('',(-15.5,-107.525951481,-1.5));
#1691=DIRECTION('',(0.,1.,0.));
#1692=VECTOR('',#1691,1.5);
#1693=LINE('',#1690,#1692);
#1694=EDGE_CURVE('',#848,#1683,#1693,.T.);
#1695=ORIENTED_EDGE('',*,*,#1694,.F.);
#1696=EDGE_LOOP('',(#1680,#1681,#1689,#1695));
#1697=FACE_BOUND('',#1696,.T.);
#1698=ADVANCED_FACE('',(#1697),#1679,.F.);
#1699=CARTESIAN_POINT('',(0.,-106.025951481,2.));
#1700=DIRECTION('',(0.,-1.,0.));
#1701=DIRECTION('',(0.,0.,-1.));
#1702=AXIS2_PLACEMENT_3D('',#1699,#1700,#1701);
#1703=PLANE('',#1702);
#1704=ORIENTED_EDGE('',*,*,#1688,.T.);
#1705=ORIENTED_EDGE('',*,*,#1474,.T.);
#1706=ORIENTED_EDGE('',*,*,#1645,.F.);
#1707=ORIENTED_EDGE('',*,*,#1551,.F.);
#1708=ORIENTED_EDGE('',*,*,#1627,.F.);
#1709=ORIENTED_EDGE('',*,*,#658,.T.);
#1710=CARTESIAN_POINT('',(-14.,-106.025951481,-1.5));
#1711=DIRECTION('',(-0.,-1.,-0.));
#1712=DIRECTION('',(0.,0.,-1.));
#1713=AXIS2_PLACEMENT_3D('',#1710,#1711,#1712);
#1714=CIRCLE('',#1713,1.5);
#1715=EDGE_CURVE('',#1683,#645,#1714,.T.);
#1716=ORIENTED_EDGE('',*,*,#1715,.F.);
#1717=EDGE_LOOP('',(#1704,#1705,#1706,#1707,#1708,#1709,#1716));
#1718=FACE_BOUND('',#1717,.T.);
#1719=ADVANCED_FACE('',(#1718),#1703,.F.);
#1720=CARTESIAN_POINT('',(-17.,-107.525951481,8.5));
#1721=DIRECTION('',(0.,0.,1.));
#1722=DIRECTION('',(-1.,0.,0.));
#1723=AXIS2_PLACEMENT_3D('',#1720,#1721,#1722);
#1724=CYLINDRICAL_SURFACE('',#1723,1.5);
#1725=ORIENTED_EDGE('',*,*,#1489,.T.);
#1726=ORIENTED_EDGE('',*,*,#885,.T.);
#1727=ORIENTED_EDGE('',*,*,#99,.T.);
#1728=ORIENTED_EDGE('',*,*,#1533,.T.);
#1729=EDGE_LOOP('',(#1725,#1726,#1727,#1728));
#1730=FACE_BOUND('',#1729,.T.);
#1731=ADVANCED_FACE('',(#1730),#1724,.F.);
#1732=CARTESIAN_POINT('',(-14.,-107.525951481,-1.5));
#1733=DIRECTION('',(0.,-1.,0.));
#1734=DIRECTION('',(0.,0.,-1.));
#1735=AXIS2_PLACEMENT_3D('',#1732,#1733,#1734);
#1736=CYLINDRICAL_SURFACE('',#1735,1.5);
#1737=ORIENTED_EDGE('',*,*,#854,.T.);
#1738=ORIENTED_EDGE('',*,*,#1694,.T.);
#1739=ORIENTED_EDGE('',*,*,#1715,.T.);
#1740=ORIENTED_EDGE('',*,*,#650,.T.);
#1741=EDGE_LOOP('',(#1737,#1738,#1739,#1740));
#1742=FACE_BOUND('',#1741,.T.);
#1743=ADVANCED_FACE('',(#1742),#1736,.T.);
#1744=CARTESIAN_POINT('',(-31.75,-51.775951481,10.));
#1745=DIRECTION('',(0.,-1.,0.));
#1746=DIRECTION('',(0.,0.,-1.));
#1747=AXIS2_PLACEMENT_3D('',#1744,#1745,#1746);
#1748=PLANE('',#1747);
#1749=ORIENTED_EDGE('',*,*,#1297,.F.);
#1750=CARTESIAN_POINT('',(-36.75,-51.775951481,6.));
#1751=DIRECTION('',(1.,-0.,-0.));
#1752=VECTOR('',#1751,5.);
#1753=LINE('',#1750,#1752);
#1754=EDGE_CURVE('',#1406,#1283,#1753,.T.);
#1755=ORIENTED_EDGE('',*,*,#1754,.F.);
#1756=ORIENTED_EDGE('',*,*,#1411,.T.);
#1757=CARTESIAN_POINT('',(-31.75,-51.775951481,2.));
#1758=DIRECTION('',(-1.,0.,0.));
#1759=VECTOR('',#1758,5.);
#1760=LINE('',#1757,#1759);
#1761=EDGE_CURVE('',#1292,#1397,#1760,.T.);
#1762=ORIENTED_EDGE('',*,*,#1761,.F.);
#1763=EDGE_LOOP('',(#1749,#1755,#1756,#1762));
#1764=FACE_BOUND('',#1763,.T.);
#1765=ADVANCED_FACE('',(#1764),#1748,.T.);
#1766=CARTESIAN_POINT('',(-31.75,-53.775951481,0.));
#1767=DIRECTION('',(0.,0.,-1.));
#1768=DIRECTION('',(1.,0.,0.));
#1769=AXIS2_PLACEMENT_3D('',#1766,#1767,#1768);
#1770=PLANE('',#1769);
#1771=ORIENTED_EDGE('',*,*,#1314,.F.);
#1772=CARTESIAN_POINT('',(-36.75,-49.775951481,0.));
#1773=DIRECTION('',(1.,-0.,-0.));
#1774=VECTOR('',#1773,5.);
#1775=LINE('',#1772,#1774);
#1776=EDGE_CURVE('',#1389,#1300,#1775,.T.);
#1777=ORIENTED_EDGE('',*,*,#1776,.F.);
#1778=ORIENTED_EDGE('',*,*,#1394,.T.);
#1779=CARTESIAN_POINT('',(-31.75,-23.775951481,0.));
#1780=DIRECTION('',(-1.,0.,0.));
#1781=VECTOR('',#1780,5.);
#1782=LINE('',#1779,#1781);
#1783=EDGE_CURVE('',#1309,#1380,#1782,.T.);
#1784=ORIENTED_EDGE('',*,*,#1783,.F.);
#1785=EDGE_LOOP('',(#1771,#1777,#1778,#1784));
#1786=FACE_BOUND('',#1785,.T.);
#1787=ADVANCED_FACE('',(#1786),#1770,.T.);
#1788=CARTESIAN_POINT('',(-31.75,-21.775951481,10.));
#1789=DIRECTION('',(0.,-1.,0.));
#1790=DIRECTION('',(0.,0.,-1.));
#1791=AXIS2_PLACEMENT_3D('',#1788,#1789,#1790);
#1792=PLANE('',#1791);
#1793=ORIENTED_EDGE('',*,*,#1331,.T.);
#1794=CARTESIAN_POINT('',(-36.75,-21.775951481,2.));
#1795=DIRECTION('',(1.,-0.,-0.));
#1796=VECTOR('',#1795,5.);
#1797=LINE('',#1794,#1796);
#1798=EDGE_CURVE('',#1372,#1317,#1797,.T.);
#1799=ORIENTED_EDGE('',*,*,#1798,.F.);
#1800=ORIENTED_EDGE('',*,*,#1377,.F.);
#1801=CARTESIAN_POINT('',(-31.75,-21.775951481,18.));
#1802=DIRECTION('',(-1.,0.,0.));
#1803=VECTOR('',#1802,5.);
#1804=LINE('',#1801,#1803);
#1805=EDGE_CURVE('',#1326,#1370,#1804,.T.);
#1806=ORIENTED_EDGE('',*,*,#1805,.F.);
#1807=EDGE_LOOP('',(#1793,#1799,#1800,#1806));
#1808=FACE_BOUND('',#1807,.T.);
#1809=ADVANCED_FACE('',(#1808),#1792,.F.);
#1810=CARTESIAN_POINT('',(-28.75,-43.109284814,10.));
#1811=DIRECTION('',(-1.,0.,0.));
#1812=DIRECTION('',(0.,0.,-1.));
#1813=AXIS2_PLACEMENT_3D('',#1810,#1811,#1812);
#1814=CYLINDRICAL_SURFACE('',#1813,3.8);
#1815=CARTESIAN_POINT('',(-29.75,-43.109284814,6.2));
#1816=VERTEX_POINT('',#1815);
#1817=CARTESIAN_POINT('',(-31.75,-43.109284814,6.2));
#1818=DIRECTION('',(1.,-0.,-0.));
#1819=VECTOR('',#1818,2.);
#1820=LINE('',#1817,#1819);
#1821=EDGE_CURVE('',#1353,#1816,#1820,.T.);
#1822=ORIENTED_EDGE('',*,*,#1821,.T.);
#1823=CARTESIAN_POINT('',(-29.75,-43.109284814,10.));
#1824=DIRECTION('',(1.,0.,0.));
#1825=DIRECTION('',(0.,0.,-1.));
#1826=AXIS2_PLACEMENT_3D('',#1823,#1824,#1825);
#1827=CIRCLE('',#1826,3.8);
#1828=EDGE_CURVE('',#1816,#1816,#1827,.T.);
#1829=ORIENTED_EDGE('',*,*,#1828,.F.);
#1830=ORIENTED_EDGE('',*,*,#1821,.F.);
#1831=ORIENTED_EDGE('',*,*,#1359,.T.);
#1832=EDGE_LOOP('',(#1822,#1829,#1830,#1831));
#1833=FACE_BOUND('',#1832,.T.);
#1834=ADVANCED_FACE('',(#1833),#1814,.T.);
#1835=CARTESIAN_POINT('',(-28.75,-46.025951481,18.));
#1836=DIRECTION('',(-1.,0.,0.));
#1837=DIRECTION('',(0.,0.,-1.));
#1838=AXIS2_PLACEMENT_3D('',#1835,#1836,#1837);
#1839=PLANE('',#1838);
#1840=CARTESIAN_POINT('',(-28.75,-43.109284814,7.2));
#1841=VERTEX_POINT('',#1840);
#1842=CARTESIAN_POINT('',(-28.75,-43.109284814,10.));
#1843=DIRECTION('',(-1.,-0.,-0.));
#1844=DIRECTION('',(0.,0.,-1.));
#1845=AXIS2_PLACEMENT_3D('',#1842,#1843,#1844);
#1846=CIRCLE('',#1845,2.8);
#1847=EDGE_CURVE('',#1841,#1841,#1846,.T.);
#1848=ORIENTED_EDGE('',*,*,#1847,.F.);
#1849=EDGE_LOOP('',(#1848));
#1850=FACE_BOUND('',#1849,.T.);
#1851=ADVANCED_FACE('',(#1850),#1839,.F.);
#1852=CARTESIAN_POINT('',(-28.75,-30.442618147,10.));
#1853=DIRECTION('',(-1.,0.,0.));
#1854=DIRECTION('',(0.,0.,-1.));
#1855=AXIS2_PLACEMENT_3D('',#1852,#1853,#1854);
#1856=CYLINDRICAL_SURFACE('',#1855,3.8);
#1857=CARTESIAN_POINT('',(-29.75,-30.442618147,6.2));
#1858=VERTEX_POINT('',#1857);
#1859=CARTESIAN_POINT('',(-31.75,-30.442618147,6.2));
#1860=DIRECTION('',(1.,-0.,-0.));
#1861=VECTOR('',#1860,2.);
#1862=LINE('',#1859,#1861);
#1863=EDGE_CURVE('',#1342,#1858,#1862,.T.);
#1864=ORIENTED_EDGE('',*,*,#1863,.T.);
#1865=CARTESIAN_POINT('',(-29.75,-30.442618147,10.));
#1866=DIRECTION('',(1.,0.,0.));
#1867=DIRECTION('',(0.,0.,-1.));
#1868=AXIS2_PLACEMENT_3D('',#1865,#1866,#1867);
#1869=CIRCLE('',#1868,3.8);
#1870=EDGE_CURVE('',#1858,#1858,#1869,.T.);
#1871=ORIENTED_EDGE('',*,*,#1870,.F.);
#1872=ORIENTED_EDGE('',*,*,#1863,.F.);
#1873=ORIENTED_EDGE('',*,*,#1348,.T.);
#1874=EDGE_LOOP('',(#1864,#1871,#1872,#1873));
#1875=FACE_BOUND('',#1874,.T.);
#1876=ADVANCED_FACE('',(#1875),#1856,.T.);
#1877=CARTESIAN_POINT('',(-28.75,-46.025951481,18.));
#1878=DIRECTION('',(-1.,0.,0.));
#1879=DIRECTION('',(0.,0.,-1.));
#1880=AXIS2_PLACEMENT_3D('',#1877,#1878,#1879);
#1881=PLANE('',#1880);
#1882=CARTESIAN_POINT('',(-28.75,-30.442618147,7.2));
#1883=VERTEX_POINT('',#1882);
#1884=CARTESIAN_POINT('',(-28.75,-30.442618147,10.));
#1885=DIRECTION('',(-1.,-0.,-0.));
#1886=DIRECTION('',(0.,0.,-1.));
#1887=AXIS2_PLACEMENT_3D('',#1884,#1885,#1886);
#1888=CIRCLE('',#1887,2.8);
#1889=EDGE_CURVE('',#1883,#1883,#1888,.T.);
#1890=ORIENTED_EDGE('',*,*,#1889,.F.);
#1891=EDGE_LOOP('',(#1890));
#1892=FACE_BOUND('',#1891,.T.);
#1893=ADVANCED_FACE('',(#1892),#1881,.F.);
#1894=CARTESIAN_POINT('',(-29.75,-43.109284814,10.));
#1895=DIRECTION('',(-1.,0.,0.));
#1896=DIRECTION('',(0.,0.,-1.));
#1897=AXIS2_PLACEMENT_3D('',#1894,#1895,#1896);
#1898=TOROIDAL_SURFACE('',#1897,2.8,1.);
#1899=CARTESIAN_POINT('',(-29.75,-43.109284814,7.2));
#1900=DIRECTION('',(-0.,-1.,-0.));
#1901=DIRECTION('',(0.,0.,-1.));
#1902=AXIS2_PLACEMENT_3D('',#1899,#1900,#1901);
#1903=CIRCLE('',#1902,1.);
#1904=EDGE_CURVE('',#1816,#1841,#1903,.T.);
#1905=ORIENTED_EDGE('',*,*,#1904,.T.);
#1906=ORIENTED_EDGE('',*,*,#1847,.T.);
#1907=ORIENTED_EDGE('',*,*,#1904,.F.);
#1908=ORIENTED_EDGE('',*,*,#1828,.T.);
#1909=EDGE_LOOP('',(#1905,#1906,#1907,#1908));
#1910=FACE_BOUND('',#1909,.T.);
#1911=ADVANCED_FACE('',(#1910),#1898,.T.);
#1912=CARTESIAN_POINT('',(-29.75,-30.442618147,10.));
#1913=DIRECTION('',(-1.,0.,0.));
#1914=DIRECTION('',(0.,0.,-1.));
#1915=AXIS2_PLACEMENT_3D('',#1912,#1913,#1914);
#1916=TOROIDAL_SURFACE('',#1915,2.8,1.);
#1917=CARTESIAN_POINT('',(-29.75,-30.442618147,7.2));
#1918=DIRECTION('',(-0.,-1.,-0.));
#1919=DIRECTION('',(0.,0.,-1.));
#1920=AXIS2_PLACEMENT_3D('',#1917,#1918,#1919);
#1921=CIRCLE('',#1920,1.);
#1922=EDGE_CURVE('',#1858,#1883,#1921,.T.);
#1923=ORIENTED_EDGE('',*,*,#1922,.T.);
#1924=ORIENTED_EDGE('',*,*,#1889,.T.);
#1925=ORIENTED_EDGE('',*,*,#1922,.F.);
#1926=ORIENTED_EDGE('',*,*,#1870,.T.);
#1927=EDGE_LOOP('',(#1923,#1924,#1925,#1926));
#1928=FACE_BOUND('',#1927,.T.);
#1929=ADVANCED_FACE('',(#1928),#1916,.T.);
#1930=CARTESIAN_POINT('',(-36.25,-53.775951481,6.));
#1931=DIRECTION('',(1.,0.,-0.));
#1932=DIRECTION('',(0.,0.,1.));
#1933=AXIS2_PLACEMENT_3D('',#1930,#1931,#1932);
#1934=CYLINDRICAL_SURFACE('',#1933,2.);
#1935=ORIENTED_EDGE('',*,*,#1289,.T.);
#1936=ORIENTED_EDGE('',*,*,#1511,.T.);
#1937=ORIENTED_EDGE('',*,*,#1420,.T.);
#1938=ORIENTED_EDGE('',*,*,#1754,.T.);
#1939=EDGE_LOOP('',(#1935,#1936,#1937,#1938));
#1940=FACE_BOUND('',#1939,.T.);
#1941=ADVANCED_FACE('',(#1940),#1934,.F.);
#1942=CARTESIAN_POINT('',(-31.75,-49.775951481,2.));
#1943=DIRECTION('',(-1.,0.,0.));
#1944=DIRECTION('',(0.,0.,-1.));
#1945=AXIS2_PLACEMENT_3D('',#1942,#1943,#1944);
#1946=CYLINDRICAL_SURFACE('',#1945,2.);
#1947=ORIENTED_EDGE('',*,*,#1306,.T.);
#1948=ORIENTED_EDGE('',*,*,#1761,.T.);
#1949=ORIENTED_EDGE('',*,*,#1403,.T.);
#1950=ORIENTED_EDGE('',*,*,#1776,.T.);
#1951=EDGE_LOOP('',(#1947,#1948,#1949,#1950));
#1952=FACE_BOUND('',#1951,.T.);
#1953=ADVANCED_FACE('',(#1952),#1946,.T.);
#1954=CARTESIAN_POINT('',(-31.75,-23.775951481,2.));
#1955=DIRECTION('',(1.,0.,-0.));
#1956=DIRECTION('',(0.,0.,1.));
#1957=AXIS2_PLACEMENT_3D('',#1954,#1955,#1956);
#1958=CYLINDRICAL_SURFACE('',#1957,2.);
#1959=ORIENTED_EDGE('',*,*,#1323,.T.);
#1960=ORIENTED_EDGE('',*,*,#1783,.T.);
#1961=ORIENTED_EDGE('',*,*,#1386,.T.);
#1962=ORIENTED_EDGE('',*,*,#1798,.T.);
#1963=EDGE_LOOP('',(#1959,#1960,#1961,#1962));
#1964=FACE_BOUND('',#1963,.T.);
#1965=ADVANCED_FACE('',(#1964),#1958,.T.);
#1966=CARTESIAN_POINT('',(-31.75,-21.775951481,18.));
#1967=DIRECTION('',(0.,-0.707106781,-0.707106781));
#1968=DIRECTION('',(-1.,0.,0.));
#1969=AXIS2_PLACEMENT_3D('',#1966,#1967,#1968);
#1970=PLANE('',#1969);
#1971=ORIENTED_EDGE('',*,*,#1337,.T.);
#1972=ORIENTED_EDGE('',*,*,#1805,.T.);
#1973=ORIENTED_EDGE('',*,*,#1441,.T.);
#1974=ORIENTED_EDGE('',*,*,#65,.T.);
#1975=EDGE_LOOP('',(#1971,#1972,#1973,#1974));
#1976=FACE_BOUND('',#1975,.T.);
#1977=ADVANCED_FACE('',(#1976),#1970,.F.);
#1978=CLOSED_SHELL('',(#168,#272,#354,#435,#575,#597,#628,#691,#722,#746,#770,#788,#806,#818,#830,#895,#919,#940,#984,#1001,#1013,#1025,#1047,#1069,#1091,#1116,
#1133,#1158,#1175,#1193,#1211,#1223,#1235,#1247,#1259,#1363,#1445,#1515,#1537,#1568,#1585,#1602,#1614,#1632,#1650,#1662,#1674,#1698,#1719,#1731,#1743,
#1765,#1787,#1809,#1834,#1851,#1876,#1893,#1911,#1929,#1941,#1953,#1965,#1977));
#1979=MANIFOLD_SOLID_BREP('Stand',#1978);
#1980=COLOUR_RGB('',0.494117647,0.494117647,0.525490224);
#1981=FILL_AREA_STYLE_COLOUR('',#1980);
#1982=FILL_AREA_STYLE('',(#1981));
#1983=SURFACE_STYLE_FILL_AREA(#1982);
#1984=SURFACE_SIDE_STYLE('',(#1983));
#1985=SURFACE_STYLE_USAGE(.BOTH.,#1984);
#1986=PRESENTATION_STYLE_ASSIGNMENT((#1985));
#26=STYLED_ITEM('',(#1986),#1979);
#1988=CARTESIAN_POINT('',(0.,0.,-12.));
#1989=DIRECTION('',(0.,0.,-1.));
#1990=DIRECTION('',(-1.,0.,0.));
#1991=AXIS2_PLACEMENT_3D('',#1988,#1989,#1990);
#1992=PLANE('',#1991);
#1993=CARTESIAN_POINT('',(-28.3,33.724048519,-12.));
#1994=VERTEX_POINT('',#1993);
#1995=CARTESIAN_POINT('',(-28.3,-48.775951481,-12.));
#1996=VERTEX_POINT('',#1995);
#1997=CARTESIAN_POINT('',(-28.3,33.724048519,-12.));
#1998=DIRECTION('',(0.,-1.,0.));
#1999=VECTOR('',#1998,82.5);
#2000=LINE('',#1997,#1999);
#2001=EDGE_CURVE('',#1994,#1996,#2000,.T.);
#2002=ORIENTED_EDGE('',*,*,#2001,.F.);
#2003=CARTESIAN_POINT('',(-27.5,34.524048519,-12.));
#2004=VERTEX_POINT('',#2003);
#2005=CARTESIAN_POINT('',(-27.5,33.724048519,-12.));
#2006=DIRECTION('',(0.,0.,-1.));
#2007=DIRECTION('',(-1.,0.,0.));
#2008=AXIS2_PLACEMENT_3D('',#2005,#2006,#2007);
#2009=CIRCLE('',#2008,0.8);
#2010=EDGE_CURVE('',#1994,#2004,#2009,.T.);
#2011=ORIENTED_EDGE('',*,*,#2010,.T.);
#2012=CARTESIAN_POINT('',(27.5,34.524048519,-12.));
#2013=VERTEX_POINT('',#2012);
#2014=CARTESIAN_POINT('',(27.5,34.524048519,-12.));
#2015=DIRECTION('',(-1.,0.,0.));
#2016=VECTOR('',#2015,55.);
#2017=LINE('',#2014,#2016);
#2018=EDGE_CURVE('',#2013,#2004,#2017,.T.);
#2019=ORIENTED_EDGE('',*,*,#2018,.F.);
#2020=CARTESIAN_POINT('',(28.3,33.724048519,-12.));
#2021=VERTEX_POINT('',#2020);
#2022=CARTESIAN_POINT('',(27.5,33.724048519,-12.));
#2023=DIRECTION('',(0.,0.,-1.));
#2024=DIRECTION('',(-1.,0.,0.));
#2025=AXIS2_PLACEMENT_3D('',#2022,#2023,#2024);
#2026=CIRCLE('',#2025,0.8);
#2027=EDGE_CURVE('',#2013,#2021,#2026,.T.);
#2028=ORIENTED_EDGE('',*,*,#2027,.T.);
#2029=CARTESIAN_POINT('',(28.3,-48.775951481,-12.));
#2030=VERTEX_POINT('',#2029);
#2031=CARTESIAN_POINT('',(28.3,-48.775951481,-12.));
#2032=DIRECTION('',(-0.,1.,0.));
#2033=VECTOR('',#2032,82.5);
#2034=LINE('',#2031,#2033);
#2035=EDGE_CURVE('',#2030,#2021,#2034,.T.);
#2036=ORIENTED_EDGE('',*,*,#2035,.F.);
#2037=CARTESIAN_POINT('',(24.5,-52.575951481,-12.));
#2038=VERTEX_POINT('',#2037);
#2039=CARTESIAN_POINT('',(24.5,-48.775951481,-12.));
#2040=DIRECTION('',(0.,0.,-1.));
#2041=DIRECTION('',(-1.,0.,0.));
#2042=AXIS2_PLACEMENT_3D('',#2039,#2040,#2041);
#2043=CIRCLE('',#2042,3.8);
#2044=EDGE_CURVE('',#2030,#2038,#2043,.T.);
#2045=ORIENTED_EDGE('',*,*,#2044,.T.);
#2046=CARTESIAN_POINT('',(-24.5,-52.575951481,-12.));
#2047=VERTEX_POINT('',#2046);
#2048=CARTESIAN_POINT('',(-24.5,-52.575951481,-12.));
#2049=DIRECTION('',(1.,0.,0.));
#2050=VECTOR('',#2049,49.);
#2051=LINE('',#2048,#2050);
#2052=EDGE_CURVE('',#2047,#2038,#2051,.T.);
#2053=ORIENTED_EDGE('',*,*,#2052,.F.);
#2054=CARTESIAN_POINT('',(-24.5,-48.775951481,-12.));
#2055=DIRECTION('',(0.,0.,-1.));
#2056=DIRECTION('',(-1.,0.,0.));
#2057=AXIS2_PLACEMENT_3D('',#2054,#2055,#2056);
#2058=CIRCLE('',#2057,3.8);
#2059=EDGE_CURVE('',#2047,#1996,#2058,.T.);
#2060=ORIENTED_EDGE('',*,*,#2059,.T.);
#2061=EDGE_LOOP('',(#2002,#2011,#2019,#2028,#2036,#2045,#2053,#2060));
#2062=FACE_BOUND('',#2061,.T.);
#2063=CARTESIAN_POINT('',(14.5,-15.775951481,-12.));
#2064=VERTEX_POINT('',#2063);
#2065=CARTESIAN_POINT('',(14.5,5.724048519,-12.));
#2066=VERTEX_POINT('',#2065);
#2067=CARTESIAN_POINT('',(14.5,-15.775951481,-12.));
#2068=DIRECTION('',(0.,1.,0.));
#2069=VECTOR('',#2068,21.5);
#2070=LINE('',#2067,#2069);
#2071=EDGE_CURVE('',#2064,#2066,#2070,.T.);
#2072=ORIENTED_EDGE('',*,*,#2071,.T.);
#2073=CARTESIAN_POINT('',(11.5,8.724048519,-12.));
#2074=VERTEX_POINT('',#2073);
#2075=CARTESIAN_POINT('',(11.5,5.724048519,-12.));
#2076=DIRECTION('',(-0.,-0.,1.));
#2077=DIRECTION('',(-1.,0.,0.));
#2078=AXIS2_PLACEMENT_3D('',#2075,#2076,#2077);
#2079=CIRCLE('',#2078,3.);
#2080=EDGE_CURVE('',#2066,#2074,#2079,.T.);
#2081=ORIENTED_EDGE('',*,*,#2080,.T.);
#2082=CARTESIAN_POINT('',(-11.5,8.724048519,-12.));
#2083=VERTEX_POINT('',#2082);
#2084=CARTESIAN_POINT('',(11.5,8.724048519,-12.));
#2085=DIRECTION('',(-1.,0.,0.));
#2086=VECTOR('',#2085,23.);
#2087=LINE('',#2084,#2086);
#2088=EDGE_CURVE('',#2074,#2083,#2087,.T.);
#2089=ORIENTED_EDGE('',*,*,#2088,.T.);
#2090=CARTESIAN_POINT('',(-14.5,5.724048519,-12.));
#2091=VERTEX_POINT('',#2090);
#2092=CARTESIAN_POINT('',(-11.5,5.724048519,-12.));
#2093=DIRECTION('',(-0.,-0.,1.));
#2094=DIRECTION('',(-1.,0.,0.));
#2095=AXIS2_PLACEMENT_3D('',#2092,#2093,#2094);
#2096=CIRCLE('',#2095,3.);
#2097=EDGE_CURVE('',#2083,#2091,#2096,.T.);
#2098=ORIENTED_EDGE('',*,*,#2097,.T.);
#2099=CARTESIAN_POINT('',(-14.5,-15.775951481,-12.));
#2100=VERTEX_POINT('',#2099);
#2101=CARTESIAN_POINT('',(-14.5,5.724048519,-12.));
#2102=DIRECTION('',(-0.,-1.,0.));
#2103=VECTOR('',#2102,21.5);
#2104=LINE('',#2101,#2103);
#2105=EDGE_CURVE('',#2091,#2100,#2104,.T.);
#2106=ORIENTED_EDGE('',*,*,#2105,.T.);
#2107=CARTESIAN_POINT('',(-11.5,-18.775951481,-12.));
#2108=VERTEX_POINT('',#2107);
#2109=CARTESIAN_POINT('',(-11.5,-15.775951481,-12.));
#2110=DIRECTION('',(-0.,-0.,1.));
#2111=DIRECTION('',(-1.,0.,0.));
#2112=AXIS2_PLACEMENT_3D('',#2109,#2110,#2111);
#2113=CIRCLE('',#2112,3.);
#2114=EDGE_CURVE('',#2100,#2108,#2113,.T.);
#2115=ORIENTED_EDGE('',*,*,#2114,.T.);
#2116=CARTESIAN_POINT('',(11.5,-18.775951481,-12.));
#2117=VERTEX_POINT('',#2116);
#2118=CARTESIAN_POINT('',(-11.5,-18.775951481,-12.));
#2119=DIRECTION('',(1.,0.,-0.));
#2120=VECTOR('',#2119,23.);
#2121=LINE('',#2118,#2120);
#2122=EDGE_CURVE('',#2108,#2117,#2121,.T.);
#2123=ORIENTED_EDGE('',*,*,#2122,.T.);
#2124=CARTESIAN_POINT('',(11.5,-15.775951481,-12.));
#2125=DIRECTION('',(-0.,-0.,1.));
#2126=DIRECTION('',(-1.,0.,0.));
#2127=AXIS2_PLACEMENT_3D('',#2124,#2125,#2126);
#2128=CIRCLE('',#2127,3.);
#2129=EDGE_CURVE('',#2117,#2064,#2128,.T.);
#2130=ORIENTED_EDGE('',*,*,#2129,.T.);
#2131=EDGE_LOOP('',(#2072,#2081,#2089,#2098,#2106,#2115,#2123,#2130));
#2132=FACE_BOUND('',#2131,.T.);
#2133=CARTESIAN_POINT('',(-1.,-35.050951481,-12.));
#2134=VERTEX_POINT('',#2133);
#2135=CARTESIAN_POINT('',(-2.165063509,-35.050951481,-12.));
#2136=VERTEX_POINT('',#2135);
#2137=CARTESIAN_POINT('',(-1.,-35.050951481,-12.));
#2138=DIRECTION('',(-1.,0.,0.));
#2139=VECTOR('',#2138,1.165063509);
#2140=LINE('',#2137,#2139);
#2141=EDGE_CURVE('',#2134,#2136,#2140,.T.);
#2142=ORIENTED_EDGE('',*,*,#2141,.F.);
#2143=CARTESIAN_POINT('',(-1.,-40.050951481,-12.));
#2144=VERTEX_POINT('',#2143);
#2145=CARTESIAN_POINT('',(-1.,-35.050951481,-12.));
#2146=DIRECTION('',(0.,-1.,0.));
#2147=VECTOR('',#2146,5.);
#2148=LINE('',#2145,#2147);
#2149=EDGE_CURVE('',#2134,#2144,#2148,.T.);
#2150=ORIENTED_EDGE('',*,*,#2149,.T.);
#2151=CARTESIAN_POINT('',(1.,-40.050951481,-12.));
#2152=VERTEX_POINT('',#2151);
#2153=CARTESIAN_POINT('',(-1.,-40.050951481,-12.));
#2154=DIRECTION('',(1.,0.,-0.));
#2155=VECTOR('',#2154,2.);
#2156=LINE('',#2153,#2155);
#2157=EDGE_CURVE('',#2144,#2152,#2156,.T.);
#2158=ORIENTED_EDGE('',*,*,#2157,.T.);
#2159=CARTESIAN_POINT('',(1.,-35.050951481,-12.));
#2160=VERTEX_POINT('',#2159);
#2161=CARTESIAN_POINT('',(1.,-40.050951481,-12.));
#2162=DIRECTION('',(0.,1.,0.));
#2163=VECTOR('',#2162,5.);
#2164=LINE('',#2161,#2163);
#2165=EDGE_CURVE('',#2152,#2160,#2164,.T.);
#2166=ORIENTED_EDGE('',*,*,#2165,.T.);
#2167=CARTESIAN_POINT('',(2.165063509,-35.050951481,-12.));
#2168=VERTEX_POINT('',#2167);
#2169=CARTESIAN_POINT('',(2.165063509,-35.050951481,-12.));
#2170=DIRECTION('',(-1.,0.,0.));
#2171=VECTOR('',#2170,1.165063509);
#2172=LINE('',#2169,#2171);
#2173=EDGE_CURVE('',#2168,#2160,#2172,.T.);
#2174=ORIENTED_EDGE('',*,*,#2173,.F.);
#2175=CARTESIAN_POINT('',(-0.,-31.300951481,-12.));
#2176=VERTEX_POINT('',#2175);
#2177=CARTESIAN_POINT('',(-0.,-31.300951481,-12.));
#2178=DIRECTION('',(0.5,-0.866025404,0.));
#2179=VECTOR('',#2178,4.330127019);
#2180=LINE('',#2177,#2179);
#2181=EDGE_CURVE('',#2176,#2168,#2180,.T.);
#2182=ORIENTED_EDGE('',*,*,#2181,.F.);
#2183=CARTESIAN_POINT('',(-2.165063509,-35.050951481,-12.));
#2184=DIRECTION('',(0.5,0.866025404,0.));
#2185=VECTOR('',#2184,4.330127019);
#2186=LINE('',#2183,#2185);
#2187=EDGE_CURVE('',#2136,#2176,#2186,.T.);
#2188=ORIENTED_EDGE('',*,*,#2187,.F.);
#2189=EDGE_LOOP('',(#2142,#2150,#2158,#2166,#2174,#2182,#2188));
#2190=FACE_BOUND('',#2189,.T.);
#2191=ADVANCED_FACE('',(#2062,#2132,#2190),#1992,.T.);
#2192=CARTESIAN_POINT('',(0.,0.,-10.));
#2193=DIRECTION('',(0.,0.,-1.));
#2194=DIRECTION('',(-1.,0.,0.));
#2195=AXIS2_PLACEMENT_3D('',#2192,#2193,#2194);
#2196=PLANE('',#2195);
#2197=CARTESIAN_POINT('',(-14.5,5.724048519,-10.));
#2198=VERTEX_POINT('',#2197);
#2199=CARTESIAN_POINT('',(-14.5,-15.775951481,-10.));
#2200=VERTEX_POINT('',#2199);
#2201=CARTESIAN_POINT('',(-14.5,5.724048519,-10.));
#2202=DIRECTION('',(-0.,-1.,0.));
#2203=VECTOR('',#2202,21.5);
#2204=LINE('',#2201,#2203);
#2205=EDGE_CURVE('',#2198,#2200,#2204,.T.);
#2206=ORIENTED_EDGE('',*,*,#2205,.F.);
#2207=CARTESIAN_POINT('',(-11.5,8.724048519,-10.));
#2208=VERTEX_POINT('',#2207);
#2209=CARTESIAN_POINT('',(-11.5,5.724048519,-10.));
#2210=DIRECTION('',(0.,0.,-1.));
#2211=DIRECTION('',(-1.,0.,0.));
#2212=AXIS2_PLACEMENT_3D('',#2209,#2210,#2211);
#2213=CIRCLE('',#2212,3.);
#2214=EDGE_CURVE('',#2198,#2208,#2213,.T.);
#2215=ORIENTED_EDGE('',*,*,#2214,.T.);
#2216=CARTESIAN_POINT('',(11.5,8.724048519,-10.));
#2217=VERTEX_POINT('',#2216);
#2218=CARTESIAN_POINT('',(11.5,8.724048519,-10.));
#2219=DIRECTION('',(-1.,0.,0.));
#2220=VECTOR('',#2219,23.);
#2221=LINE('',#2218,#2220);
#2222=EDGE_CURVE('',#2217,#2208,#2221,.T.);
#2223=ORIENTED_EDGE('',*,*,#2222,.F.);
#2224=CARTESIAN_POINT('',(14.5,5.724048519,-10.));
#2225=VERTEX_POINT('',#2224);
#2226=CARTESIAN_POINT('',(11.5,5.724048519,-10.));
#2227=DIRECTION('',(0.,0.,-1.));
#2228=DIRECTION('',(-1.,0.,0.));
#2229=AXIS2_PLACEMENT_3D('',#2226,#2227,#2228);
#2230=CIRCLE('',#2229,3.);
#2231=EDGE_CURVE('',#2217,#2225,#2230,.T.);
#2232=ORIENTED_EDGE('',*,*,#2231,.T.);
#2233=CARTESIAN_POINT('',(14.5,-15.775951481,-10.));
#2234=VERTEX_POINT('',#2233);
#2235=CARTESIAN_POINT('',(14.5,-15.775951481,-10.));
#2236=DIRECTION('',(0.,1.,0.));
#2237=VECTOR('',#2236,21.5);
#2238=LINE('',#2235,#2237);
#2239=EDGE_CURVE('',#2234,#2225,#2238,.T.);
#2240=ORIENTED_EDGE('',*,*,#2239,.F.);
#2241=CARTESIAN_POINT('',(11.5,-18.775951481,-10.));
#2242=VERTEX_POINT('',#2241);
#2243=CARTESIAN_POINT('',(11.5,-15.775951481,-10.));
#2244=DIRECTION('',(0.,0.,-1.));
#2245=DIRECTION('',(-1.,0.,0.));
#2246=AXIS2_PLACEMENT_3D('',#2243,#2244,#2245);
#2247=CIRCLE('',#2246,3.);
#2248=EDGE_CURVE('',#2234,#2242,#2247,.T.);
#2249=ORIENTED_EDGE('',*,*,#2248,.T.);
#2250=CARTESIAN_POINT('',(-11.5,-18.775951481,-10.));
#2251=VERTEX_POINT('',#2250);
#2252=CARTESIAN_POINT('',(-11.5,-18.775951481,-10.));
#2253=DIRECTION('',(1.,0.,-0.));
#2254=VECTOR('',#2253,23.);
#2255=LINE('',#2252,#2254);
#2256=EDGE_CURVE('',#2251,#2242,#2255,.T.);
#2257=ORIENTED_EDGE('',*,*,#2256,.F.);
#2258=CARTESIAN_POINT('',(-11.5,-15.775951481,-10.));
#2259=DIRECTION('',(0.,0.,-1.));
#2260=DIRECTION('',(-1.,0.,0.));
#2261=AXIS2_PLACEMENT_3D('',#2258,#2259,#2260);
#2262=CIRCLE('',#2261,3.);
#2263=EDGE_CURVE('',#2251,#2200,#2262,.T.);
#2264=ORIENTED_EDGE('',*,*,#2263,.T.);
#2265=EDGE_LOOP('',(#2206,#2215,#2223,#2232,#2240,#2249,#2257,#2264));
#2266=FACE_BOUND('',#2265,.T.);
#2267=CARTESIAN_POINT('',(-21.5,-49.575951481,-10.));
#2268=VERTEX_POINT('',#2267);
#2269=CARTESIAN_POINT('',(-25.3,-49.575951481,-10.));
#2270=VERTEX_POINT('',#2269);
#2271=CARTESIAN_POINT('',(-21.5,-49.575951481,-10.));
#2272=DIRECTION('',(-1.,-0.,0.));
#2273=VECTOR('',#2272,3.8);
#2274=LINE('',#2271,#2273);
#2275=EDGE_CURVE('',#2268,#2270,#2274,.T.);
#2276=ORIENTED_EDGE('',*,*,#2275,.F.);
#2277=CARTESIAN_POINT('',(-20.5,-50.575951481,-10.));
#2278=VERTEX_POINT('',#2277);
#2279=CARTESIAN_POINT('',(-21.5,-50.575951481,-10.));
#2280=DIRECTION('',(0.,0.,-1.));
#2281=DIRECTION('',(-1.,0.,0.));
#2282=AXIS2_PLACEMENT_3D('',#2279,#2280,#2281);
#2283=CIRCLE('',#2282,1.);
#2284=EDGE_CURVE('',#2268,#2278,#2283,.T.);
#2285=ORIENTED_EDGE('',*,*,#2284,.T.);
#2286=CARTESIAN_POINT('',(-20.5,-51.575951481,-10.));
#2287=VERTEX_POINT('',#2286);
#2288=CARTESIAN_POINT('',(-20.5,-51.575951481,-10.));
#2289=DIRECTION('',(0.,1.,0.));
#2290=VECTOR('',#2289,1.);
#2291=LINE('',#2288,#2290);
#2292=EDGE_CURVE('',#2287,#2278,#2291,.T.);
#2293=ORIENTED_EDGE('',*,*,#2292,.F.);
#2294=CARTESIAN_POINT('',(-21.5,-52.575951481,-10.));
#2295=VERTEX_POINT('',#2294);
#2296=CARTESIAN_POINT('',(-21.5,-51.575951481,-10.));
#2297=DIRECTION('',(0.,0.,-1.));
#2298=DIRECTION('',(-1.,0.,0.));
#2299=AXIS2_PLACEMENT_3D('',#2296,#2297,#2298);
#2300=CIRCLE('',#2299,1.);
#2301=EDGE_CURVE('',#2287,#2295,#2300,.T.);
#2302=ORIENTED_EDGE('',*,*,#2301,.T.);
#2303=CARTESIAN_POINT('',(21.5,-52.575951481,-10.));
#2304=VERTEX_POINT('',#2303);
#2305=CARTESIAN_POINT('',(-21.5,-52.575951481,-10.));
#2306=DIRECTION('',(1.,0.,0.));
#2307=VECTOR('',#2306,43.);
#2308=LINE('',#2305,#2307);
#2309=EDGE_CURVE('',#2295,#2304,#2308,.T.);
#2310=ORIENTED_EDGE('',*,*,#2309,.T.);
#2311=CARTESIAN_POINT('',(20.5,-51.575951481,-10.));
#2312=VERTEX_POINT('',#2311);
#2313=CARTESIAN_POINT('',(21.5,-51.575951481,-10.));
#2314=DIRECTION('',(0.,0.,-1.));
#2315=DIRECTION('',(-1.,0.,0.));
#2316=AXIS2_PLACEMENT_3D('',#2313,#2314,#2315);
#2317=CIRCLE('',#2316,1.);
#2318=EDGE_CURVE('',#2304,#2312,#2317,.T.);
#2319=ORIENTED_EDGE('',*,*,#2318,.T.);
#2320=CARTESIAN_POINT('',(20.5,-50.575951481,-10.));
#2321=VERTEX_POINT('',#2320);
#2322=CARTESIAN_POINT('',(20.5,-51.575951481,-10.));
#2323=DIRECTION('',(0.,1.,0.));
#2324=VECTOR('',#2323,1.);
#2325=LINE('',#2322,#2324);
#2326=EDGE_CURVE('',#2312,#2321,#2325,.T.);
#2327=ORIENTED_EDGE('',*,*,#2326,.T.);
#2328=CARTESIAN_POINT('',(21.5,-49.575951481,-10.));
#2329=VERTEX_POINT('',#2328);
#2330=CARTESIAN_POINT('',(21.5,-50.575951481,-10.));
#2331=DIRECTION('',(0.,0.,-1.));
#2332=DIRECTION('',(-1.,0.,0.));
#2333=AXIS2_PLACEMENT_3D('',#2330,#2331,#2332);
#2334=CIRCLE('',#2333,1.);
#2335=EDGE_CURVE('',#2321,#2329,#2334,.T.);
#2336=ORIENTED_EDGE('',*,*,#2335,.T.);
#2337=CARTESIAN_POINT('',(25.3,-49.575951481,-10.));
#2338=VERTEX_POINT('',#2337);
#2339=CARTESIAN_POINT('',(25.3,-49.575951481,-10.));
#2340=DIRECTION('',(-1.,-0.,0.));
#2341=VECTOR('',#2340,3.8);
#2342=LINE('',#2339,#2341);
#2343=EDGE_CURVE('',#2338,#2329,#2342,.T.);
#2344=ORIENTED_EDGE('',*,*,#2343,.F.);
#2345=CARTESIAN_POINT('',(25.3,31.524048519,-10.));
#2346=VERTEX_POINT('',#2345);
#2347=CARTESIAN_POINT('',(25.3,-49.575951481,-10.));
#2348=DIRECTION('',(-0.,1.,0.));
#2349=VECTOR('',#2348,81.1);
#2350=LINE('',#2347,#2349);
#2351=EDGE_CURVE('',#2338,#2346,#2350,.T.);
#2352=ORIENTED_EDGE('',*,*,#2351,.T.);
#2353=CARTESIAN_POINT('',(21.5,31.524048519,-10.));
#2354=VERTEX_POINT('',#2353);
#2355=CARTESIAN_POINT('',(21.5,31.524048519,-10.));
#2356=DIRECTION('',(1.,0.,0.));
#2357=VECTOR('',#2356,3.8);
#2358=LINE('',#2355,#2357);
#2359=EDGE_CURVE('',#2354,#2346,#2358,.T.);
#2360=ORIENTED_EDGE('',*,*,#2359,.F.);
#2361=CARTESIAN_POINT('',(20.5,32.524048519,-10.));
#2362=VERTEX_POINT('',#2361);
#2363=CARTESIAN_POINT('',(21.5,32.524048519,-10.));
#2364=DIRECTION('',(0.,0.,-1.));
#2365=DIRECTION('',(-1.,0.,0.));
#2366=AXIS2_PLACEMENT_3D('',#2363,#2364,#2365);
#2367=CIRCLE('',#2366,1.);
#2368=EDGE_CURVE('',#2354,#2362,#2367,.T.);
#2369=ORIENTED_EDGE('',*,*,#2368,.T.);
#2370=CARTESIAN_POINT('',(20.5,33.524048519,-10.));
#2371=VERTEX_POINT('',#2370);
#2372=CARTESIAN_POINT('',(20.5,32.524048519,-10.));
#2373=DIRECTION('',(0.,1.,0.));
#2374=VECTOR('',#2373,1.);
#2375=LINE('',#2372,#2374);
#2376=EDGE_CURVE('',#2362,#2371,#2375,.T.);
#2377=ORIENTED_EDGE('',*,*,#2376,.T.);
#2378=CARTESIAN_POINT('',(21.5,34.524048519,-10.));
#2379=VERTEX_POINT('',#2378);
#2380=CARTESIAN_POINT('',(21.5,33.524048519,-10.));
#2381=DIRECTION('',(0.,0.,-1.));
#2382=DIRECTION('',(-1.,0.,0.));
#2383=AXIS2_PLACEMENT_3D('',#2380,#2381,#2382);
#2384=CIRCLE('',#2383,1.);
#2385=EDGE_CURVE('',#2371,#2379,#2384,.T.);
#2386=ORIENTED_EDGE('',*,*,#2385,.T.);
#2387=CARTESIAN_POINT('',(-21.5,34.524048519,-10.));
#2388=VERTEX_POINT('',#2387);
#2389=CARTESIAN_POINT('',(21.5,34.524048519,-10.));
#2390=DIRECTION('',(-1.,0.,0.));
#2391=VECTOR('',#2390,43.);
#2392=LINE('',#2389,#2391);
#2393=EDGE_CURVE('',#2379,#2388,#2392,.T.);
#2394=ORIENTED_EDGE('',*,*,#2393,.T.);
#2395=CARTESIAN_POINT('',(-20.5,33.524048519,-10.));
#2396=VERTEX_POINT('',#2395);
#2397=CARTESIAN_POINT('',(-21.5,33.524048519,-10.));
#2398=DIRECTION('',(0.,0.,-1.));
#2399=DIRECTION('',(-1.,0.,0.));
#2400=AXIS2_PLACEMENT_3D('',#2397,#2398,#2399);
#2401=CIRCLE('',#2400,1.);
#2402=EDGE_CURVE('',#2388,#2396,#2401,.T.);
#2403=ORIENTED_EDGE('',*,*,#2402,.T.);
#2404=CARTESIAN_POINT('',(-20.5,32.524048519,-10.));
#2405=VERTEX_POINT('',#2404);
#2406=CARTESIAN_POINT('',(-20.5,32.524048519,-10.));
#2407=DIRECTION('',(0.,1.,0.));
#2408=VECTOR('',#2407,1.);
#2409=LINE('',#2406,#2408);
#2410=EDGE_CURVE('',#2405,#2396,#2409,.T.);
#2411=ORIENTED_EDGE('',*,*,#2410,.F.);
#2412=CARTESIAN_POINT('',(-21.5,31.524048519,-10.));
#2413=VERTEX_POINT('',#2412);
#2414=CARTESIAN_POINT('',(-21.5,32.524048519,-10.));
#2415=DIRECTION('',(0.,0.,-1.));
#2416=DIRECTION('',(-1.,0.,0.));
#2417=AXIS2_PLACEMENT_3D('',#2414,#2415,#2416);
#2418=CIRCLE('',#2417,1.);
#2419=EDGE_CURVE('',#2405,#2413,#2418,.T.);
#2420=ORIENTED_EDGE('',*,*,#2419,.T.);
#2421=CARTESIAN_POINT('',(-25.3,31.524048519,-10.));
#2422=VERTEX_POINT('',#2421);
#2423=CARTESIAN_POINT('',(-25.3,31.524048519,-10.));
#2424=DIRECTION('',(1.,0.,0.));
#2425=VECTOR('',#2424,3.8);
#2426=LINE('',#2423,#2425);
#2427=EDGE_CURVE('',#2422,#2413,#2426,.T.);
#2428=ORIENTED_EDGE('',*,*,#2427,.F.);
#2429=CARTESIAN_POINT('',(-25.3,-49.575951481,-10.));
#2430=DIRECTION('',(-0.,1.,0.));
#2431=VECTOR('',#2430,81.1);
#2432=LINE('',#2429,#2431);
#2433=EDGE_CURVE('',#2270,#2422,#2432,.T.);
#2434=ORIENTED_EDGE('',*,*,#2433,.F.);
#2435=EDGE_LOOP('',(#2276,#2285,#2293,#2302,#2310,#2319,#2327,#2336,#2344,#2352,#2360,#2369,#2377,#2386,#2394,#2403,#2411,#2420,#2428,#2434));
#2436=FACE_BOUND('',#2435,.T.);
#2437=CARTESIAN_POINT('',(-1.,-35.050951481,-10.));
#2438=VERTEX_POINT('',#2437);
#2439=CARTESIAN_POINT('',(-1.,-40.050951481,-10.));
#2440=VERTEX_POINT('',#2439);
#2441=CARTESIAN_POINT('',(-1.,-35.050951481,-10.));
#2442=DIRECTION('',(0.,-1.,0.));
#2443=VECTOR('',#2442,5.);
#2444=LINE('',#2441,#2443);
#2445=EDGE_CURVE('',#2438,#2440,#2444,.T.);
#2446=ORIENTED_EDGE('',*,*,#2445,.F.);
#2447=CARTESIAN_POINT('',(-2.165063509,-35.050951481,-10.));
#2448=VERTEX_POINT('',#2447);
#2449=CARTESIAN_POINT('',(-1.,-35.050951481,-10.));
#2450=DIRECTION('',(-1.,0.,0.));
#2451=VECTOR('',#2450,1.165063509);
#2452=LINE('',#2449,#2451);
#2453=EDGE_CURVE('',#2438,#2448,#2452,.T.);
#2454=ORIENTED_EDGE('',*,*,#2453,.T.);
#2455=CARTESIAN_POINT('',(-0.,-31.300951481,-10.));
#2456=VERTEX_POINT('',#2455);
#2457=CARTESIAN_POINT('',(-2.165063509,-35.050951481,-10.));
#2458=DIRECTION('',(0.5,0.866025404,0.));
#2459=VECTOR('',#2458,4.330127019);
#2460=LINE('',#2457,#2459);
#2461=EDGE_CURVE('',#2448,#2456,#2460,.T.);
#2462=ORIENTED_EDGE('',*,*,#2461,.T.);
#2463=CARTESIAN_POINT('',(2.165063509,-35.050951481,-10.));
#2464=VERTEX_POINT('',#2463);
#2465=CARTESIAN_POINT('',(-0.,-31.300951481,-10.));
#2466=DIRECTION('',(0.5,-0.866025404,0.));
#2467=VECTOR('',#2466,4.330127019);
#2468=LINE('',#2465,#2467);
#2469=EDGE_CURVE('',#2456,#2464,#2468,.T.);
#2470=ORIENTED_EDGE('',*,*,#2469,.T.);
#2471=CARTESIAN_POINT('',(1.,-35.050951481,-10.));
#2472=VERTEX_POINT('',#2471);
#2473=CARTESIAN_POINT('',(2.165063509,-35.050951481,-10.));
#2474=DIRECTION('',(-1.,0.,0.));
#2475=VECTOR('',#2474,1.165063509);
#2476=LINE('',#2473,#2475);
#2477=EDGE_CURVE('',#2464,#2472,#2476,.T.);
#2478=ORIENTED_EDGE('',*,*,#2477,.T.);
#2479=CARTESIAN_POINT('',(1.,-40.050951481,-10.));
#2480=VERTEX_POINT('',#2479);
#2481=CARTESIAN_POINT('',(1.,-40.050951481,-10.));
#2482=DIRECTION('',(0.,1.,0.));
#2483=VECTOR('',#2482,5.);
#2484=LINE('',#2481,#2483);
#2485=EDGE_CURVE('',#2480,#2472,#2484,.T.);
#2486=ORIENTED_EDGE('',*,*,#2485,.F.);
#2487=CARTESIAN_POINT('',(-1.,-40.050951481,-10.));
#2488=DIRECTION('',(1.,0.,-0.));
#2489=VECTOR('',#2488,2.);
#2490=LINE('',#2487,#2489);
#2491=EDGE_CURVE('',#2440,#2480,#2490,.T.);
#2492=ORIENTED_EDGE('',*,*,#2491,.F.);
#2493=EDGE_LOOP('',(#2446,#2454,#2462,#2470,#2478,#2486,#2492));
#2494=FACE_BOUND('',#2493,.T.);
#2495=ADVANCED_FACE('',(#2266,#2436,#2494),#2196,.F.);
#2496=CARTESIAN_POINT('',(0.,-49.575951481,-3.));
#2497=DIRECTION('',(0.,-1.,0.));
#2498=DIRECTION('',(1.,0.,0.));
#2499=AXIS2_PLACEMENT_3D('',#2496,#2497,#2498);
#2500=PLANE('',#2499);
#2501=CARTESIAN_POINT('',(21.5,-49.575951481,-4.));
#2502=VERTEX_POINT('',#2501);
#2503=CARTESIAN_POINT('',(21.5,-49.575951481,-10.));
#2504=DIRECTION('',(0.,0.,1.));
#2505=VECTOR('',#2504,6.);
#2506=LINE('',#2503,#2505);
#2507=EDGE_CURVE('',#2329,#2502,#2506,.T.);
#2508=ORIENTED_EDGE('',*,*,#2507,.T.);
#2509=CARTESIAN_POINT('',(25.3,-49.575951481,-4.));
#2510=VERTEX_POINT('',#2509);
#2511=CARTESIAN_POINT('',(21.5,-49.575951481,-4.));
#2512=DIRECTION('',(1.,0.,-0.));
#2513=VECTOR('',#2512,3.8);
#2514=LINE('',#2511,#2513);
#2515=EDGE_CURVE('',#2502,#2510,#2514,.T.);
#2516=ORIENTED_EDGE('',*,*,#2515,.T.);
#2517=CARTESIAN_POINT('',(25.3,-49.575951481,-4.));
#2518=DIRECTION('',(0.,0.,-1.));
#2519=VECTOR('',#2518,6.);
#2520=LINE('',#2517,#2519);
#2521=EDGE_CURVE('',#2510,#2338,#2520,.T.);
#2522=ORIENTED_EDGE('',*,*,#2521,.T.);
#2523=ORIENTED_EDGE('',*,*,#2343,.T.);
#2524=EDGE_LOOP('',(#2508,#2516,#2522,#2523));
#2525=FACE_BOUND('',#2524,.T.);
#2526=ADVANCED_FACE('',(#2525),#2500,.F.);
#2527=CARTESIAN_POINT('',(-0.,31.524048519,-3.));
#2528=DIRECTION('',(-0.,1.,0.));
#2529=DIRECTION('',(-1.,-0.,0.));
#2530=AXIS2_PLACEMENT_3D('',#2527,#2528,#2529);
#2531=PLANE('',#2530);
#2532=CARTESIAN_POINT('',(25.3,31.524048519,-4.));
#2533=VERTEX_POINT('',#2532);
#2534=CARTESIAN_POINT('',(25.3,31.524048519,-4.));
#2535=DIRECTION('',(0.,0.,-1.));
#2536=VECTOR('',#2535,6.);
#2537=LINE('',#2534,#2536);
#2538=EDGE_CURVE('',#2533,#2346,#2537,.T.);
#2539=ORIENTED_EDGE('',*,*,#2538,.F.);
#2540=CARTESIAN_POINT('',(21.5,31.524048519,-4.));
#2541=VERTEX_POINT('',#2540);
#2542=CARTESIAN_POINT('',(25.3,31.524048519,-4.));
#2543=DIRECTION('',(-1.,-0.,-0.));
#2544=VECTOR('',#2543,3.8);
#2545=LINE('',#2542,#2544);
#2546=EDGE_CURVE('',#2533,#2541,#2545,.T.);
#2547=ORIENTED_EDGE('',*,*,#2546,.T.);
#2548=CARTESIAN_POINT('',(21.5,31.524048519,-4.));
#2549=DIRECTION('',(0.,0.,-1.));
#2550=VECTOR('',#2549,6.);
#2551=LINE('',#2548,#2550);
#2552=EDGE_CURVE('',#2541,#2354,#2551,.T.);
#2553=ORIENTED_EDGE('',*,*,#2552,.T.);
#2554=ORIENTED_EDGE('',*,*,#2359,.T.);
#2555=EDGE_LOOP('',(#2539,#2547,#2553,#2554));
#2556=FACE_BOUND('',#2555,.T.);
#2557=ADVANCED_FACE('',(#2556),#2531,.F.);
#2558=CARTESIAN_POINT('',(-24.9,34.524048519,-3.));
#2559=DIRECTION('',(0.,-1.,0.));
#2560=DIRECTION('',(0.,0.,-1.));
#2561=AXIS2_PLACEMENT_3D('',#2558,#2559,#2560);
#2562=PLANE('',#2561);
#2563=CARTESIAN_POINT('',(21.5,34.524048519,-4.));
#2564=VERTEX_POINT('',#2563);
#2565=CARTESIAN_POINT('',(21.5,34.524048519,-10.));
#2566=DIRECTION('',(-0.,-0.,1.));
#2567=VECTOR('',#2566,6.);
#2568=LINE('',#2565,#2567);
#2569=EDGE_CURVE('',#2379,#2564,#2568,.T.);
#2570=ORIENTED_EDGE('',*,*,#2569,.T.);
#2571=CARTESIAN_POINT('',(27.5,34.524048519,-4.));
#2572=VERTEX_POINT('',#2571);
#2573=CARTESIAN_POINT('',(21.5,34.524048519,-4.));
#2574=DIRECTION('',(1.,-0.,-0.));
#2575=VECTOR('',#2574,6.);
#2576=LINE('',#2573,#2575);
#2577=EDGE_CURVE('',#2564,#2572,#2576,.T.);
#2578=ORIENTED_EDGE('',*,*,#2577,.T.);
#2579=CARTESIAN_POINT('',(27.5,34.524048519,-4.));
#2580=DIRECTION('',(0.,0.,-1.));
#2581=VECTOR('',#2580,8.);
#2582=LINE('',#2579,#2581);
#2583=EDGE_CURVE('',#2572,#2013,#2582,.T.);
#2584=ORIENTED_EDGE('',*,*,#2583,.T.);
#2585=ORIENTED_EDGE('',*,*,#2018,.T.);
#2586=CARTESIAN_POINT('',(-27.5,34.524048519,-4.));
#2587=VERTEX_POINT('',#2586);
#2588=CARTESIAN_POINT('',(-27.5,34.524048519,-4.));
#2589=DIRECTION('',(0.,0.,-1.));
#2590=VECTOR('',#2589,8.);
#2591=LINE('',#2588,#2590);
#2592=EDGE_CURVE('',#2587,#2004,#2591,.T.);
#2593=ORIENTED_EDGE('',*,*,#2592,.F.);
#2594=CARTESIAN_POINT('',(-21.5,34.524048519,-4.));
#2595=VERTEX_POINT('',#2594);
#2596=CARTESIAN_POINT('',(-27.5,34.524048519,-4.));
#2597=DIRECTION('',(1.,-0.,-0.));
#2598=VECTOR('',#2597,6.);
#2599=LINE('',#2596,#2598);
#2600=EDGE_CURVE('',#2587,#2595,#2599,.T.);
#2601=ORIENTED_EDGE('',*,*,#2600,.T.);
#2602=CARTESIAN_POINT('',(-21.5,34.524048519,-4.));
#2603=DIRECTION('',(-0.,-0.,-1.));
#2604=VECTOR('',#2603,6.);
#2605=LINE('',#2602,#2604);
#2606=EDGE_CURVE('',#2595,#2388,#2605,.T.);
#2607=ORIENTED_EDGE('',*,*,#2606,.T.);
#2608=ORIENTED_EDGE('',*,*,#2393,.F.);
#2609=EDGE_LOOP('',(#2570,#2578,#2584,#2585,#2593,#2601,#2607,#2608));
#2610=FACE_BOUND('',#2609,.T.);
#2611=ADVANCED_FACE('',(#2610),#2562,.F.);
#2612=CARTESIAN_POINT('',(0.,-52.575951481,-3.));
#2613=DIRECTION('',(-0.,1.,0.));
#2614=DIRECTION('',(-1.,-0.,0.));
#2615=AXIS2_PLACEMENT_3D('',#2612,#2613,#2614);
#2616=PLANE('',#2615);
#2617=CARTESIAN_POINT('',(24.5,-52.575951481,-4.));
#2618=VERTEX_POINT('',#2617);
#2619=CARTESIAN_POINT('',(24.5,-52.575951481,-4.));
#2620=DIRECTION('',(-0.,-0.,-1.));
#2621=VECTOR('',#2620,8.);
#2622=LINE('',#2619,#2621);
#2623=EDGE_CURVE('',#2618,#2038,#2622,.T.);
#2624=ORIENTED_EDGE('',*,*,#2623,.F.);
#2625=CARTESIAN_POINT('',(21.5,-52.575951481,-4.));
#2626=VERTEX_POINT('',#2625);
#2627=CARTESIAN_POINT('',(24.5,-52.575951481,-4.));
#2628=DIRECTION('',(-1.,-0.,-0.));
#2629=VECTOR('',#2628,3.);
#2630=LINE('',#2627,#2629);
#2631=EDGE_CURVE('',#2618,#2626,#2630,.T.);
#2632=ORIENTED_EDGE('',*,*,#2631,.T.);
#2633=CARTESIAN_POINT('',(21.5,-52.575951481,-4.));
#2634=DIRECTION('',(-0.,-0.,-1.));
#2635=VECTOR('',#2634,6.);
#2636=LINE('',#2633,#2635);
#2637=EDGE_CURVE('',#2626,#2304,#2636,.T.);
#2638=ORIENTED_EDGE('',*,*,#2637,.T.);
#2639=ORIENTED_EDGE('',*,*,#2309,.F.);
#2640=CARTESIAN_POINT('',(-21.5,-52.575951481,-4.));
#2641=VERTEX_POINT('',#2640);
#2642=CARTESIAN_POINT('',(-21.5,-52.575951481,-10.));
#2643=DIRECTION('',(-0.,-0.,1.));
#2644=VECTOR('',#2643,6.);
#2645=LINE('',#2642,#2644);
#2646=EDGE_CURVE('',#2295,#2641,#2645,.T.);
#2647=ORIENTED_EDGE('',*,*,#2646,.T.);
#2648=CARTESIAN_POINT('',(-24.5,-52.575951481,-4.));
#2649=VERTEX_POINT('',#2648);
#2650=CARTESIAN_POINT('',(-21.5,-52.575951481,-4.));
#2651=DIRECTION('',(-1.,-0.,-0.));
#2652=VECTOR('',#2651,3.);
#2653=LINE('',#2650,#2652);
#2654=EDGE_CURVE('',#2641,#2649,#2653,.T.);
#2655=ORIENTED_EDGE('',*,*,#2654,.T.);
#2656=CARTESIAN_POINT('',(-24.5,-52.575951481,-4.));
#2657=DIRECTION('',(0.,0.,-1.));
#2658=VECTOR('',#2657,8.);
#2659=LINE('',#2656,#2658);
#2660=EDGE_CURVE('',#2649,#2047,#2659,.T.);
#2661=ORIENTED_EDGE('',*,*,#2660,.T.);
#2662=ORIENTED_EDGE('',*,*,#2052,.T.);
#2663=EDGE_LOOP('',(#2624,#2632,#2638,#2639,#2647,#2655,#2661,#2662));
#2664=FACE_BOUND('',#2663,.T.);
#2665=ADVANCED_FACE('',(#2664),#2616,.F.);
#2666=CARTESIAN_POINT('',(0.,0.,-3.));
#2667=DIRECTION('',(0.,0.,-1.));
#2668=DIRECTION('',(-1.,0.,0.));
#2669=AXIS2_PLACEMENT_3D('',#2666,#2667,#2668);
#2670=PLANE('',#2669);
#2671=CARTESIAN_POINT('',(21.5,32.524048519,-3.));
#2672=VERTEX_POINT('',#2671);
#2673=CARTESIAN_POINT('',(25.3,32.524048519,-3.));
#2674=VERTEX_POINT('',#2673);
#2675=CARTESIAN_POINT('',(21.5,32.524048519,-3.));
#2676=DIRECTION('',(1.,0.,0.));
#2677=VECTOR('',#2676,3.8);
#2678=LINE('',#2675,#2677);
#2679=EDGE_CURVE('',#2672,#2674,#2678,.T.);
#2680=ORIENTED_EDGE('',*,*,#2679,.T.);
#2681=CARTESIAN_POINT('',(25.3,-50.575951481,-3.));
#2682=VERTEX_POINT('',#2681);
#2683=CARTESIAN_POINT('',(25.3,-50.575951481,-3.));
#2684=DIRECTION('',(-0.,1.,0.));
#2685=VECTOR('',#2684,83.1);
#2686=LINE('',#2683,#2685);
#2687=EDGE_CURVE('',#2682,#2674,#2686,.T.);
#2688=ORIENTED_EDGE('',*,*,#2687,.F.);
#2689=CARTESIAN_POINT('',(21.5,-50.575951481,-3.));
#2690=VERTEX_POINT('',#2689);
#2691=CARTESIAN_POINT('',(25.3,-50.575951481,-3.));
#2692=DIRECTION('',(-1.,-0.,0.));
#2693=VECTOR('',#2692,3.8);
#2694=LINE('',#2691,#2693);
#2695=EDGE_CURVE('',#2682,#2690,#2694,.T.);
#2696=ORIENTED_EDGE('',*,*,#2695,.T.);
#2697=CARTESIAN_POINT('',(21.5,-51.575951481,-3.));
#2698=VERTEX_POINT('',#2697);
#2699=CARTESIAN_POINT('',(21.5,-50.575951481,-3.));
#2700=DIRECTION('',(-0.,-1.,-0.));
#2701=VECTOR('',#2700,1.);
#2702=LINE('',#2699,#2701);
#2703=EDGE_CURVE('',#2690,#2698,#2702,.T.);
#2704=ORIENTED_EDGE('',*,*,#2703,.T.);
#2705=CARTESIAN_POINT('',(24.5,-51.575951481,-3.));
#2706=VERTEX_POINT('',#2705);
#2707=CARTESIAN_POINT('',(21.5,-51.575951481,-3.));
#2708=DIRECTION('',(1.,0.,0.));
#2709=VECTOR('',#2708,3.);
#2710=LINE('',#2707,#2709);
#2711=EDGE_CURVE('',#2698,#2706,#2710,.T.);
#2712=ORIENTED_EDGE('',*,*,#2711,.T.);
#2713=CARTESIAN_POINT('',(27.3,-48.775951481,-3.));
#2714=VERTEX_POINT('',#2713);
#2715=CARTESIAN_POINT('',(24.5,-48.775951481,-3.));
#2716=DIRECTION('',(0.,0.,-1.));
#2717=DIRECTION('',(-1.,0.,0.));
#2718=AXIS2_PLACEMENT_3D('',#2715,#2716,#2717);
#2719=CIRCLE('',#2718,2.8);
#2720=EDGE_CURVE('',#2714,#2706,#2719,.T.);
#2721=ORIENTED_EDGE('',*,*,#2720,.F.);
#2722=CARTESIAN_POINT('',(27.3,33.524048519,-3.));
#2723=VERTEX_POINT('',#2722);
#2724=CARTESIAN_POINT('',(27.3,-48.775951481,-3.));
#2725=DIRECTION('',(-0.,1.,0.));
#2726=VECTOR('',#2725,82.3);
#2727=LINE('',#2724,#2726);
#2728=EDGE_CURVE('',#2714,#2723,#2727,.T.);
#2729=ORIENTED_EDGE('',*,*,#2728,.T.);
#2730=CARTESIAN_POINT('',(21.5,33.524048519,-3.));
#2731=VERTEX_POINT('',#2730);
#2732=CARTESIAN_POINT('',(27.3,33.524048519,-3.));
#2733=DIRECTION('',(-1.,0.,0.));
#2734=VECTOR('',#2733,5.8);
#2735=LINE('',#2732,#2734);
#2736=EDGE_CURVE('',#2723,#2731,#2735,.T.);
#2737=ORIENTED_EDGE('',*,*,#2736,.T.);
#2738=CARTESIAN_POINT('',(21.5,33.524048519,-3.));
#2739=DIRECTION('',(-0.,-1.,-0.));
#2740=VECTOR('',#2739,1.);
#2741=LINE('',#2738,#2740);
#2742=EDGE_CURVE('',#2731,#2672,#2741,.T.);
#2743=ORIENTED_EDGE('',*,*,#2742,.T.);
#2744=EDGE_LOOP('',(#2680,#2688,#2696,#2704,#2712,#2721,#2729,#2737,#2743));
#2745=FACE_BOUND('',#2744,.T.);
#2746=ADVANCED_FACE('',(#2745),#2670,.F.);
#2747=CARTESIAN_POINT('',(0.,-49.575951481,-3.));
#2748=DIRECTION('',(0.,-1.,0.));
#2749=DIRECTION('',(1.,0.,0.));
#2750=AXIS2_PLACEMENT_3D('',#2747,#2748,#2749);
#2751=PLANE('',#2750);
#2752=CARTESIAN_POINT('',(-25.3,-49.575951481,-4.));
#2753=VERTEX_POINT('',#2752);
#2754=CARTESIAN_POINT('',(-25.3,-49.575951481,-4.));
#2755=DIRECTION('',(0.,0.,-1.));
#2756=VECTOR('',#2755,6.);
#2757=LINE('',#2754,#2756);
#2758=EDGE_CURVE('',#2753,#2270,#2757,.T.);
#2759=ORIENTED_EDGE('',*,*,#2758,.F.);
#2760=CARTESIAN_POINT('',(-21.5,-49.575951481,-4.));
#2761=VERTEX_POINT('',#2760);
#2762=CARTESIAN_POINT('',(-25.3,-49.575951481,-4.));
#2763=DIRECTION('',(1.,0.,-0.));
#2764=VECTOR('',#2763,3.8);
#2765=LINE('',#2762,#2764);
#2766=EDGE_CURVE('',#2753,#2761,#2765,.T.);
#2767=ORIENTED_EDGE('',*,*,#2766,.T.);
#2768=CARTESIAN_POINT('',(-21.5,-49.575951481,-4.));
#2769=DIRECTION('',(0.,0.,-1.));
#2770=VECTOR('',#2769,6.);
#2771=LINE('',#2768,#2770);
#2772=EDGE_CURVE('',#2761,#2268,#2771,.T.);
#2773=ORIENTED_EDGE('',*,*,#2772,.T.);
#2774=ORIENTED_EDGE('',*,*,#2275,.T.);
#2775=EDGE_LOOP('',(#2759,#2767,#2773,#2774));
#2776=FACE_BOUND('',#2775,.T.);
#2777=ADVANCED_FACE('',(#2776),#2751,.F.);
#2778=CARTESIAN_POINT('',(-25.3,-9.025951481,-3.));
#2779=DIRECTION('',(-1.,-0.,0.));
#2780=DIRECTION('',(0.,-1.,0.));
#2781=AXIS2_PLACEMENT_3D('',#2778,#2779,#2780);
#2782=PLANE('',#2781);
#2783=CARTESIAN_POINT('',(-25.3,-50.575951481,-3.));
#2784=VERTEX_POINT('',#2783);
#2785=CARTESIAN_POINT('',(-25.3,32.524048519,-3.));
#2786=VERTEX_POINT('',#2785);
#2787=CARTESIAN_POINT('',(-25.3,-50.575951481,-3.));
#2788=DIRECTION('',(-0.,1.,0.));
#2789=VECTOR('',#2788,83.1);
#2790=LINE('',#2787,#2789);
#2791=EDGE_CURVE('',#2784,#2786,#2790,.T.);
#2792=ORIENTED_EDGE('',*,*,#2791,.F.);
#2793=CARTESIAN_POINT('',(-25.3,-50.575951481,-4.));
#2794=DIRECTION('',(-1.,-0.,0.));
#2795=DIRECTION('',(0.,-1.,0.));
#2796=AXIS2_PLACEMENT_3D('',#2793,#2794,#2795);
#2797=CIRCLE('',#2796,1.);
#2798=EDGE_CURVE('',#2784,#2753,#2797,.T.);
#2799=ORIENTED_EDGE('',*,*,#2798,.T.);
#2800=ORIENTED_EDGE('',*,*,#2758,.T.);
#2801=ORIENTED_EDGE('',*,*,#2433,.T.);
#2802=CARTESIAN_POINT('',(-25.3,31.524048519,-4.));
#2803=VERTEX_POINT('',#2802);
#2804=CARTESIAN_POINT('',(-25.3,31.524048519,-4.));
#2805=DIRECTION('',(0.,0.,-1.));
#2806=VECTOR('',#2805,6.);
#2807=LINE('',#2804,#2806);
#2808=EDGE_CURVE('',#2803,#2422,#2807,.T.);
#2809=ORIENTED_EDGE('',*,*,#2808,.F.);
#2810=CARTESIAN_POINT('',(-25.3,32.524048519,-4.));
#2811=DIRECTION('',(-1.,-0.,0.));
#2812=DIRECTION('',(0.,-1.,0.));
#2813=AXIS2_PLACEMENT_3D('',#2810,#2811,#2812);
#2814=CIRCLE('',#2813,1.);
#2815=EDGE_CURVE('',#2803,#2786,#2814,.T.);
#2816=ORIENTED_EDGE('',*,*,#2815,.T.);
#2817=EDGE_LOOP('',(#2792,#2799,#2800,#2801,#2809,#2816));
#2818=FACE_BOUND('',#2817,.T.);
#2819=ADVANCED_FACE('',(#2818),#2782,.F.);
#2820=CARTESIAN_POINT('',(-0.,31.524048519,-3.));
#2821=DIRECTION('',(-0.,1.,0.));
#2822=DIRECTION('',(-1.,-0.,0.));
#2823=AXIS2_PLACEMENT_3D('',#2820,#2821,#2822);
#2824=PLANE('',#2823);
#2825=CARTESIAN_POINT('',(-21.5,31.524048519,-4.));
#2826=VERTEX_POINT('',#2825);
#2827=CARTESIAN_POINT('',(-21.5,31.524048519,-10.));
#2828=DIRECTION('',(0.,0.,1.));
#2829=VECTOR('',#2828,6.);
#2830=LINE('',#2827,#2829);
#2831=EDGE_CURVE('',#2413,#2826,#2830,.T.);
#2832=ORIENTED_EDGE('',*,*,#2831,.T.);
#2833=CARTESIAN_POINT('',(-21.5,31.524048519,-4.));
#2834=DIRECTION('',(-1.,-0.,-0.));
#2835=VECTOR('',#2834,3.8);
#2836=LINE('',#2833,#2835);
#2837=EDGE_CURVE('',#2826,#2803,#2836,.T.);
#2838=ORIENTED_EDGE('',*,*,#2837,.T.);
#2839=ORIENTED_EDGE('',*,*,#2808,.T.);
#2840=ORIENTED_EDGE('',*,*,#2427,.T.);
#2841=EDGE_LOOP('',(#2832,#2838,#2839,#2840));
#2842=FACE_BOUND('',#2841,.T.);
#2843=ADVANCED_FACE('',(#2842),#2824,.F.);
#2844=CARTESIAN_POINT('',(25.3,-9.025951481,-3.));
#2845=DIRECTION('',(-1.,-0.,0.));
#2846=DIRECTION('',(0.,-1.,0.));
#2847=AXIS2_PLACEMENT_3D('',#2844,#2845,#2846);
#2848=PLANE('',#2847);
#2849=ORIENTED_EDGE('',*,*,#2351,.F.);
#2850=ORIENTED_EDGE('',*,*,#2521,.F.);
#2851=CARTESIAN_POINT('',(25.3,-50.575951481,-4.));
#2852=DIRECTION('',(1.,0.,-0.));
#2853=DIRECTION('',(0.,-1.,0.));
#2854=AXIS2_PLACEMENT_3D('',#2851,#2852,#2853);
#2855=CIRCLE('',#2854,1.);
#2856=EDGE_CURVE('',#2510,#2682,#2855,.T.);
#2857=ORIENTED_EDGE('',*,*,#2856,.T.);
#2858=ORIENTED_EDGE('',*,*,#2687,.T.);
#2859=CARTESIAN_POINT('',(25.3,32.524048519,-4.));
#2860=DIRECTION('',(1.,0.,-0.));
#2861=DIRECTION('',(0.,-1.,0.));
#2862=AXIS2_PLACEMENT_3D('',#2859,#2860,#2861);
#2863=CIRCLE('',#2862,1.);
#2864=EDGE_CURVE('',#2674,#2533,#2863,.T.);
#2865=ORIENTED_EDGE('',*,*,#2864,.T.);
#2866=ORIENTED_EDGE('',*,*,#2538,.T.);
#2867=EDGE_LOOP('',(#2849,#2850,#2857,#2858,#2865,#2866));
#2868=FACE_BOUND('',#2867,.T.);
#2869=ADVANCED_FACE('',(#2868),#2848,.T.);
#2870=CARTESIAN_POINT('',(-28.3,-9.025951481,-3.));
#2871=DIRECTION('',(1.,0.,0.));
#2872=DIRECTION('',(-0.,1.,0.));
#2873=AXIS2_PLACEMENT_3D('',#2870,#2871,#2872);
#2874=PLANE('',#2873);
#2875=CARTESIAN_POINT('',(-28.3,-48.775951481,-4.));
#2876=VERTEX_POINT('',#2875);
#2877=CARTESIAN_POINT('',(-28.3,-48.775951481,-4.));
#2878=DIRECTION('',(-0.,-0.,-1.));
#2879=VECTOR('',#2878,8.);
#2880=LINE('',#2877,#2879);
#2881=EDGE_CURVE('',#2876,#1996,#2880,.T.);
#2882=ORIENTED_EDGE('',*,*,#2881,.F.);
#2883=CARTESIAN_POINT('',(-28.3,33.724048519,-4.));
#2884=VERTEX_POINT('',#2883);
#2885=CARTESIAN_POINT('',(-28.3,-48.775951481,-4.));
#2886=DIRECTION('',(-0.,1.,-0.));
#2887=VECTOR('',#2886,82.5);
#2888=LINE('',#2885,#2887);
#2889=EDGE_CURVE('',#2876,#2884,#2888,.T.);
#2890=ORIENTED_EDGE('',*,*,#2889,.T.);
#2891=CARTESIAN_POINT('',(-28.3,33.724048519,-4.));
#2892=DIRECTION('',(0.,0.,-1.));
#2893=VECTOR('',#2892,8.);
#2894=LINE('',#2891,#2893);
#2895=EDGE_CURVE('',#2884,#1994,#2894,.T.);
#2896=ORIENTED_EDGE('',*,*,#2895,.T.);
#2897=ORIENTED_EDGE('',*,*,#2001,.T.);
#2898=EDGE_LOOP('',(#2882,#2890,#2896,#2897));
#2899=FACE_BOUND('',#2898,.T.);
#2900=ADVANCED_FACE('',(#2899),#2874,.F.);
#2901=CARTESIAN_POINT('',(-27.5,33.724048519,-3.));
#2902=DIRECTION('',(0.,0.,-1.));
#2903=DIRECTION('',(-1.,0.,0.));
#2904=AXIS2_PLACEMENT_3D('',#2901,#2902,#2903);
#2905=CYLINDRICAL_SURFACE('',#2904,0.8);
#2906=ORIENTED_EDGE('',*,*,#2895,.F.);
#2907=CARTESIAN_POINT('',(-27.5,33.724048519,-4.));
#2908=DIRECTION('',(0.,0.,-1.));
#2909=DIRECTION('',(-1.,0.,0.));
#2910=AXIS2_PLACEMENT_3D('',#2907,#2908,#2909);
#2911=CIRCLE('',#2910,0.8);
#2912=EDGE_CURVE('',#2884,#2587,#2911,.T.);
#2913=ORIENTED_EDGE('',*,*,#2912,.T.);
#2914=ORIENTED_EDGE('',*,*,#2592,.T.);
#2915=ORIENTED_EDGE('',*,*,#2010,.F.);
#2916=EDGE_LOOP('',(#2906,#2913,#2914,#2915));
#2917=FACE_BOUND('',#2916,.T.);
#2918=ADVANCED_FACE('',(#2917),#2905,.T.);
#2919=CARTESIAN_POINT('',(27.5,33.724048519,-3.));
#2920=DIRECTION('',(0.,0.,-1.));
#2921=DIRECTION('',(-1.,0.,0.));
#2922=AXIS2_PLACEMENT_3D('',#2919,#2920,#2921);
#2923=CYLINDRICAL_SURFACE('',#2922,0.8);
#2924=ORIENTED_EDGE('',*,*,#2583,.F.);
#2925=CARTESIAN_POINT('',(28.3,33.724048519,-4.));
#2926=VERTEX_POINT('',#2925);
#2927=CARTESIAN_POINT('',(27.5,33.724048519,-4.));
#2928=DIRECTION('',(0.,0.,-1.));
#2929=DIRECTION('',(-1.,0.,0.));
#2930=AXIS2_PLACEMENT_3D('',#2927,#2928,#2929);
#2931=CIRCLE('',#2930,0.8);
#2932=EDGE_CURVE('',#2572,#2926,#2931,.T.);
#2933=ORIENTED_EDGE('',*,*,#2932,.T.);
#2934=CARTESIAN_POINT('',(28.3,33.724048519,-4.));
#2935=DIRECTION('',(0.,0.,-1.));
#2936=VECTOR('',#2935,8.);
#2937=LINE('',#2934,#2936);
#2938=EDGE_CURVE('',#2926,#2021,#2937,.T.);
#2939=ORIENTED_EDGE('',*,*,#2938,.T.);
#2940=ORIENTED_EDGE('',*,*,#2027,.F.);
#2941=EDGE_LOOP('',(#2924,#2933,#2939,#2940));
#2942=FACE_BOUND('',#2941,.T.);
#2943=ADVANCED_FACE('',(#2942),#2923,.T.);
#2944=CARTESIAN_POINT('',(28.3,-9.025951481,-3.));
#2945=DIRECTION('',(-1.,-0.,0.));
#2946=DIRECTION('',(0.,-1.,0.));
#2947=AXIS2_PLACEMENT_3D('',#2944,#2945,#2946);
#2948=PLANE('',#2947);
#2949=ORIENTED_EDGE('',*,*,#2938,.F.);
#2950=CARTESIAN_POINT('',(28.3,-48.775951481,-4.));
#2951=VERTEX_POINT('',#2950);
#2952=CARTESIAN_POINT('',(28.3,33.724048519,-4.));
#2953=DIRECTION('',(0.,-1.,-0.));
#2954=VECTOR('',#2953,82.5);
#2955=LINE('',#2952,#2954);
#2956=EDGE_CURVE('',#2926,#2951,#2955,.T.);
#2957=ORIENTED_EDGE('',*,*,#2956,.T.);
#2958=CARTESIAN_POINT('',(28.3,-48.775951481,-4.));
#2959=DIRECTION('',(0.,0.,-1.));
#2960=VECTOR('',#2959,8.);
#2961=LINE('',#2958,#2960);
#2962=EDGE_CURVE('',#2951,#2030,#2961,.T.);
#2963=ORIENTED_EDGE('',*,*,#2962,.T.);
#2964=ORIENTED_EDGE('',*,*,#2035,.T.);
#2965=EDGE_LOOP('',(#2949,#2957,#2963,#2964));
#2966=FACE_BOUND('',#2965,.T.);
#2967=ADVANCED_FACE('',(#2966),#2948,.F.);
#2968=CARTESIAN_POINT('',(24.5,-48.775951481,-3.));
#2969=DIRECTION('',(0.,0.,-1.));
#2970=DIRECTION('',(-1.,0.,0.));
#2971=AXIS2_PLACEMENT_3D('',#2968,#2969,#2970);
#2972=CYLINDRICAL_SURFACE('',#2971,3.8);
#2973=ORIENTED_EDGE('',*,*,#2962,.F.);
#2974=CARTESIAN_POINT('',(24.5,-48.775951481,-4.));
#2975=DIRECTION('',(0.,0.,-1.));
#2976=DIRECTION('',(-1.,0.,0.));
#2977=AXIS2_PLACEMENT_3D('',#2974,#2975,#2976);
#2978=CIRCLE('',#2977,3.8);
#2979=EDGE_CURVE('',#2951,#2618,#2978,.T.);
#2980=ORIENTED_EDGE('',*,*,#2979,.T.);
#2981=ORIENTED_EDGE('',*,*,#2623,.T.);
#2982=ORIENTED_EDGE('',*,*,#2044,.F.);
#2983=EDGE_LOOP('',(#2973,#2980,#2981,#2982));
#2984=FACE_BOUND('',#2983,.T.);
#2985=ADVANCED_FACE('',(#2984),#2972,.T.);
#2986=CARTESIAN_POINT('',(-24.5,-48.775951481,-3.));
#2987=DIRECTION('',(0.,0.,-1.));
#2988=DIRECTION('',(-1.,0.,0.));
#2989=AXIS2_PLACEMENT_3D('',#2986,#2987,#2988);
#2990=CYLINDRICAL_SURFACE('',#2989,3.8);
#2991=ORIENTED_EDGE('',*,*,#2660,.F.);
#2992=CARTESIAN_POINT('',(-24.5,-48.775951481,-4.));
#2993=DIRECTION('',(0.,0.,-1.));
#2994=DIRECTION('',(-1.,0.,0.));
#2995=AXIS2_PLACEMENT_3D('',#2992,#2993,#2994);
#2996=CIRCLE('',#2995,3.8);
#2997=EDGE_CURVE('',#2649,#2876,#2996,.T.);
#2998=ORIENTED_EDGE('',*,*,#2997,.T.);
#2999=ORIENTED_EDGE('',*,*,#2881,.T.);
#3000=ORIENTED_EDGE('',*,*,#2059,.F.);
#3001=EDGE_LOOP('',(#2991,#2998,#2999,#3000));
#3002=FACE_BOUND('',#3001,.T.);
#3003=ADVANCED_FACE('',(#3002),#2990,.T.);
#3004=CARTESIAN_POINT('',(0.,0.,-3.));
#3005=DIRECTION('',(0.,0.,-1.));
#3006=DIRECTION('',(-1.,0.,0.));
#3007=AXIS2_PLACEMENT_3D('',#3004,#3005,#3006);
#3008=PLANE('',#3007);
#3009=CARTESIAN_POINT('',(-21.5,-50.575951481,-3.));
#3010=VERTEX_POINT('',#3009);
#3011=CARTESIAN_POINT('',(-21.5,-50.575951481,-3.));
#3012=DIRECTION('',(-1.,-0.,0.));
#3013=VECTOR('',#3012,3.8);
#3014=LINE('',#3011,#3013);
#3015=EDGE_CURVE('',#3010,#2784,#3014,.T.);
#3016=ORIENTED_EDGE('',*,*,#3015,.T.);
#3017=ORIENTED_EDGE('',*,*,#2791,.T.);
#3018=CARTESIAN_POINT('',(-21.5,32.524048519,-3.));
#3019=VERTEX_POINT('',#3018);
#3020=CARTESIAN_POINT('',(-25.3,32.524048519,-3.));
#3021=DIRECTION('',(1.,0.,0.));
#3022=VECTOR('',#3021,3.8);
#3023=LINE('',#3020,#3022);
#3024=EDGE_CURVE('',#2786,#3019,#3023,.T.);
#3025=ORIENTED_EDGE('',*,*,#3024,.T.);
#3026=CARTESIAN_POINT('',(-21.5,33.524048519,-3.));
#3027=VERTEX_POINT('',#3026);
#3028=CARTESIAN_POINT('',(-21.5,32.524048519,-3.));
#3029=DIRECTION('',(0.,1.,0.));
#3030=VECTOR('',#3029,1.);
#3031=LINE('',#3028,#3030);
#3032=EDGE_CURVE('',#3019,#3027,#3031,.T.);
#3033=ORIENTED_EDGE('',*,*,#3032,.T.);
#3034=CARTESIAN_POINT('',(-27.3,33.524048519,-3.));
#3035=VERTEX_POINT('',#3034);
#3036=CARTESIAN_POINT('',(-21.5,33.524048519,-3.));
#3037=DIRECTION('',(-1.,0.,0.));
#3038=VECTOR('',#3037,5.8);
#3039=LINE('',#3036,#3038);
#3040=EDGE_CURVE('',#3027,#3035,#3039,.T.);
#3041=ORIENTED_EDGE('',*,*,#3040,.T.);
#3042=CARTESIAN_POINT('',(-27.3,-48.775951481,-3.));
#3043=VERTEX_POINT('',#3042);
#3044=CARTESIAN_POINT('',(-27.3,33.524048519,-3.));
#3045=DIRECTION('',(0.,-1.,0.));
#3046=VECTOR('',#3045,82.3);
#3047=LINE('',#3044,#3046);
#3048=EDGE_CURVE('',#3035,#3043,#3047,.T.);
#3049=ORIENTED_EDGE('',*,*,#3048,.T.);
#3050=CARTESIAN_POINT('',(-24.5,-51.575951481,-3.));
#3051=VERTEX_POINT('',#3050);
#3052=CARTESIAN_POINT('',(-24.5,-48.775951481,-3.));
#3053=DIRECTION('',(0.,0.,-1.));
#3054=DIRECTION('',(-1.,0.,0.));
#3055=AXIS2_PLACEMENT_3D('',#3052,#3053,#3054);
#3056=CIRCLE('',#3055,2.8);
#3057=EDGE_CURVE('',#3051,#3043,#3056,.T.);
#3058=ORIENTED_EDGE('',*,*,#3057,.F.);
#3059=CARTESIAN_POINT('',(-21.5,-51.575951481,-3.));
#3060=VERTEX_POINT('',#3059);
#3061=CARTESIAN_POINT('',(-24.5,-51.575951481,-3.));
#3062=DIRECTION('',(1.,0.,0.));
#3063=VECTOR('',#3062,3.);
#3064=LINE('',#3061,#3063);
#3065=EDGE_CURVE('',#3051,#3060,#3064,.T.);
#3066=ORIENTED_EDGE('',*,*,#3065,.T.);
#3067=CARTESIAN_POINT('',(-21.5,-51.575951481,-3.));
#3068=DIRECTION('',(0.,1.,0.));
#3069=VECTOR('',#3068,1.);
#3070=LINE('',#3067,#3069);
#3071=EDGE_CURVE('',#3060,#3010,#3070,.T.);
#3072=ORIENTED_EDGE('',*,*,#3071,.T.);
#3073=EDGE_LOOP('',(#3016,#3017,#3025,#3033,#3041,#3049,#3058,#3066,#3072));
#3074=FACE_BOUND('',#3073,.T.);
#3075=ADVANCED_FACE('',(#3074),#3008,.F.);
#3076=CARTESIAN_POINT('',(-20.5,-52.577951481,-5.));
#3077=DIRECTION('',(-1.,0.,0.));
#3078=DIRECTION('',(0.,0.,1.));
#3079=AXIS2_PLACEMENT_3D('',#3076,#3077,#3078);
#3080=PLANE('',#3079);
#3081=CARTESIAN_POINT('',(-20.5,-50.575951481,-4.));
#3082=VERTEX_POINT('',#3081);
#3083=CARTESIAN_POINT('',(-20.5,-50.575951481,-10.));
#3084=DIRECTION('',(-0.,-0.,1.));
#3085=VECTOR('',#3084,6.);
#3086=LINE('',#3083,#3085);
#3087=EDGE_CURVE('',#2278,#3082,#3086,.T.);
#3088=ORIENTED_EDGE('',*,*,#3087,.T.);
#3089=CARTESIAN_POINT('',(-20.5,-51.575951481,-4.));
#3090=VERTEX_POINT('',#3089);
#3091=CARTESIAN_POINT('',(-20.5,-50.575951481,-4.));
#3092=DIRECTION('',(-0.,-1.,-0.));
#3093=VECTOR('',#3092,1.);
#3094=LINE('',#3091,#3093);
#3095=EDGE_CURVE('',#3082,#3090,#3094,.T.);
#3096=ORIENTED_EDGE('',*,*,#3095,.T.);
#3097=CARTESIAN_POINT('',(-20.5,-51.575951481,-4.));
#3098=DIRECTION('',(0.,0.,-1.));
#3099=VECTOR('',#3098,6.);
#3100=LINE('',#3097,#3099);
#3101=EDGE_CURVE('',#3090,#2287,#3100,.T.);
#3102=ORIENTED_EDGE('',*,*,#3101,.T.);
#3103=ORIENTED_EDGE('',*,*,#2292,.T.);
#3104=EDGE_LOOP('',(#3088,#3096,#3102,#3103));
#3105=FACE_BOUND('',#3104,.T.);
#3106=ADVANCED_FACE('',(#3105),#3080,.F.);
#3107=CARTESIAN_POINT('',(20.5,-52.577951481,-5.));
#3108=DIRECTION('',(1.,0.,0.));
#3109=DIRECTION('',(0.,0.,-1.));
#3110=AXIS2_PLACEMENT_3D('',#3107,#3108,#3109);
#3111=PLANE('',#3110);
#3112=CARTESIAN_POINT('',(20.5,-51.575951481,-4.));
#3113=VERTEX_POINT('',#3112);
#3114=CARTESIAN_POINT('',(20.5,-51.575951481,-10.));
#3115=DIRECTION('',(0.,0.,1.));
#3116=VECTOR('',#3115,6.);
#3117=LINE('',#3114,#3116);
#3118=EDGE_CURVE('',#2312,#3113,#3117,.T.);
#3119=ORIENTED_EDGE('',*,*,#3118,.T.);
#3120=CARTESIAN_POINT('',(20.5,-50.575951481,-4.));
#3121=VERTEX_POINT('',#3120);
#3122=CARTESIAN_POINT('',(20.5,-51.575951481,-4.));
#3123=DIRECTION('',(0.,1.,0.));
#3124=VECTOR('',#3123,1.);
#3125=LINE('',#3122,#3124);
#3126=EDGE_CURVE('',#3113,#3121,#3125,.T.);
#3127=ORIENTED_EDGE('',*,*,#3126,.T.);
#3128=CARTESIAN_POINT('',(20.5,-50.575951481,-4.));
#3129=DIRECTION('',(-0.,-0.,-1.));
#3130=VECTOR('',#3129,6.);
#3131=LINE('',#3128,#3130);
#3132=EDGE_CURVE('',#3121,#2321,#3131,.T.);
#3133=ORIENTED_EDGE('',*,*,#3132,.T.);
#3134=ORIENTED_EDGE('',*,*,#2326,.F.);
#3135=EDGE_LOOP('',(#3119,#3127,#3133,#3134));
#3136=FACE_BOUND('',#3135,.T.);
#3137=ADVANCED_FACE('',(#3136),#3111,.F.);
#3138=CARTESIAN_POINT('',(20.5,-52.577951481,-5.));
#3139=DIRECTION('',(1.,0.,0.));
#3140=DIRECTION('',(0.,0.,-1.));
#3141=AXIS2_PLACEMENT_3D('',#3138,#3139,#3140);
#3142=PLANE('',#3141);
#3143=CARTESIAN_POINT('',(20.5,32.524048519,-4.));
#3144=VERTEX_POINT('',#3143);
#3145=CARTESIAN_POINT('',(20.5,32.524048519,-10.));
#3146=DIRECTION('',(-0.,-0.,1.));
#3147=VECTOR('',#3146,6.);
#3148=LINE('',#3145,#3147);
#3149=EDGE_CURVE('',#2362,#3144,#3148,.T.);
#3150=ORIENTED_EDGE('',*,*,#3149,.T.);
#3151=CARTESIAN_POINT('',(20.5,33.524048519,-4.));
#3152=VERTEX_POINT('',#3151);
#3153=CARTESIAN_POINT('',(20.5,32.524048519,-4.));
#3154=DIRECTION('',(0.,1.,0.));
#3155=VECTOR('',#3154,1.);
#3156=LINE('',#3153,#3155);
#3157=EDGE_CURVE('',#3144,#3152,#3156,.T.);
#3158=ORIENTED_EDGE('',*,*,#3157,.T.);
#3159=CARTESIAN_POINT('',(20.5,33.524048519,-4.));
#3160=DIRECTION('',(0.,0.,-1.));
#3161=VECTOR('',#3160,6.);
#3162=LINE('',#3159,#3161);
#3163=EDGE_CURVE('',#3152,#2371,#3162,.T.);
#3164=ORIENTED_EDGE('',*,*,#3163,.T.);
#3165=ORIENTED_EDGE('',*,*,#2376,.F.);
#3166=EDGE_LOOP('',(#3150,#3158,#3164,#3165));
#3167=FACE_BOUND('',#3166,.T.);
#3168=ADVANCED_FACE('',(#3167),#3142,.F.);
#3169=CARTESIAN_POINT('',(-20.5,-52.577951481,-5.));
#3170=DIRECTION('',(-1.,0.,0.));
#3171=DIRECTION('',(0.,0.,1.));
#3172=AXIS2_PLACEMENT_3D('',#3169,#3170,#3171);
#3173=PLANE('',#3172);
#3174=CARTESIAN_POINT('',(-20.5,33.524048519,-4.));
#3175=VERTEX_POINT('',#3174);
#3176=CARTESIAN_POINT('',(-20.5,33.524048519,-10.));
#3177=DIRECTION('',(0.,0.,1.));
#3178=VECTOR('',#3177,6.);
#3179=LINE('',#3176,#3178);
#3180=EDGE_CURVE('',#2396,#3175,#3179,.T.);
#3181=ORIENTED_EDGE('',*,*,#3180,.T.);
#3182=CARTESIAN_POINT('',(-20.5,32.524048519,-4.));
#3183=VERTEX_POINT('',#3182);
#3184=CARTESIAN_POINT('',(-20.5,33.524048519,-4.));
#3185=DIRECTION('',(-0.,-1.,-0.));
#3186=VECTOR('',#3185,1.);
#3187=LINE('',#3184,#3186);
#3188=EDGE_CURVE('',#3175,#3183,#3187,.T.);
#3189=ORIENTED_EDGE('',*,*,#3188,.T.);
#3190=CARTESIAN_POINT('',(-20.5,32.524048519,-4.));
#3191=DIRECTION('',(-0.,-0.,-1.));
#3192=VECTOR('',#3191,6.);
#3193=LINE('',#3190,#3192);
#3194=EDGE_CURVE('',#3183,#2405,#3193,.T.);
#3195=ORIENTED_EDGE('',*,*,#3194,.T.);
#3196=ORIENTED_EDGE('',*,*,#2410,.T.);
#3197=EDGE_LOOP('',(#3181,#3189,#3195,#3196));
#3198=FACE_BOUND('',#3197,.T.);
#3199=ADVANCED_FACE('',(#3198),#3173,.F.);
#3200=CARTESIAN_POINT('',(21.5,-51.575951481,-5.));
#3201=DIRECTION('',(0.,0.,1.));
#3202=DIRECTION('',(1.,0.,-0.));
#3203=AXIS2_PLACEMENT_3D('',#3200,#3201,#3202);
#3204=CYLINDRICAL_SURFACE('',#3203,1.);
#3205=ORIENTED_EDGE('',*,*,#2637,.F.);
#3206=CARTESIAN_POINT('',(21.5,-51.575951481,-4.));
#3207=DIRECTION('',(-0.,-0.,-1.));
#3208=DIRECTION('',(1.,0.,-0.));
#3209=AXIS2_PLACEMENT_3D('',#3206,#3207,#3208);
#3210=CIRCLE('',#3209,1.);
#3211=EDGE_CURVE('',#2626,#3113,#3210,.T.);
#3212=ORIENTED_EDGE('',*,*,#3211,.T.);
#3213=ORIENTED_EDGE('',*,*,#3118,.F.);
#3214=ORIENTED_EDGE('',*,*,#2318,.F.);
#3215=EDGE_LOOP('',(#3205,#3212,#3213,#3214));
#3216=FACE_BOUND('',#3215,.T.);
#3217=ADVANCED_FACE('',(#3216),#3204,.T.);
#3218=CARTESIAN_POINT('',(21.5,32.524048519,-3.));
#3219=DIRECTION('',(0.,0.,-1.));
#3220=DIRECTION('',(-1.,0.,0.));
#3221=AXIS2_PLACEMENT_3D('',#3218,#3219,#3220);
#3222=CYLINDRICAL_SURFACE('',#3221,1.);
#3223=ORIENTED_EDGE('',*,*,#2552,.F.);
#3224=CARTESIAN_POINT('',(21.5,32.524048519,-4.));
#3225=DIRECTION('',(0.,0.,-1.));
#3226=DIRECTION('',(-1.,0.,0.));
#3227=AXIS2_PLACEMENT_3D('',#3224,#3225,#3226);
#3228=CIRCLE('',#3227,1.);
#3229=EDGE_CURVE('',#2541,#3144,#3228,.T.);
#3230=ORIENTED_EDGE('',*,*,#3229,.T.);
#3231=ORIENTED_EDGE('',*,*,#3149,.F.);
#3232=ORIENTED_EDGE('',*,*,#2368,.F.);
#3233=EDGE_LOOP('',(#3223,#3230,#3231,#3232));
#3234=FACE_BOUND('',#3233,.T.);
#3235=ADVANCED_FACE('',(#3234),#3222,.T.);
#3236=CARTESIAN_POINT('',(-21.5,32.524048519,-3.));
#3237=DIRECTION('',(0.,0.,1.));
#3238=DIRECTION('',(1.,0.,-0.));
#3239=AXIS2_PLACEMENT_3D('',#3236,#3237,#3238);
#3240=CYLINDRICAL_SURFACE('',#3239,1.);
#3241=ORIENTED_EDGE('',*,*,#3194,.F.);
#3242=CARTESIAN_POINT('',(-21.5,32.524048519,-4.));
#3243=DIRECTION('',(-0.,-0.,-1.));
#3244=DIRECTION('',(1.,0.,-0.));
#3245=AXIS2_PLACEMENT_3D('',#3242,#3243,#3244);
#3246=CIRCLE('',#3245,1.);
#3247=EDGE_CURVE('',#3183,#2826,#3246,.T.);
#3248=ORIENTED_EDGE('',*,*,#3247,.T.);
#3249=ORIENTED_EDGE('',*,*,#2831,.F.);
#3250=ORIENTED_EDGE('',*,*,#2419,.F.);
#3251=EDGE_LOOP('',(#3241,#3248,#3249,#3250));
#3252=FACE_BOUND('',#3251,.T.);
#3253=ADVANCED_FACE('',(#3252),#3240,.T.);
#3254=CARTESIAN_POINT('',(-21.5,33.524048519,-5.));
#3255=DIRECTION('',(0.,0.,1.));
#3256=DIRECTION('',(1.,0.,-0.));
#3257=AXIS2_PLACEMENT_3D('',#3254,#3255,#3256);
#3258=CYLINDRICAL_SURFACE('',#3257,1.);
#3259=ORIENTED_EDGE('',*,*,#2606,.F.);
#3260=CARTESIAN_POINT('',(-21.5,33.524048519,-4.));
#3261=DIRECTION('',(-0.,-0.,-1.));
#3262=DIRECTION('',(1.,0.,-0.));
#3263=AXIS2_PLACEMENT_3D('',#3260,#3261,#3262);
#3264=CIRCLE('',#3263,1.);
#3265=EDGE_CURVE('',#2595,#3175,#3264,.T.);
#3266=ORIENTED_EDGE('',*,*,#3265,.T.);
#3267=ORIENTED_EDGE('',*,*,#3180,.F.);
#3268=ORIENTED_EDGE('',*,*,#2402,.F.);
#3269=EDGE_LOOP('',(#3259,#3266,#3267,#3268));
#3270=FACE_BOUND('',#3269,.T.);
#3271=ADVANCED_FACE('',(#3270),#3258,.T.);
#3272=CARTESIAN_POINT('',(-21.5,-51.575951481,-5.));
#3273=DIRECTION('',(0.,0.,-1.));
#3274=DIRECTION('',(-1.,0.,0.));
#3275=AXIS2_PLACEMENT_3D('',#3272,#3273,#3274);
#3276=CYLINDRICAL_SURFACE('',#3275,1.);
#3277=ORIENTED_EDGE('',*,*,#3101,.F.);
#3278=CARTESIAN_POINT('',(-21.5,-51.575951481,-4.));
#3279=DIRECTION('',(0.,0.,-1.));
#3280=DIRECTION('',(-1.,0.,0.));
#3281=AXIS2_PLACEMENT_3D('',#3278,#3279,#3280);
#3282=CIRCLE('',#3281,1.);
#3283=EDGE_CURVE('',#3090,#2641,#3282,.T.);
#3284=ORIENTED_EDGE('',*,*,#3283,.T.);
#3285=ORIENTED_EDGE('',*,*,#2646,.F.);
#3286=ORIENTED_EDGE('',*,*,#2301,.F.);
#3287=EDGE_LOOP('',(#3277,#3284,#3285,#3286));
#3288=FACE_BOUND('',#3287,.T.);
#3289=ADVANCED_FACE('',(#3288),#3276,.T.);
#3290=CARTESIAN_POINT('',(21.5,33.524048519,-5.));
#3291=DIRECTION('',(0.,0.,-1.));
#3292=DIRECTION('',(-1.,0.,0.));
#3293=AXIS2_PLACEMENT_3D('',#3290,#3291,#3292);
#3294=CYLINDRICAL_SURFACE('',#3293,1.);
#3295=ORIENTED_EDGE('',*,*,#3163,.F.);
#3296=CARTESIAN_POINT('',(21.5,33.524048519,-4.));
#3297=DIRECTION('',(0.,0.,-1.));
#3298=DIRECTION('',(-1.,0.,0.));
#3299=AXIS2_PLACEMENT_3D('',#3296,#3297,#3298);
#3300=CIRCLE('',#3299,1.);
#3301=EDGE_CURVE('',#3152,#2564,#3300,.T.);
#3302=ORIENTED_EDGE('',*,*,#3301,.T.);
#3303=ORIENTED_EDGE('',*,*,#2569,.F.);
#3304=ORIENTED_EDGE('',*,*,#2385,.F.);
#3305=EDGE_LOOP('',(#3295,#3302,#3303,#3304));
#3306=FACE_BOUND('',#3305,.T.);
#3307=ADVANCED_FACE('',(#3306),#3294,.T.);
#3308=CARTESIAN_POINT('',(-21.5,-50.575951481,-3.));
#3309=DIRECTION('',(0.,0.,-1.));
#3310=DIRECTION('',(-1.,0.,0.));
#3311=AXIS2_PLACEMENT_3D('',#3308,#3309,#3310);
#3312=CYLINDRICAL_SURFACE('',#3311,1.);
#3313=ORIENTED_EDGE('',*,*,#2772,.F.);
#3314=CARTESIAN_POINT('',(-21.5,-50.575951481,-4.));
#3315=DIRECTION('',(0.,0.,-1.));
#3316=DIRECTION('',(-1.,0.,0.));
#3317=AXIS2_PLACEMENT_3D('',#3314,#3315,#3316);
#3318=CIRCLE('',#3317,1.);
#3319=EDGE_CURVE('',#2761,#3082,#3318,.T.);
#3320=ORIENTED_EDGE('',*,*,#3319,.T.);
#3321=ORIENTED_EDGE('',*,*,#3087,.F.);
#3322=ORIENTED_EDGE('',*,*,#2284,.F.);
#3323=EDGE_LOOP('',(#3313,#3320,#3321,#3322));
#3324=FACE_BOUND('',#3323,.T.);
#3325=ADVANCED_FACE('',(#3324),#3312,.T.);
#3326=CARTESIAN_POINT('',(21.5,-50.575951481,-3.));
#3327=DIRECTION('',(0.,0.,1.));
#3328=DIRECTION('',(1.,0.,-0.));
#3329=AXIS2_PLACEMENT_3D('',#3326,#3327,#3328);
#3330=CYLINDRICAL_SURFACE('',#3329,1.);
#3331=ORIENTED_EDGE('',*,*,#3132,.F.);
#3332=CARTESIAN_POINT('',(21.5,-50.575951481,-4.));
#3333=DIRECTION('',(-0.,-0.,-1.));
#3334=DIRECTION('',(1.,0.,-0.));
#3335=AXIS2_PLACEMENT_3D('',#3332,#3333,#3334);
#3336=CIRCLE('',#3335,1.);
#3337=EDGE_CURVE('',#3121,#2502,#3336,.T.);
#3338=ORIENTED_EDGE('',*,*,#3337,.T.);
#3339=ORIENTED_EDGE('',*,*,#2507,.F.);
#3340=ORIENTED_EDGE('',*,*,#2335,.F.);
#3341=EDGE_LOOP('',(#3331,#3338,#3339,#3340));
#3342=FACE_BOUND('',#3341,.T.);
#3343=ADVANCED_FACE('',(#3342),#3330,.T.);
#3344=CARTESIAN_POINT('',(0.,-50.575951481,-4.));
#3345=DIRECTION('',(-1.,-0.,0.));
#3346=DIRECTION('',(0.,-1.,0.));
#3347=AXIS2_PLACEMENT_3D('',#3344,#3345,#3346);
#3348=CYLINDRICAL_SURFACE('',#3347,1.);
#3349=ORIENTED_EDGE('',*,*,#2856,.F.);
#3350=ORIENTED_EDGE('',*,*,#2515,.F.);
#3351=CARTESIAN_POINT('',(21.5,-50.575951481,-4.));
#3352=DIRECTION('',(-1.,0.,0.));
#3353=DIRECTION('',(0.,0.,1.));
#3354=AXIS2_PLACEMENT_3D('',#3351,#3352,#3353);
#3355=CIRCLE('',#3354,1.);
#3356=EDGE_CURVE('',#2690,#2502,#3355,.T.);
#3357=ORIENTED_EDGE('',*,*,#3356,.F.);
#3358=ORIENTED_EDGE('',*,*,#2695,.F.);
#3359=EDGE_LOOP('',(#3349,#3350,#3357,#3358));
#3360=FACE_BOUND('',#3359,.T.);
#3361=ADVANCED_FACE('',(#3360),#3348,.T.);
#3362=CARTESIAN_POINT('',(21.5,-50.575951481,-4.));
#3363=DIRECTION('',(0.,0.,-1.));
#3364=DIRECTION('',(-1.,0.,0.));
#3365=AXIS2_PLACEMENT_3D('',#3362,#3363,#3364);
#3366=SPHERICAL_SURFACE('',#3365,1.);
#3367=ORIENTED_EDGE('',*,*,#3356,.T.);
#3368=ORIENTED_EDGE('',*,*,#3337,.F.);
#3369=CARTESIAN_POINT('',(21.5,-50.575951481,-4.));
#3370=DIRECTION('',(0.,-1.,0.));
#3371=DIRECTION('',(0.,0.,-1.));
#3372=AXIS2_PLACEMENT_3D('',#3369,#3370,#3371);
#3373=CIRCLE('',#3372,1.);
#3374=EDGE_CURVE('',#2690,#3121,#3373,.T.);
#3375=ORIENTED_EDGE('',*,*,#3374,.F.);
#3376=EDGE_LOOP('',(#3367,#3368,#3375));
#3377=FACE_BOUND('',#3376,.T.);
#3378=ADVANCED_FACE('',(#3377),#3366,.T.);
#3379=CARTESIAN_POINT('',(21.5,-52.577951481,-4.));
#3380=DIRECTION('',(0.,1.,0.));
#3381=DIRECTION('',(0.,-0.,1.));
#3382=AXIS2_PLACEMENT_3D('',#3379,#3380,#3381);
#3383=CYLINDRICAL_SURFACE('',#3382,1.);
#3384=ORIENTED_EDGE('',*,*,#3374,.T.);
#3385=ORIENTED_EDGE('',*,*,#3126,.F.);
#3386=CARTESIAN_POINT('',(21.5,-51.575951481,-4.));
#3387=DIRECTION('',(0.,-1.,0.));
#3388=DIRECTION('',(0.,0.,-1.));
#3389=AXIS2_PLACEMENT_3D('',#3386,#3387,#3388);
#3390=CIRCLE('',#3389,1.);
#3391=EDGE_CURVE('',#2698,#3113,#3390,.T.);
#3392=ORIENTED_EDGE('',*,*,#3391,.F.);
#3393=ORIENTED_EDGE('',*,*,#2703,.F.);
#3394=EDGE_LOOP('',(#3384,#3385,#3392,#3393));
#3395=FACE_BOUND('',#3394,.T.);
#3396=ADVANCED_FACE('',(#3395),#3383,.T.);
#3397=CARTESIAN_POINT('',(21.5,-51.575951481,-4.));
#3398=DIRECTION('',(0.,0.,-1.));
#3399=DIRECTION('',(-1.,0.,0.));
#3400=AXIS2_PLACEMENT_3D('',#3397,#3398,#3399);
#3401=SPHERICAL_SURFACE('',#3400,1.);
#3402=ORIENTED_EDGE('',*,*,#3391,.T.);
#3403=ORIENTED_EDGE('',*,*,#3211,.F.);
#3404=CARTESIAN_POINT('',(21.5,-51.575951481,-4.));
#3405=DIRECTION('',(1.,0.,0.));
#3406=DIRECTION('',(0.,0.,-1.));
#3407=AXIS2_PLACEMENT_3D('',#3404,#3405,#3406);
#3408=CIRCLE('',#3407,1.);
#3409=EDGE_CURVE('',#2698,#2626,#3408,.T.);
#3410=ORIENTED_EDGE('',*,*,#3409,.F.);
#3411=EDGE_LOOP('',(#3402,#3403,#3410));
#3412=FACE_BOUND('',#3411,.T.);
#3413=ADVANCED_FACE('',(#3412),#3401,.T.);
#3414=CARTESIAN_POINT('',(0.,-51.575951481,-4.));
#3415=DIRECTION('',(1.,0.,0.));
#3416=DIRECTION('',(-0.,1.,0.));
#3417=AXIS2_PLACEMENT_3D('',#3414,#3415,#3416);
#3418=CYLINDRICAL_SURFACE('',#3417,1.);
#3419=ORIENTED_EDGE('',*,*,#3409,.T.);
#3420=ORIENTED_EDGE('',*,*,#2631,.F.);
#3421=CARTESIAN_POINT('',(24.5,-51.575951481,-4.));
#3422=DIRECTION('',(1.,0.,0.));
#3423=DIRECTION('',(-0.,1.,0.));
#3424=AXIS2_PLACEMENT_3D('',#3421,#3422,#3423);
#3425=CIRCLE('',#3424,1.);
#3426=EDGE_CURVE('',#2706,#2618,#3425,.T.);
#3427=ORIENTED_EDGE('',*,*,#3426,.F.);
#3428=ORIENTED_EDGE('',*,*,#2711,.F.);
#3429=EDGE_LOOP('',(#3419,#3420,#3427,#3428));
#3430=FACE_BOUND('',#3429,.T.);
#3431=ADVANCED_FACE('',(#3430),#3418,.T.);
#3432=CARTESIAN_POINT('',(24.5,-48.775951481,-4.));
#3433=DIRECTION('',(0.,0.,-1.));
#3434=DIRECTION('',(-1.,0.,0.));
#3435=AXIS2_PLACEMENT_3D('',#3432,#3433,#3434);
#3436=TOROIDAL_SURFACE('',#3435,2.8,1.);
#3437=ORIENTED_EDGE('',*,*,#3426,.T.);
#3438=ORIENTED_EDGE('',*,*,#2979,.F.);
#3439=CARTESIAN_POINT('',(27.3,-48.775951481,-4.));
#3440=DIRECTION('',(-0.,1.,-0.));
#3441=DIRECTION('',(0.,0.,-1.));
#3442=AXIS2_PLACEMENT_3D('',#3439,#3440,#3441);
#3443=CIRCLE('',#3442,1.);
#3444=EDGE_CURVE('',#2714,#2951,#3443,.T.);
#3445=ORIENTED_EDGE('',*,*,#3444,.F.);
#3446=ORIENTED_EDGE('',*,*,#2720,.T.);
#3447=EDGE_LOOP('',(#3437,#3438,#3445,#3446));
#3448=FACE_BOUND('',#3447,.T.);
#3449=ADVANCED_FACE('',(#3448),#3436,.T.);
#3450=CARTESIAN_POINT('',(27.3,0.,-4.));
#3451=DIRECTION('',(-0.,1.,0.));
#3452=DIRECTION('',(-1.,-0.,0.));
#3453=AXIS2_PLACEMENT_3D('',#3450,#3451,#3452);
#3454=CYLINDRICAL_SURFACE('',#3453,1.);
#3455=ORIENTED_EDGE('',*,*,#3444,.T.);
#3456=ORIENTED_EDGE('',*,*,#2956,.F.);
#3457=CARTESIAN_POINT('',(27.3,33.524048519,-4.));
#3458=DIRECTION('',(-0.196116135,0.980580676,-0.));
#3459=DIRECTION('',(-0.980580676,-0.196116135,0.));
#3460=AXIS2_PLACEMENT_3D('',#3457,#3458,#3459);
#3461=ELLIPSE('',#3460,1.019803903,1.);
#3462=EDGE_CURVE('',#2723,#2926,#3461,.T.);
#3463=ORIENTED_EDGE('',*,*,#3462,.F.);
#3464=ORIENTED_EDGE('',*,*,#2728,.F.);
#3465=EDGE_LOOP('',(#3455,#3456,#3463,#3464));
#3466=FACE_BOUND('',#3465,.T.);
#3467=ADVANCED_FACE('',(#3466),#3454,.T.);
#3468=CARTESIAN_POINT('',(27.300127832,33.524074086,-3.000000008));
#3469=CARTESIAN_POINT('',(27.300127827,33.524074091,-3.000000007));
#3470=CARTESIAN_POINT('',(27.300102271,33.524099647,-3.000000006));
#3471=CARTESIAN_POINT('',(27.30010226,33.524099658,-3.000000005));
#3472=CARTESIAN_POINT('',(27.300076705,33.524125213,-3.000000005));
#3473=CARTESIAN_POINT('',(27.300076694,33.524125224,-3.000000005));
#3474=CARTESIAN_POINT('',(27.300051138,33.52415078,-3.000000005));
#3475=CARTESIAN_POINT('',(27.300051127,33.524150791,-3.000000006));
#3476=CARTESIAN_POINT('',(27.300025572,33.524176346,-3.000000007));
#3477=CARTESIAN_POINT('',(27.300025566,33.524176352,-3.000000008));
#3478=CARTESIAN_POINT('',(27.430984881,33.550245496,-3.000016947));
#3479=CARTESIAN_POINT('',(27.430973559,33.550256866,-3.000014544));
#3480=CARTESIAN_POINT('',(27.404799318,33.576431134,-3.000012751));
#3481=CARTESIAN_POINT('',(27.404776612,33.576453873,-3.000010363));
#3482=CARTESIAN_POINT('',(27.378602352,33.602628139,-3.000009768));
#3483=CARTESIAN_POINT('',(27.37857962,33.602650871,-3.000009768));
#3484=CARTESIAN_POINT('',(27.352405354,33.628825131,-3.000010363));
#3485=CARTESIAN_POINT('',(27.352382614,33.628847838,-3.000012751));
#3486=CARTESIAN_POINT('',(27.326208346,33.655022078,-3.000014544));
#3487=CARTESIAN_POINT('',(27.326196976,33.6550334,-3.000016947));
#3488=CARTESIAN_POINT('',(27.561787252,33.57640597,-3.02604363));
#3489=CARTESIAN_POINT('',(27.544393339,33.593875091,-3.022350447));
#3490=CARTESIAN_POINT('',(27.52696584,33.611344315,-3.019595281));
#3491=CARTESIAN_POINT('',(27.492081168,33.646280623,-3.015925791));
#3492=CARTESIAN_POINT('',(27.474623826,33.663747907,-3.015011416));
#3493=CARTESIAN_POINT('',(27.439699387,33.698672345,-3.015011416));
#3494=CARTESIAN_POINT('',(27.422232103,33.716129687,-3.015925791));
#3495=CARTESIAN_POINT('',(27.387295795,33.751014359,-3.019595281));
#3496=CARTESIAN_POINT('',(27.369826572,33.768441858,-3.022350447));
#3497=CARTESIAN_POINT('',(27.35235745,33.785835771,-3.02604363));
#3498=CARTESIAN_POINT('',(27.80361898,33.624772316,-3.126213612));
#3499=CARTESIAN_POINT('',(27.775200079,33.660977191,-3.110929362));
#3500=CARTESIAN_POINT('',(27.744896187,33.697181649,-3.099339434));
#3501=CARTESIAN_POINT('',(27.681374462,33.768587292,-3.083851957));
#3502=CARTESIAN_POINT('',(27.648157376,33.803787653,-3.079954572));
#3503=CARTESIAN_POINT('',(27.579739134,33.872205895,-3.079954572));
#3504=CARTESIAN_POINT('',(27.544538773,33.905422981,-3.083851957));
#3505=CARTESIAN_POINT('',(27.47313313,33.968944707,-3.099339434));
#3506=CARTESIAN_POINT('',(27.436928671,33.999248599,-3.110929362));
#3507=CARTESIAN_POINT('',(27.400723796,34.0276675,-3.126213612));
#3508=CARTESIAN_POINT('',(27.91454672,33.646957863,-3.200333158));
#3509=CARTESIAN_POINT('',(27.883941416,33.693245326,-3.177189426));
#3510=CARTESIAN_POINT('',(27.849575796,33.739531741,-3.159508962));
#3511=CARTESIAN_POINT('',(27.774976915,33.83006723,-3.135847566));
#3512=CARTESIAN_POINT('',(27.734745851,33.874314192,-3.129867152));
#3513=CARTESIAN_POINT('',(27.650265673,33.95879437,-3.129867152));
#3514=CARTESIAN_POINT('',(27.60601871,33.999025435,-3.135847566));
#3515=CARTESIAN_POINT('',(27.515483222,34.073624315,-3.159508962));
#3516=CARTESIAN_POINT('',(27.469196807,34.107989936,-3.177189426));
#3517=CARTESIAN_POINT('',(27.422909344,34.138595239,-3.200333158));
#3518=CARTESIAN_POINT('',(28.099666842,33.683981888,-3.38545328));
#3519=CARTESIAN_POINT('',(28.073269932,33.751698854,-3.351594797));
#3520=CARTESIAN_POINT('',(28.037640653,33.819407972,-3.325274627));
#3521=CARTESIAN_POINT('',(27.951012923,33.949112129,-3.289922989));
#3522=CARTESIAN_POINT('',(27.900024858,34.011092092,-3.280895606));
#3523=CARTESIAN_POINT('',(27.787043573,34.124073378,-3.280895606));
#3524=CARTESIAN_POINT('',(27.725063609,34.175061442,-3.289922989));
#3525=CARTESIAN_POINT('',(27.595359453,34.261689172,-3.325274627));
#3526=CARTESIAN_POINT('',(27.527650335,34.297318451,-3.351594797));
#3527=CARTESIAN_POINT('',(27.459933368,34.323715362,-3.38545328));
#3528=CARTESIAN_POINT('',(28.173786388,33.698805797,-3.49638102));
#3529=CARTESIAN_POINT('',(28.153975306,33.778052919,-3.46015732));
#3530=CARTESIAN_POINT('',(28.121346944,33.857285144,-3.43167053));
#3531=CARTESIAN_POINT('',(28.034051628,34.007289374,-3.393315074));
#3532=CARTESIAN_POINT('',(27.979401934,34.078033067,-3.383454278));
#3533=CARTESIAN_POINT('',(27.853984547,34.203450453,-3.383454278));
#3534=CARTESIAN_POINT('',(27.783240854,34.258100148,-3.393315074));
#3535=CARTESIAN_POINT('',(27.633236625,34.345395464,-3.43167053));
#3536=CARTESIAN_POINT('',(27.5540044,34.378023825,-3.46015732));
#3537=CARTESIAN_POINT('',(27.474757278,34.397834908,-3.49638102));
#3538=CARTESIAN_POINT('',(28.273972677,33.718843055,-3.738252116));
#3539=CARTESIAN_POINT('',(28.267818266,33.816899411,-3.711789569));
#3540=CARTESIAN_POINT('',(28.242946766,33.914923509,-3.690671608));
#3541=CARTESIAN_POINT('',(28.159323228,34.097297349,-3.662148468));
#3542=CARTESIAN_POINT('',(28.100599386,34.181587004,-3.654753205));
#3543=CARTESIAN_POINT('',(27.957538485,34.324647906,-3.654753205));
#3544=CARTESIAN_POINT('',(27.87324883,34.383371748,-3.662148468));
#3545=CARTESIAN_POINT('',(27.690874989,34.466995286,-3.690671608));
#3546=CARTESIAN_POINT('',(27.592850891,34.491866786,-3.711789569));
#3547=CARTESIAN_POINT('',(27.494794535,34.498021196,-3.738252116));
#3548=CARTESIAN_POINT('',(28.3,33.724048519,-3.869100306));
#3549=CARTESIAN_POINT('',(28.3,33.828768275,-3.855392522));
#3550=CARTESIAN_POINT('',(28.279178141,33.933446827,-3.844415707));
#3551=CARTESIAN_POINT('',(28.199029111,34.126943704,-3.829578508));
#3552=CARTESIAN_POINT('',(28.139733474,34.215685895,-3.825723963));
#3553=CARTESIAN_POINT('',(27.991637376,34.363781993,-3.825723963));
#3554=CARTESIAN_POINT('',(27.902895184,34.42307763,-3.829578508));
#3555=CARTESIAN_POINT('',(27.709398307,34.503226661,-3.844415707));
#3556=CARTESIAN_POINT('',(27.604719755,34.524048519,-3.855392522));
#3557=CARTESIAN_POINT('',(27.5,34.524048519,-3.869100306));
#3558=CARTESIAN_POINT('',(28.3,33.724048519,-4.));
#3559=CARTESIAN_POINT('',(28.3,33.828768275,-4.));
#3560=CARTESIAN_POINT('',(28.279178141,33.933446827,-4.));
#3561=CARTESIAN_POINT('',(28.199029111,34.126943704,-4.));
#3562=CARTESIAN_POINT('',(28.139733474,34.215685895,-4.));
#3563=CARTESIAN_POINT('',(27.991637376,34.363781993,-4.));
#3564=CARTESIAN_POINT('',(27.902895184,34.42307763,-4.));
#3565=CARTESIAN_POINT('',(27.709398307,34.503226661,-4.));
#3566=CARTESIAN_POINT('',(27.604719755,34.524048519,-4.));
#3567=CARTESIAN_POINT('',(27.5,34.524048519,-4.));
#3568=B_SPLINE_SURFACE_WITH_KNOTS('',3,3,((#3468,#3469,#3470,#3471,#3472,#3473,#3474,#3475,#3476,#3477),(#3478,#3479,#3480,#3481,#3482,#3483,#3484,#3485,#3486,#3487),(#3488,#3489,#3490,#3491,#3492,#3493,#3494,#3495,#3496,#3497),(#3498,#3499,#3500,#3501,#3502,#3503,#3504,#3505,#3506,#3507),(#3508,#3509,#3510,#3511,#3512,#3513,#3514,#3515,#3516,#3517),(#3518,#3519,#3520,#3521,#3522,#3523,#3524,#3525,#3526,#3527),(#3528,#3529,#3530,#3531,#3532,#3533,#3534,#3535,#3536,#3537),(#3538,#3539,#3540,#3541,#3542,#3543,#3544,#3545,#3546,#3547),(#3548,#3549,#3550,#3551,#3552,#3553,#3554,#3555,#3556,#3557),(#3558,#3559,#3560,#3561,#3562,#3563,#3564,#3565,#3566,#3567)),.UNSPECIFIED.,.F.,.F.,.U.,(4,2,2,2,4),(4,2,2,2,4),(1.570924159,1.963495408,2.35619449,2.748893572,3.141592654),(0.,0.25,0.5,0.75,1.),.UNSPECIFIED.);
#3569=ORIENTED_EDGE('',*,*,#3462,.T.);
#3570=ORIENTED_EDGE('',*,*,#2932,.F.);
#3571=CARTESIAN_POINT('',(27.3,33.524048519,-4.));
#3572=DIRECTION('',(-0.980580676,0.196116135,-0.));
#3573=DIRECTION('',(-0.196116135,-0.980580676,0.));
#3574=AXIS2_PLACEMENT_3D('',#3571,#3572,#3573);
#3575=ELLIPSE('',#3574,1.019803903,1.);
#3576=EDGE_CURVE('',#2723,#2572,#3575,.T.);
#3577=ORIENTED_EDGE('',*,*,#3576,.F.);
#3578=EDGE_LOOP('',(#3569,#3570,#3577));
#3579=FACE_BOUND('',#3578,.T.);
#3580=ADVANCED_FACE('',(#3579),#3568,.T.);
#3581=CARTESIAN_POINT('',(0.,33.524048519,-4.));
#3582=DIRECTION('',(-1.,0.,0.));
#3583=DIRECTION('',(0.,0.,1.));
#3584=AXIS2_PLACEMENT_3D('',#3581,#3582,#3583);
#3585=CYLINDRICAL_SURFACE('',#3584,1.);
#3586=ORIENTED_EDGE('',*,*,#3576,.T.);
#3587=ORIENTED_EDGE('',*,*,#2577,.F.);
#3588=CARTESIAN_POINT('',(21.5,33.524048519,-4.));
#3589=DIRECTION('',(-1.,0.,0.));
#3590=DIRECTION('',(0.,0.,1.));
#3591=AXIS2_PLACEMENT_3D('',#3588,#3589,#3590);
#3592=CIRCLE('',#3591,1.);
#3593=EDGE_CURVE('',#2731,#2564,#3592,.T.);
#3594=ORIENTED_EDGE('',*,*,#3593,.F.);
#3595=ORIENTED_EDGE('',*,*,#2736,.F.);
#3596=EDGE_LOOP('',(#3586,#3587,#3594,#3595));
#3597=FACE_BOUND('',#3596,.T.);
#3598=ADVANCED_FACE('',(#3597),#3585,.T.);
#3599=CARTESIAN_POINT('',(21.5,33.524048519,-4.));
#3600=DIRECTION('',(0.,0.,-1.));
#3601=DIRECTION('',(-1.,0.,0.));
#3602=AXIS2_PLACEMENT_3D('',#3599,#3600,#3601);
#3603=SPHERICAL_SURFACE('',#3602,1.);
#3604=ORIENTED_EDGE('',*,*,#3593,.T.);
#3605=ORIENTED_EDGE('',*,*,#3301,.F.);
#3606=CARTESIAN_POINT('',(21.5,33.524048519,-4.));
#3607=DIRECTION('',(0.,-1.,0.));
#3608=DIRECTION('',(0.,0.,-1.));
#3609=AXIS2_PLACEMENT_3D('',#3606,#3607,#3608);
#3610=CIRCLE('',#3609,1.);
#3611=EDGE_CURVE('',#2731,#3152,#3610,.T.);
#3612=ORIENTED_EDGE('',*,*,#3611,.F.);
#3613=EDGE_LOOP('',(#3604,#3605,#3612));
#3614=FACE_BOUND('',#3613,.T.);
#3615=ADVANCED_FACE('',(#3614),#3603,.T.);
#3616=CARTESIAN_POINT('',(21.5,-52.577951481,-4.));
#3617=DIRECTION('',(0.,1.,0.));
#3618=DIRECTION('',(0.,-0.,1.));
#3619=AXIS2_PLACEMENT_3D('',#3616,#3617,#3618);
#3620=CYLINDRICAL_SURFACE('',#3619,1.);
#3621=ORIENTED_EDGE('',*,*,#3611,.T.);
#3622=ORIENTED_EDGE('',*,*,#3157,.F.);
#3623=CARTESIAN_POINT('',(21.5,32.524048519,-4.));
#3624=DIRECTION('',(0.,-1.,0.));
#3625=DIRECTION('',(0.,0.,-1.));
#3626=AXIS2_PLACEMENT_3D('',#3623,#3624,#3625);
#3627=CIRCLE('',#3626,1.);
#3628=EDGE_CURVE('',#2672,#3144,#3627,.T.);
#3629=ORIENTED_EDGE('',*,*,#3628,.F.);
#3630=ORIENTED_EDGE('',*,*,#2742,.F.);
#3631=EDGE_LOOP('',(#3621,#3622,#3629,#3630));
#3632=FACE_BOUND('',#3631,.T.);
#3633=ADVANCED_FACE('',(#3632),#3620,.T.);
#3634=CARTESIAN_POINT('',(21.5,32.524048519,-4.));
#3635=DIRECTION('',(0.,0.,-1.));
#3636=DIRECTION('',(-1.,0.,0.));
#3637=AXIS2_PLACEMENT_3D('',#3634,#3635,#3636);
#3638=SPHERICAL_SURFACE('',#3637,1.);
#3639=ORIENTED_EDGE('',*,*,#3628,.T.);
#3640=ORIENTED_EDGE('',*,*,#3229,.F.);
#3641=CARTESIAN_POINT('',(21.5,32.524048519,-4.));
#3642=DIRECTION('',(1.,0.,0.));
#3643=DIRECTION('',(0.,0.,-1.));
#3644=AXIS2_PLACEMENT_3D('',#3641,#3642,#3643);
#3645=CIRCLE('',#3644,1.);
#3646=EDGE_CURVE('',#2672,#2541,#3645,.T.);
#3647=ORIENTED_EDGE('',*,*,#3646,.F.);
#3648=EDGE_LOOP('',(#3639,#3640,#3647));
#3649=FACE_BOUND('',#3648,.T.);
#3650=ADVANCED_FACE('',(#3649),#3638,.T.);
#3651=CARTESIAN_POINT('',(-0.,32.524048519,-4.));
#3652=DIRECTION('',(1.,0.,0.));
#3653=DIRECTION('',(-0.,1.,0.));
#3654=AXIS2_PLACEMENT_3D('',#3651,#3652,#3653);
#3655=CYLINDRICAL_SURFACE('',#3654,1.);
#3656=ORIENTED_EDGE('',*,*,#3646,.T.);
#3657=ORIENTED_EDGE('',*,*,#2546,.F.);
#3658=ORIENTED_EDGE('',*,*,#2864,.F.);
#3659=ORIENTED_EDGE('',*,*,#2679,.F.);
#3660=EDGE_LOOP('',(#3656,#3657,#3658,#3659));
#3661=FACE_BOUND('',#3660,.T.);
#3662=ADVANCED_FACE('',(#3661),#3655,.T.);
#3663=CARTESIAN_POINT('',(-0.,32.524048519,-4.));
#3664=DIRECTION('',(1.,0.,0.));
#3665=DIRECTION('',(-0.,1.,0.));
#3666=AXIS2_PLACEMENT_3D('',#3663,#3664,#3665);
#3667=CYLINDRICAL_SURFACE('',#3666,1.);
#3668=ORIENTED_EDGE('',*,*,#2815,.F.);
#3669=ORIENTED_EDGE('',*,*,#2837,.F.);
#3670=CARTESIAN_POINT('',(-21.5,32.524048519,-4.));
#3671=DIRECTION('',(1.,0.,0.));
#3672=DIRECTION('',(0.,0.,-1.));
#3673=AXIS2_PLACEMENT_3D('',#3670,#3671,#3672);
#3674=CIRCLE('',#3673,1.);
#3675=EDGE_CURVE('',#3019,#2826,#3674,.T.);
#3676=ORIENTED_EDGE('',*,*,#3675,.F.);
#3677=ORIENTED_EDGE('',*,*,#3024,.F.);
#3678=EDGE_LOOP('',(#3668,#3669,#3676,#3677));
#3679=FACE_BOUND('',#3678,.T.);
#3680=ADVANCED_FACE('',(#3679),#3667,.T.);
#3681=CARTESIAN_POINT('',(-21.5,32.524048519,-4.));
#3682=DIRECTION('',(0.,0.,-1.));
#3683=DIRECTION('',(-1.,0.,0.));
#3684=AXIS2_PLACEMENT_3D('',#3681,#3682,#3683);
#3685=SPHERICAL_SURFACE('',#3684,1.);
#3686=ORIENTED_EDGE('',*,*,#3675,.T.);
#3687=ORIENTED_EDGE('',*,*,#3247,.F.);
#3688=CARTESIAN_POINT('',(-21.5,32.524048519,-4.));
#3689=DIRECTION('',(0.,1.,0.));
#3690=DIRECTION('',(0.,-0.,1.));
#3691=AXIS2_PLACEMENT_3D('',#3688,#3689,#3690);
#3692=CIRCLE('',#3691,1.);
#3693=EDGE_CURVE('',#3019,#3183,#3692,.T.);
#3694=ORIENTED_EDGE('',*,*,#3693,.F.);
#3695=EDGE_LOOP('',(#3686,#3687,#3694));
#3696=FACE_BOUND('',#3695,.T.);
#3697=ADVANCED_FACE('',(#3696),#3685,.T.);
#3698=CARTESIAN_POINT('',(-21.5,0.,-4.));
#3699=DIRECTION('',(0.,1.,0.));
#3700=DIRECTION('',(0.,-0.,1.));
#3701=AXIS2_PLACEMENT_3D('',#3698,#3699,#3700);
#3702=CYLINDRICAL_SURFACE('',#3701,1.);
#3703=ORIENTED_EDGE('',*,*,#3693,.T.);
#3704=ORIENTED_EDGE('',*,*,#3188,.F.);
#3705=CARTESIAN_POINT('',(-21.5,33.524048519,-4.));
#3706=DIRECTION('',(0.,1.,0.));
#3707=DIRECTION('',(0.,-0.,1.));
#3708=AXIS2_PLACEMENT_3D('',#3705,#3706,#3707);
#3709=CIRCLE('',#3708,1.);
#3710=EDGE_CURVE('',#3027,#3175,#3709,.T.);
#3711=ORIENTED_EDGE('',*,*,#3710,.F.);
#3712=ORIENTED_EDGE('',*,*,#3032,.F.);
#3713=EDGE_LOOP('',(#3703,#3704,#3711,#3712));
#3714=FACE_BOUND('',#3713,.T.);
#3715=ADVANCED_FACE('',(#3714),#3702,.T.);
#3716=CARTESIAN_POINT('',(-21.5,33.524048519,-4.));
#3717=DIRECTION('',(0.,0.,-1.));
#3718=DIRECTION('',(-1.,0.,0.));
#3719=AXIS2_PLACEMENT_3D('',#3716,#3717,#3718);
#3720=SPHERICAL_SURFACE('',#3719,1.);
#3721=ORIENTED_EDGE('',*,*,#3710,.T.);
#3722=ORIENTED_EDGE('',*,*,#3265,.F.);
#3723=CARTESIAN_POINT('',(-21.5,33.524048519,-4.));
#3724=DIRECTION('',(-1.,0.,0.));
#3725=DIRECTION('',(0.,0.,1.));
#3726=AXIS2_PLACEMENT_3D('',#3723,#3724,#3725);
#3727=CIRCLE('',#3726,1.);
#3728=EDGE_CURVE('',#3027,#2595,#3727,.T.);
#3729=ORIENTED_EDGE('',*,*,#3728,.F.);
#3730=EDGE_LOOP('',(#3721,#3722,#3729));
#3731=FACE_BOUND('',#3730,.T.);
#3732=ADVANCED_FACE('',(#3731),#3720,.T.);
#3733=CARTESIAN_POINT('',(0.,33.524048519,-4.));
#3734=DIRECTION('',(-1.,0.,0.));
#3735=DIRECTION('',(0.,0.,1.));
#3736=AXIS2_PLACEMENT_3D('',#3733,#3734,#3735);
#3737=CYLINDRICAL_SURFACE('',#3736,1.);
#3738=ORIENTED_EDGE('',*,*,#3728,.T.);
#3739=ORIENTED_EDGE('',*,*,#2600,.F.);
#3740=CARTESIAN_POINT('',(-27.3,33.524048519,-4.));
#3741=DIRECTION('',(-0.980580676,-0.196116135,-0.));
#3742=DIRECTION('',(0.196116135,-0.980580676,0.));
#3743=AXIS2_PLACEMENT_3D('',#3740,#3741,#3742);
#3744=ELLIPSE('',#3743,1.019803903,1.);
#3745=EDGE_CURVE('',#3035,#2587,#3744,.T.);
#3746=ORIENTED_EDGE('',*,*,#3745,.F.);
#3747=ORIENTED_EDGE('',*,*,#3040,.F.);
#3748=EDGE_LOOP('',(#3738,#3739,#3746,#3747));
#3749=FACE_BOUND('',#3748,.T.);
#3750=ADVANCED_FACE('',(#3749),#3737,.T.);
#3751=CARTESIAN_POINT('',(-27.300025566,33.524176352,-3.000000008));
#3752=CARTESIAN_POINT('',(-27.300025572,33.524176346,-3.000000007));
#3753=CARTESIAN_POINT('',(-27.300051127,33.524150791,-3.000000006));
#3754=CARTESIAN_POINT('',(-27.300051138,33.52415078,-3.000000005));
#3755=CARTESIAN_POINT('',(-27.300076694,33.524125224,-3.000000005));
#3756=CARTESIAN_POINT('',(-27.300076705,33.524125213,-3.000000005));
#3757=CARTESIAN_POINT('',(-27.30010226,33.524099658,-3.000000005));
#3758=CARTESIAN_POINT('',(-27.300102271,33.524099647,-3.000000006));
#3759=CARTESIAN_POINT('',(-27.300127827,33.524074091,-3.000000007));
#3760=CARTESIAN_POINT('',(-27.300127832,33.524074086,-3.000000008));
#3761=CARTESIAN_POINT('',(-27.326196976,33.6550334,-3.000016947));
#3762=CARTESIAN_POINT('',(-27.326208346,33.655022078,-3.000014544));
#3763=CARTESIAN_POINT('',(-27.352382614,33.628847838,-3.000012751));
#3764=CARTESIAN_POINT('',(-27.352405354,33.628825131,-3.000010363));
#3765=CARTESIAN_POINT('',(-27.37857962,33.602650871,-3.000009768));
#3766=CARTESIAN_POINT('',(-27.378602352,33.602628139,-3.000009768));
#3767=CARTESIAN_POINT('',(-27.404776612,33.576453873,-3.000010363));
#3768=CARTESIAN_POINT('',(-27.404799318,33.576431134,-3.000012751));
#3769=CARTESIAN_POINT('',(-27.430973559,33.550256866,-3.000014544));
#3770=CARTESIAN_POINT('',(-27.430984881,33.550245496,-3.000016947));
#3771=CARTESIAN_POINT('',(-27.35235745,33.785835771,-3.02604363));
#3772=CARTESIAN_POINT('',(-27.369826572,33.768441858,-3.022350447));
#3773=CARTESIAN_POINT('',(-27.387295795,33.751014359,-3.019595281));
#3774=CARTESIAN_POINT('',(-27.422232103,33.716129687,-3.015925791));
#3775=CARTESIAN_POINT('',(-27.439699387,33.698672345,-3.015011416));
#3776=CARTESIAN_POINT('',(-27.474623826,33.663747907,-3.015011416));
#3777=CARTESIAN_POINT('',(-27.492081168,33.646280623,-3.015925791));
#3778=CARTESIAN_POINT('',(-27.52696584,33.611344315,-3.019595281));
#3779=CARTESIAN_POINT('',(-27.544393339,33.593875091,-3.022350447));
#3780=CARTESIAN_POINT('',(-27.561787252,33.57640597,-3.02604363));
#3781=CARTESIAN_POINT('',(-27.400723796,34.0276675,-3.126213612));
#3782=CARTESIAN_POINT('',(-27.436928671,33.999248599,-3.110929362));
#3783=CARTESIAN_POINT('',(-27.47313313,33.968944707,-3.099339434));
#3784=CARTESIAN_POINT('',(-27.544538773,33.905422981,-3.083851957));
#3785=CARTESIAN_POINT('',(-27.579739134,33.872205895,-3.079954572));
#3786=CARTESIAN_POINT('',(-27.648157376,33.803787653,-3.079954572));
#3787=CARTESIAN_POINT('',(-27.681374462,33.768587292,-3.083851957));
#3788=CARTESIAN_POINT('',(-27.744896187,33.697181649,-3.099339434));
#3789=CARTESIAN_POINT('',(-27.775200079,33.660977191,-3.110929362));
#3790=CARTESIAN_POINT('',(-27.80361898,33.624772316,-3.126213612));
#3791=CARTESIAN_POINT('',(-27.422909344,34.138595239,-3.200333158));
#3792=CARTESIAN_POINT('',(-27.469196807,34.107989936,-3.177189426));
#3793=CARTESIAN_POINT('',(-27.515483222,34.073624315,-3.159508962));
#3794=CARTESIAN_POINT('',(-27.60601871,33.999025435,-3.135847566));
#3795=CARTESIAN_POINT('',(-27.650265673,33.95879437,-3.129867152));
#3796=CARTESIAN_POINT('',(-27.734745851,33.874314192,-3.129867152));
#3797=CARTESIAN_POINT('',(-27.774976915,33.83006723,-3.135847566));
#3798=CARTESIAN_POINT('',(-27.849575796,33.739531741,-3.159508962));
#3799=CARTESIAN_POINT('',(-27.883941416,33.693245326,-3.177189426));
#3800=CARTESIAN_POINT('',(-27.91454672,33.646957863,-3.200333158));
#3801=CARTESIAN_POINT('',(-27.459933368,34.323715362,-3.38545328));
#3802=CARTESIAN_POINT('',(-27.527650335,34.297318451,-3.351594797));
#3803=CARTESIAN_POINT('',(-27.595359453,34.261689172,-3.325274627));
#3804=CARTESIAN_POINT('',(-27.725063609,34.175061442,-3.289922989));
#3805=CARTESIAN_POINT('',(-27.787043573,34.124073378,-3.280895606));
#3806=CARTESIAN_POINT('',(-27.900024858,34.011092092,-3.280895606));
#3807=CARTESIAN_POINT('',(-27.951012923,33.949112129,-3.289922989));
#3808=CARTESIAN_POINT('',(-28.037640653,33.819407972,-3.325274627));
#3809=CARTESIAN_POINT('',(-28.073269932,33.751698854,-3.351594797));
#3810=CARTESIAN_POINT('',(-28.099666842,33.683981888,-3.38545328));
#3811=CARTESIAN_POINT('',(-27.474757278,34.397834908,-3.49638102));
#3812=CARTESIAN_POINT('',(-27.5540044,34.378023825,-3.46015732));
#3813=CARTESIAN_POINT('',(-27.633236625,34.345395464,-3.43167053));
#3814=CARTESIAN_POINT('',(-27.783240854,34.258100148,-3.393315074));
#3815=CARTESIAN_POINT('',(-27.853984547,34.203450453,-3.383454278));
#3816=CARTESIAN_POINT('',(-27.979401934,34.078033067,-3.383454278));
#3817=CARTESIAN_POINT('',(-28.034051628,34.007289374,-3.393315074));
#3818=CARTESIAN_POINT('',(-28.121346944,33.857285144,-3.43167053));
#3819=CARTESIAN_POINT('',(-28.153975306,33.778052919,-3.46015732));
#3820=CARTESIAN_POINT('',(-28.173786388,33.698805797,-3.49638102));
#3821=CARTESIAN_POINT('',(-27.494794535,34.498021196,-3.738252116));
#3822=CARTESIAN_POINT('',(-27.592850891,34.491866786,-3.711789569));
#3823=CARTESIAN_POINT('',(-27.690874989,34.466995286,-3.690671608));
#3824=CARTESIAN_POINT('',(-27.87324883,34.383371748,-3.662148468));
#3825=CARTESIAN_POINT('',(-27.957538485,34.324647906,-3.654753205));
#3826=CARTESIAN_POINT('',(-28.100599386,34.181587004,-3.654753205));
#3827=CARTESIAN_POINT('',(-28.159323228,34.097297349,-3.662148468));
#3828=CARTESIAN_POINT('',(-28.242946766,33.914923509,-3.690671608));
#3829=CARTESIAN_POINT('',(-28.267818266,33.816899411,-3.711789569));
#3830=CARTESIAN_POINT('',(-28.273972677,33.718843055,-3.738252116));
#3831=CARTESIAN_POINT('',(-27.5,34.524048519,-3.869100306));
#3832=CARTESIAN_POINT('',(-27.604719755,34.524048519,-3.855392522));
#3833=CARTESIAN_POINT('',(-27.709398307,34.503226661,-3.844415707));
#3834=CARTESIAN_POINT('',(-27.902895184,34.42307763,-3.829578508));
#3835=CARTESIAN_POINT('',(-27.991637376,34.363781993,-3.825723963));
#3836=CARTESIAN_POINT('',(-28.139733474,34.215685895,-3.825723963));
#3837=CARTESIAN_POINT('',(-28.199029111,34.126943704,-3.829578508));
#3838=CARTESIAN_POINT('',(-28.279178141,33.933446827,-3.844415707));
#3839=CARTESIAN_POINT('',(-28.3,33.828768275,-3.855392522));
#3840=CARTESIAN_POINT('',(-28.3,33.724048519,-3.869100306));
#3841=CARTESIAN_POINT('',(-27.5,34.524048519,-4.));
#3842=CARTESIAN_POINT('',(-27.604719755,34.524048519,-4.));
#3843=CARTESIAN_POINT('',(-27.709398307,34.503226661,-4.));
#3844=CARTESIAN_POINT('',(-27.902895184,34.42307763,-4.));
#3845=CARTESIAN_POINT('',(-27.991637376,34.363781993,-4.));
#3846=CARTESIAN_POINT('',(-28.139733474,34.215685895,-4.));
#3847=CARTESIAN_POINT('',(-28.199029111,34.126943704,-4.));
#3848=CARTESIAN_POINT('',(-28.279178141,33.933446827,-4.));
#3849=CARTESIAN_POINT('',(-28.3,33.828768275,-4.));
#3850=CARTESIAN_POINT('',(-28.3,33.724048519,-4.));
#3851=B_SPLINE_SURFACE_WITH_KNOTS('',3,3,((#3751,#3752,#3753,#3754,#3755,#3756,#3757,#3758,#3759,#3760),(#3761,#3762,#3763,#3764,#3765,#3766,#3767,#3768,#3769,#3770),(#3771,#3772,#3773,#3774,#3775,#3776,#3777,#3778,#3779,#3780),(#3781,#3782,#3783,#3784,#3785,#3786,#3787,#3788,#3789,#3790),(#3791,#3792,#3793,#3794,#3795,#3796,#3797,#3798,#3799,#3800),(#3801,#3802,#3803,#3804,#3805,#3806,#3807,#3808,#3809,#3810),(#3811,#3812,#3813,#3814,#3815,#3816,#3817,#3818,#3819,#3820),(#3821,#3822,#3823,#3824,#3825,#3826,#3827,#3828,#3829,#3830),(#3831,#3832,#3833,#3834,#3835,#3836,#3837,#3838,#3839,#3840),(#3841,#3842,#3843,#3844,#3845,#3846,#3847,#3848,#3849,#3850)),.UNSPECIFIED.,.F.,.F.,.U.,(4,2,2,2,4),(4,2,2,2,4),(1.570924159,1.963495408,2.35619449,2.748893572,3.141592654),(0.,0.25,0.5,0.75,1.),.UNSPECIFIED.);
#3852=ORIENTED_EDGE('',*,*,#3745,.T.);
#3853=ORIENTED_EDGE('',*,*,#2912,.F.);
#3854=CARTESIAN_POINT('',(-27.3,33.524048519,-4.));
#3855=DIRECTION('',(-0.196116135,-0.980580676,-0.));
#3856=DIRECTION('',(0.980580676,-0.196116135,0.));
#3857=AXIS2_PLACEMENT_3D('',#3854,#3855,#3856);
#3858=ELLIPSE('',#3857,1.019803903,1.);
#3859=EDGE_CURVE('',#3035,#2884,#3858,.T.);
#3860=ORIENTED_EDGE('',*,*,#3859,.F.);
#3861=EDGE_LOOP('',(#3852,#3853,#3860));
#3862=FACE_BOUND('',#3861,.T.);
#3863=ADVANCED_FACE('',(#3862),#3851,.T.);
#3864=CARTESIAN_POINT('',(-27.3,-0.,-4.));
#3865=DIRECTION('',(0.,-1.,0.));
#3866=DIRECTION('',(1.,0.,0.));
#3867=AXIS2_PLACEMENT_3D('',#3864,#3865,#3866);
#3868=CYLINDRICAL_SURFACE('',#3867,1.);
#3869=ORIENTED_EDGE('',*,*,#3859,.T.);
#3870=ORIENTED_EDGE('',*,*,#2889,.F.);
#3871=CARTESIAN_POINT('',(-27.3,-48.775951481,-4.));
#3872=DIRECTION('',(0.,-1.,0.));
#3873=DIRECTION('',(1.,0.,0.));
#3874=AXIS2_PLACEMENT_3D('',#3871,#3872,#3873);
#3875=CIRCLE('',#3874,1.);
#3876=EDGE_CURVE('',#3043,#2876,#3875,.T.);
#3877=ORIENTED_EDGE('',*,*,#3876,.F.);
#3878=ORIENTED_EDGE('',*,*,#3048,.F.);
#3879=EDGE_LOOP('',(#3869,#3870,#3877,#3878));
#3880=FACE_BOUND('',#3879,.T.);
#3881=ADVANCED_FACE('',(#3880),#3868,.T.);
#3882=CARTESIAN_POINT('',(-24.5,-48.775951481,-4.));
#3883=DIRECTION('',(0.,0.,-1.));
#3884=DIRECTION('',(-1.,0.,0.));
#3885=AXIS2_PLACEMENT_3D('',#3882,#3883,#3884);
#3886=TOROIDAL_SURFACE('',#3885,2.8,1.);
#3887=ORIENTED_EDGE('',*,*,#3876,.T.);
#3888=ORIENTED_EDGE('',*,*,#2997,.F.);
#3889=CARTESIAN_POINT('',(-24.5,-51.575951481,-4.));
#3890=DIRECTION('',(1.,-0.,-0.));
#3891=DIRECTION('',(0.,0.,1.));
#3892=AXIS2_PLACEMENT_3D('',#3889,#3890,#3891);
#3893=CIRCLE('',#3892,1.);
#3894=EDGE_CURVE('',#3051,#2649,#3893,.T.);
#3895=ORIENTED_EDGE('',*,*,#3894,.F.);
#3896=ORIENTED_EDGE('',*,*,#3057,.T.);
#3897=EDGE_LOOP('',(#3887,#3888,#3895,#3896));
#3898=FACE_BOUND('',#3897,.T.);
#3899=ADVANCED_FACE('',(#3898),#3886,.T.);
#3900=CARTESIAN_POINT('',(0.,-51.575951481,-4.));
#3901=DIRECTION('',(1.,0.,0.));
#3902=DIRECTION('',(-0.,1.,0.));
#3903=AXIS2_PLACEMENT_3D('',#3900,#3901,#3902);
#3904=CYLINDRICAL_SURFACE('',#3903,1.);
#3905=ORIENTED_EDGE('',*,*,#3894,.T.);
#3906=ORIENTED_EDGE('',*,*,#2654,.F.);
#3907=CARTESIAN_POINT('',(-21.5,-51.575951481,-4.));
#3908=DIRECTION('',(1.,0.,0.));
#3909=DIRECTION('',(0.,0.,-1.));
#3910=AXIS2_PLACEMENT_3D('',#3907,#3908,#3909);
#3911=CIRCLE('',#3910,1.);
#3912=EDGE_CURVE('',#3060,#2641,#3911,.T.);
#3913=ORIENTED_EDGE('',*,*,#3912,.F.);
#3914=ORIENTED_EDGE('',*,*,#3065,.F.);
#3915=EDGE_LOOP('',(#3905,#3906,#3913,#3914));
#3916=FACE_BOUND('',#3915,.T.);
#3917=ADVANCED_FACE('',(#3916),#3904,.T.);
#3918=CARTESIAN_POINT('',(-21.5,-51.575951481,-4.));
#3919=DIRECTION('',(0.,0.,-1.));
#3920=DIRECTION('',(-1.,0.,0.));
#3921=AXIS2_PLACEMENT_3D('',#3918,#3919,#3920);
#3922=SPHERICAL_SURFACE('',#3921,1.);
#3923=ORIENTED_EDGE('',*,*,#3912,.T.);
#3924=ORIENTED_EDGE('',*,*,#3283,.F.);
#3925=CARTESIAN_POINT('',(-21.5,-51.575951481,-4.));
#3926=DIRECTION('',(0.,1.,0.));
#3927=DIRECTION('',(0.,-0.,1.));
#3928=AXIS2_PLACEMENT_3D('',#3925,#3926,#3927);
#3929=CIRCLE('',#3928,1.);
#3930=EDGE_CURVE('',#3060,#3090,#3929,.T.);
#3931=ORIENTED_EDGE('',*,*,#3930,.F.);
#3932=EDGE_LOOP('',(#3923,#3924,#3931));
#3933=FACE_BOUND('',#3932,.T.);
#3934=ADVANCED_FACE('',(#3933),#3922,.T.);
#3935=CARTESIAN_POINT('',(-21.5,0.,-4.));
#3936=DIRECTION('',(0.,1.,0.));
#3937=DIRECTION('',(0.,-0.,1.));
#3938=AXIS2_PLACEMENT_3D('',#3935,#3936,#3937);
#3939=CYLINDRICAL_SURFACE('',#3938,1.);
#3940=ORIENTED_EDGE('',*,*,#3930,.T.);
#3941=ORIENTED_EDGE('',*,*,#3095,.F.);
#3942=CARTESIAN_POINT('',(-21.5,-50.575951481,-4.));
#3943=DIRECTION('',(0.,1.,0.));
#3944=DIRECTION('',(0.,-0.,1.));
#3945=AXIS2_PLACEMENT_3D('',#3942,#3943,#3944);
#3946=CIRCLE('',#3945,1.);
#3947=EDGE_CURVE('',#3010,#3082,#3946,.T.);
#3948=ORIENTED_EDGE('',*,*,#3947,.F.);
#3949=ORIENTED_EDGE('',*,*,#3071,.F.);
#3950=EDGE_LOOP('',(#3940,#3941,#3948,#3949));
#3951=FACE_BOUND('',#3950,.T.);
#3952=ADVANCED_FACE('',(#3951),#3939,.T.);
#3953=CARTESIAN_POINT('',(-21.5,-50.575951481,-4.));
#3954=DIRECTION('',(0.,0.,-1.));
#3955=DIRECTION('',(-1.,0.,0.));
#3956=AXIS2_PLACEMENT_3D('',#3953,#3954,#3955);
#3957=SPHERICAL_SURFACE('',#3956,1.);
#3958=ORIENTED_EDGE('',*,*,#3947,.T.);
#3959=ORIENTED_EDGE('',*,*,#3319,.F.);
#3960=CARTESIAN_POINT('',(-21.5,-50.575951481,-4.));
#3961=DIRECTION('',(-1.,0.,0.));
#3962=DIRECTION('',(0.,0.,1.));
#3963=AXIS2_PLACEMENT_3D('',#3960,#3961,#3962);
#3964=CIRCLE('',#3963,1.);
#3965=EDGE_CURVE('',#3010,#2761,#3964,.T.);
#3966=ORIENTED_EDGE('',*,*,#3965,.F.);
#3967=EDGE_LOOP('',(#3958,#3959,#3966));
#3968=FACE_BOUND('',#3967,.T.);
#3969=ADVANCED_FACE('',(#3968),#3957,.T.);
#3970=CARTESIAN_POINT('',(0.,-50.575951481,-4.));
#3971=DIRECTION('',(-1.,-0.,0.));
#3972=DIRECTION('',(0.,-1.,0.));
#3973=AXIS2_PLACEMENT_3D('',#3970,#3971,#3972);
#3974=CYLINDRICAL_SURFACE('',#3973,1.);
#3975=ORIENTED_EDGE('',*,*,#3965,.T.);
#3976=ORIENTED_EDGE('',*,*,#2766,.F.);
#3977=ORIENTED_EDGE('',*,*,#2798,.F.);
#3978=ORIENTED_EDGE('',*,*,#3015,.F.);
#3979=EDGE_LOOP('',(#3975,#3976,#3977,#3978));
#3980=FACE_BOUND('',#3979,.T.);
#3981=ADVANCED_FACE('',(#3980),#3974,.T.);
#3982=CARTESIAN_POINT('',(-14.5,-6.025951481,-9.));
#3983=DIRECTION('',(1.,-0.,0.));
#3984=DIRECTION('',(0.,1.,0.));
#3985=AXIS2_PLACEMENT_3D('',#3982,#3983,#3984);
#3986=PLANE('',#3985);
#3987=ORIENTED_EDGE('',*,*,#2205,.T.);
#3988=CARTESIAN_POINT('',(-14.5,-15.775951481,-10.));
#3989=DIRECTION('',(0.,0.,-1.));
#3990=VECTOR('',#3989,2.);
#3991=LINE('',#3988,#3990);
#3992=EDGE_CURVE('',#2200,#2100,#3991,.T.);
#3993=ORIENTED_EDGE('',*,*,#3992,.T.);
#3994=ORIENTED_EDGE('',*,*,#2105,.F.);
#3995=CARTESIAN_POINT('',(-14.5,5.724048519,-12.));
#3996=DIRECTION('',(-0.,-0.,1.));
#3997=VECTOR('',#3996,2.);
#3998=LINE('',#3995,#3997);
#3999=EDGE_CURVE('',#2091,#2198,#3998,.T.);
#4000=ORIENTED_EDGE('',*,*,#3999,.T.);
#4001=EDGE_LOOP('',(#3987,#3993,#3994,#4000));
#4002=FACE_BOUND('',#4001,.T.);
#4003=ADVANCED_FACE('',(#4002),#3986,.T.);
#4004=CARTESIAN_POINT('',(0.,8.724048519,-9.));
#4005=DIRECTION('',(0.,-1.,0.));
#4006=DIRECTION('',(0.,0.,-1.));
#4007=AXIS2_PLACEMENT_3D('',#4004,#4005,#4006);
#4008=PLANE('',#4007);
#4009=ORIENTED_EDGE('',*,*,#2088,.F.);
#4010=CARTESIAN_POINT('',(11.5,8.724048519,-12.));
#4011=DIRECTION('',(-0.,-0.,1.));
#4012=VECTOR('',#4011,2.);
#4013=LINE('',#4010,#4012);
#4014=EDGE_CURVE('',#2074,#2217,#4013,.T.);
#4015=ORIENTED_EDGE('',*,*,#4014,.T.);
#4016=ORIENTED_EDGE('',*,*,#2222,.T.);
#4017=CARTESIAN_POINT('',(-11.5,8.724048519,-10.));
#4018=DIRECTION('',(0.,0.,-1.));
#4019=VECTOR('',#4018,2.);
#4020=LINE('',#4017,#4019);
#4021=EDGE_CURVE('',#2208,#2083,#4020,.T.);
#4022=ORIENTED_EDGE('',*,*,#4021,.T.);
#4023=EDGE_LOOP('',(#4009,#4015,#4016,#4022));
#4024=FACE_BOUND('',#4023,.T.);
#4025=ADVANCED_FACE('',(#4024),#4008,.T.);
#4026=CARTESIAN_POINT('',(14.5,-6.025951481,-9.));
#4027=DIRECTION('',(-1.,0.,0.));
#4028=DIRECTION('',(-0.,-1.,0.));
#4029=AXIS2_PLACEMENT_3D('',#4026,#4027,#4028);
#4030=PLANE('',#4029);
#4031=ORIENTED_EDGE('',*,*,#2071,.F.);
#4032=CARTESIAN_POINT('',(14.5,-15.775951481,-12.));
#4033=DIRECTION('',(-0.,-0.,1.));
#4034=VECTOR('',#4033,2.);
#4035=LINE('',#4032,#4034);
#4036=EDGE_CURVE('',#2064,#2234,#4035,.T.);
#4037=ORIENTED_EDGE('',*,*,#4036,.T.);
#4038=ORIENTED_EDGE('',*,*,#2239,.T.);
#4039=CARTESIAN_POINT('',(14.5,5.724048519,-10.));
#4040=DIRECTION('',(0.,0.,-1.));
#4041=VECTOR('',#4040,2.);
#4042=LINE('',#4039,#4041);
#4043=EDGE_CURVE('',#2225,#2066,#4042,.T.);
#4044=ORIENTED_EDGE('',*,*,#4043,.T.);
#4045=EDGE_LOOP('',(#4031,#4037,#4038,#4044));
#4046=FACE_BOUND('',#4045,.T.);
#4047=ADVANCED_FACE('',(#4046),#4030,.T.);
#4048=CARTESIAN_POINT('',(-0.,-18.775951481,-9.));
#4049=DIRECTION('',(0.,1.,0.));
#4050=DIRECTION('',(0.,0.,1.));
#4051=AXIS2_PLACEMENT_3D('',#4048,#4049,#4050);
#4052=PLANE('',#4051);
#4053=ORIENTED_EDGE('',*,*,#2256,.T.);
#4054=CARTESIAN_POINT('',(11.5,-18.775951481,-10.));
#4055=DIRECTION('',(0.,0.,-1.));
#4056=VECTOR('',#4055,2.);
#4057=LINE('',#4054,#4056);
#4058=EDGE_CURVE('',#2242,#2117,#4057,.T.);
#4059=ORIENTED_EDGE('',*,*,#4058,.T.);
#4060=ORIENTED_EDGE('',*,*,#2122,.F.);
#4061=CARTESIAN_POINT('',(-11.5,-18.775951481,-12.));
#4062=DIRECTION('',(-0.,-0.,1.));
#4063=VECTOR('',#4062,2.);
#4064=LINE('',#4061,#4063);
#4065=EDGE_CURVE('',#2108,#2251,#4064,.T.);
#4066=ORIENTED_EDGE('',*,*,#4065,.T.);
#4067=EDGE_LOOP('',(#4053,#4059,#4060,#4066));
#4068=FACE_BOUND('',#4067,.T.);
#4069=ADVANCED_FACE('',(#4068),#4052,.T.);
#4070=CARTESIAN_POINT('',(11.5,-15.775951481,-9.));
#4071=DIRECTION('',(0.,0.,1.));
#4072=DIRECTION('',(1.,0.,-0.));
#4073=AXIS2_PLACEMENT_3D('',#4070,#4071,#4072);
#4074=CYLINDRICAL_SURFACE('',#4073,3.);
#4075=ORIENTED_EDGE('',*,*,#2248,.F.);
#4076=ORIENTED_EDGE('',*,*,#4036,.F.);
#4077=ORIENTED_EDGE('',*,*,#2129,.F.);
#4078=ORIENTED_EDGE('',*,*,#4058,.F.);
#4079=EDGE_LOOP('',(#4075,#4076,#4077,#4078));
#4080=FACE_BOUND('',#4079,.T.);
#4081=ADVANCED_FACE('',(#4080),#4074,.F.);
#4082=CARTESIAN_POINT('',(-11.5,-15.775951481,-9.));
#4083=DIRECTION('',(0.,0.,1.));
#4084=DIRECTION('',(1.,0.,-0.));
#4085=AXIS2_PLACEMENT_3D('',#4082,#4083,#4084);
#4086=CYLINDRICAL_SURFACE('',#4085,3.);
#4087=ORIENTED_EDGE('',*,*,#2263,.F.);
#4088=ORIENTED_EDGE('',*,*,#4065,.F.);
#4089=ORIENTED_EDGE('',*,*,#2114,.F.);
#4090=ORIENTED_EDGE('',*,*,#3992,.F.);
#4091=EDGE_LOOP('',(#4087,#4088,#4089,#4090));
#4092=FACE_BOUND('',#4091,.T.);
#4093=ADVANCED_FACE('',(#4092),#4086,.F.);
#4094=CARTESIAN_POINT('',(11.5,5.724048519,-9.));
#4095=DIRECTION('',(0.,0.,1.));
#4096=DIRECTION('',(1.,0.,-0.));
#4097=AXIS2_PLACEMENT_3D('',#4094,#4095,#4096);
#4098=CYLINDRICAL_SURFACE('',#4097,3.);
#4099=ORIENTED_EDGE('',*,*,#2231,.F.);
#4100=ORIENTED_EDGE('',*,*,#4014,.F.);
#4101=ORIENTED_EDGE('',*,*,#2080,.F.);
#4102=ORIENTED_EDGE('',*,*,#4043,.F.);
#4103=EDGE_LOOP('',(#4099,#4100,#4101,#4102));
#4104=FACE_BOUND('',#4103,.T.);
#4105=ADVANCED_FACE('',(#4104),#4098,.F.);
#4106=CARTESIAN_POINT('',(-11.5,5.724048519,-9.));
#4107=DIRECTION('',(0.,0.,1.));
#4108=DIRECTION('',(1.,0.,-0.));
#4109=AXIS2_PLACEMENT_3D('',#4106,#4107,#4108);
#4110=CYLINDRICAL_SURFACE('',#4109,3.);
#4111=ORIENTED_EDGE('',*,*,#2214,.F.);
#4112=ORIENTED_EDGE('',*,*,#3999,.F.);
#4113=ORIENTED_EDGE('',*,*,#2097,.F.);
#4114=ORIENTED_EDGE('',*,*,#4021,.F.);
#4115=EDGE_LOOP('',(#4111,#4112,#4113,#4114));
#4116=FACE_BOUND('',#4115,.T.);
#4117=ADVANCED_FACE('',(#4116),#4110,.F.);
#4118=CARTESIAN_POINT('',(-1.,-37.550951481,-10.));
#4119=DIRECTION('',(1.,0.,0.));
#4120=DIRECTION('',(-0.,1.,0.));
#4121=AXIS2_PLACEMENT_3D('',#4118,#4119,#4120);
#4122=PLANE('',#4121);
#4123=ORIENTED_EDGE('',*,*,#2149,.F.);
#4124=CARTESIAN_POINT('',(-1.,-35.050951481,-10.));
#4125=DIRECTION('',(0.,0.,-1.));
#4126=VECTOR('',#4125,2.);
#4127=LINE('',#4124,#4126);
#4128=EDGE_CURVE('',#2438,#2134,#4127,.T.);
#4129=ORIENTED_EDGE('',*,*,#4128,.F.);
#4130=ORIENTED_EDGE('',*,*,#2445,.T.);
#4131=CARTESIAN_POINT('',(-1.,-40.050951481,-10.));
#4132=DIRECTION('',(0.,0.,-1.));
#4133=VECTOR('',#4132,2.);
#4134=LINE('',#4131,#4133);
#4135=EDGE_CURVE('',#2440,#2144,#4134,.T.);
#4136=ORIENTED_EDGE('',*,*,#4135,.T.);
#4137=EDGE_LOOP('',(#4123,#4129,#4130,#4136));
#4138=FACE_BOUND('',#4137,.T.);
#4139=ADVANCED_FACE('',(#4138),#4122,.T.);
#4140=CARTESIAN_POINT('',(-0.,-35.050951481,-10.));
#4141=DIRECTION('',(0.,-1.,0.));
#4142=DIRECTION('',(0.,0.,-1.));
#4143=AXIS2_PLACEMENT_3D('',#4140,#4141,#4142);
#4144=PLANE('',#4143);
#4145=ORIENTED_EDGE('',*,*,#2141,.T.);
#4146=CARTESIAN_POINT('',(-2.165063509,-35.050951481,-10.));
#4147=DIRECTION('',(0.,0.,-1.));
#4148=VECTOR('',#4147,2.);
#4149=LINE('',#4146,#4148);
#4150=EDGE_CURVE('',#2448,#2136,#4149,.T.);
#4151=ORIENTED_EDGE('',*,*,#4150,.F.);
#4152=ORIENTED_EDGE('',*,*,#2453,.F.);
#4153=ORIENTED_EDGE('',*,*,#4128,.T.);
#4154=EDGE_LOOP('',(#4145,#4151,#4152,#4153));
#4155=FACE_BOUND('',#4154,.T.);
#4156=ADVANCED_FACE('',(#4155),#4144,.F.);
#4157=CARTESIAN_POINT('',(-1.082531755,-33.175951481,-10.));
#4158=DIRECTION('',(-0.866025404,0.5,0.));
#4159=DIRECTION('',(-0.5,-0.866025404,0.));
#4160=AXIS2_PLACEMENT_3D('',#4157,#4158,#4159);
#4161=PLANE('',#4160);
#4162=ORIENTED_EDGE('',*,*,#2187,.T.);
#4163=CARTESIAN_POINT('',(-0.,-31.300951481,-10.));
#4164=DIRECTION('',(0.,0.,-1.));
#4165=VECTOR('',#4164,2.);
#4166=LINE('',#4163,#4165);
#4167=EDGE_CURVE('',#2456,#2176,#4166,.T.);
#4168=ORIENTED_EDGE('',*,*,#4167,.F.);
#4169=ORIENTED_EDGE('',*,*,#2461,.F.);
#4170=ORIENTED_EDGE('',*,*,#4150,.T.);
#4171=EDGE_LOOP('',(#4162,#4168,#4169,#4170));
#4172=FACE_BOUND('',#4171,.T.);
#4173=ADVANCED_FACE('',(#4172),#4161,.F.);
#4174=CARTESIAN_POINT('',(1.082531755,-33.175951481,-10.));
#4175=DIRECTION('',(0.866025404,0.5,0.));
#4176=DIRECTION('',(-0.5,0.866025404,0.));
#4177=AXIS2_PLACEMENT_3D('',#4174,#4175,#4176);
#4178=PLANE('',#4177);
#4179=ORIENTED_EDGE('',*,*,#2181,.T.);
#4180=CARTESIAN_POINT('',(2.165063509,-35.050951481,-10.));
#4181=DIRECTION('',(0.,0.,-1.));
#4182=VECTOR('',#4181,2.);
#4183=LINE('',#4180,#4182);
#4184=EDGE_CURVE('',#2464,#2168,#4183,.T.);
#4185=ORIENTED_EDGE('',*,*,#4184,.F.);
#4186=ORIENTED_EDGE('',*,*,#2469,.F.);
#4187=ORIENTED_EDGE('',*,*,#4167,.T.);
#4188=EDGE_LOOP('',(#4179,#4185,#4186,#4187));
#4189=FACE_BOUND('',#4188,.T.);
#4190=ADVANCED_FACE('',(#4189),#4178,.F.);
#4191=CARTESIAN_POINT('',(-0.,-35.050951481,-10.));
#4192=DIRECTION('',(0.,-1.,0.));
#4193=DIRECTION('',(0.,0.,-1.));
#4194=AXIS2_PLACEMENT_3D('',#4191,#4192,#4193);
#4195=PLANE('',#4194);
#4196=ORIENTED_EDGE('',*,*,#2173,.T.);
#4197=CARTESIAN_POINT('',(1.,-35.050951481,-10.));
#4198=DIRECTION('',(0.,0.,-1.));
#4199=VECTOR('',#4198,2.);
#4200=LINE('',#4197,#4199);
#4201=EDGE_CURVE('',#2472,#2160,#4200,.T.);
#4202=ORIENTED_EDGE('',*,*,#4201,.F.);
#4203=ORIENTED_EDGE('',*,*,#2477,.F.);
#4204=ORIENTED_EDGE('',*,*,#4184,.T.);
#4205=EDGE_LOOP('',(#4196,#4202,#4203,#4204));
#4206=FACE_BOUND('',#4205,.T.);
#4207=ADVANCED_FACE('',(#4206),#4195,.F.);
#4208=CARTESIAN_POINT('',(1.,-37.550951481,-10.));
#4209=DIRECTION('',(-1.,0.,0.));
#4210=DIRECTION('',(-0.,-1.,0.));
#4211=AXIS2_PLACEMENT_3D('',#4208,#4209,#4210);
#4212=PLANE('',#4211);
#4213=ORIENTED_EDGE('',*,*,#2165,.F.);
#4214=CARTESIAN_POINT('',(1.,-40.050951481,-10.));
#4215=DIRECTION('',(0.,0.,-1.));
#4216=VECTOR('',#4215,2.);
#4217=LINE('',#4214,#4216);
#4218=EDGE_CURVE('',#2480,#2152,#4217,.T.);
#4219=ORIENTED_EDGE('',*,*,#4218,.F.);
#4220=ORIENTED_EDGE('',*,*,#2485,.T.);
#4221=ORIENTED_EDGE('',*,*,#4201,.T.);
#4222=EDGE_LOOP('',(#4213,#4219,#4220,#4221));
#4223=FACE_BOUND('',#4222,.T.);
#4224=ADVANCED_FACE('',(#4223),#4212,.T.);
#4225=CARTESIAN_POINT('',(-0.,-40.050951481,-10.));
#4226=DIRECTION('',(0.,1.,0.));
#4227=DIRECTION('',(0.,0.,1.));
#4228=AXIS2_PLACEMENT_3D('',#4225,#4226,#4227);
#4229=PLANE('',#4228);
#4230=ORIENTED_EDGE('',*,*,#2157,.F.);
#4231=ORIENTED_EDGE('',*,*,#4135,.F.);
#4232=ORIENTED_EDGE('',*,*,#2491,.T.);
#4233=ORIENTED_EDGE('',*,*,#4218,.T.);
#4234=EDGE_LOOP('',(#4230,#4231,#4232,#4233));
#4235=FACE_BOUND('',#4234,.T.);
#4236=ADVANCED_FACE('',(#4235),#4229,.T.);
#4237=CLOSED_SHELL('',(#2191,#2495,#2526,#2557,#2611,#2665,#2746,#2777,#2819,#2843,#2869,#2900,#2918,#2943,#2967,#2985,#3003,#3075,#3106,#3137,#3168,#3199,#3217,#3235,#3253,#3271,
#3289,#3307,#3325,#3343,#3361,#3378,#3396,#3413,#3431,#3449,#3467,#3580,#3598,#3615,#3633,#3650,#3662,#3680,#3697,#3715,#3732,#3750,#3863,#3881,#3899,
#3917,#3934,#3952,#3969,#3981,#4003,#4025,#4047,#4069,#4081,#4093,#4105,#4117,#4139,#4156,#4173,#4190,#4207,#4224,#4236));
#4238=MANIFOLD_SOLID_BREP('Cover',#4237);
#1987=STYLED_ITEM('',(#1986),#4238);
#4240=CARTESIAN_POINT('',(0.,0.,-0.));
#4241=DIRECTION('',(0.,0.,-1.));
#4242=DIRECTION('',(-1.,0.,0.));
#4243=AXIS2_PLACEMENT_3D('',#4240,#4241,#4242);
#4244=PLANE('',#4243);
#4245=CARTESIAN_POINT('',(20.5,37.724048519,-0.));
#4246=VERTEX_POINT('',#4245);
#4247=CARTESIAN_POINT('',(27.5,37.724048519,-0.));
#4248=VERTEX_POINT('',#4247);
#4249=CARTESIAN_POINT('',(20.5,37.724048519,-0.));
#4250=DIRECTION('',(1.,0.,0.));
#4251=VECTOR('',#4250,7.);
#4252=LINE('',#4249,#4251);
#4253=EDGE_CURVE('',#4246,#4248,#4252,.T.);
#4254=ORIENTED_EDGE('',*,*,#4253,.F.);
#4255=CARTESIAN_POINT('',(20.5,-42.275951481,-0.));
#4256=VERTEX_POINT('',#4255);
#4257=CARTESIAN_POINT('',(20.5,37.724048519,-0.));
#4258=DIRECTION('',(0.,-1.,0.));
#4259=VECTOR('',#4258,80.);
#4260=LINE('',#4257,#4259);
#4261=EDGE_CURVE('',#4246,#4256,#4260,.T.);
#4262=ORIENTED_EDGE('',*,*,#4261,.T.);
#4263=CARTESIAN_POINT('',(18.,-44.775951481,-0.));
#4264=VERTEX_POINT('',#4263);
#4265=CARTESIAN_POINT('',(18.,-42.275951481,-0.));
#4266=DIRECTION('',(0.,0.,-1.));
#4267=DIRECTION('',(-1.,0.,0.));
#4268=AXIS2_PLACEMENT_3D('',#4265,#4266,#4267);
#4269=CIRCLE('',#4268,2.5);
#4270=EDGE_CURVE('',#4256,#4264,#4269,.T.);
#4271=ORIENTED_EDGE('',*,*,#4270,.T.);
#4272=CARTESIAN_POINT('',(-18.,-44.775951481,-0.));
#4273=VERTEX_POINT('',#4272);
#4274=CARTESIAN_POINT('',(18.,-44.775951481,-0.));
#4275=DIRECTION('',(-1.,-0.,0.));
#4276=VECTOR('',#4275,36.);
#4277=LINE('',#4274,#4276);
#4278=EDGE_CURVE('',#4264,#4273,#4277,.T.);
#4279=ORIENTED_EDGE('',*,*,#4278,.T.);
#4280=CARTESIAN_POINT('',(-20.5,-42.275951481,-0.));
#4281=VERTEX_POINT('',#4280);
#4282=CARTESIAN_POINT('',(-18.,-42.275951481,-0.));
#4283=DIRECTION('',(0.,0.,-1.));
#4284=DIRECTION('',(-1.,0.,0.));
#4285=AXIS2_PLACEMENT_3D('',#4282,#4283,#4284);
#4286=CIRCLE('',#4285,2.5);
#4287=EDGE_CURVE('',#4273,#4281,#4286,.T.);
#4288=ORIENTED_EDGE('',*,*,#4287,.T.);
#4289=CARTESIAN_POINT('',(-20.5,37.724048519,-0.));
#4290=VERTEX_POINT('',#4289);
#4291=CARTESIAN_POINT('',(-20.5,-42.275951481,-0.));
#4292=DIRECTION('',(-0.,1.,0.));
#4293=VECTOR('',#4292,80.);
#4294=LINE('',#4291,#4293);
#4295=EDGE_CURVE('',#4281,#4290,#4294,.T.);
#4296=ORIENTED_EDGE('',*,*,#4295,.T.);
#4297=CARTESIAN_POINT('',(-27.5,37.724048519,-0.));
#4298=VERTEX_POINT('',#4297);
#4299=CARTESIAN_POINT('',(-27.5,37.724048519,-0.));
#4300=DIRECTION('',(1.,0.,0.));
#4301=VECTOR('',#4300,7.);
#4302=LINE('',#4299,#4301);
#4303=EDGE_CURVE('',#4298,#4290,#4302,.T.);
#4304=ORIENTED_EDGE('',*,*,#4303,.F.);
#4305=CARTESIAN_POINT('',(-31.5,33.724048519,-0.));
#4306=VERTEX_POINT('',#4305);
#4307=CARTESIAN_POINT('',(-27.5,33.724048519,0.));
#4308=DIRECTION('',(0.,0.,-1.));
#4309=DIRECTION('',(-1.,0.,0.));
#4310=AXIS2_PLACEMENT_3D('',#4307,#4308,#4309);
#4311=CIRCLE('',#4310,4.);
#4312=EDGE_CURVE('',#4306,#4298,#4311,.T.);
#4313=ORIENTED_EDGE('',*,*,#4312,.F.);
#4314=CARTESIAN_POINT('',(-31.5,-51.775951481,-0.));
#4315=VERTEX_POINT('',#4314);
#4316=CARTESIAN_POINT('',(-31.5,33.724048519,-0.));
#4317=DIRECTION('',(0.,-1.,0.));
#4318=VECTOR('',#4317,85.5);
#4319=LINE('',#4316,#4318);
#4320=EDGE_CURVE('',#4306,#4315,#4319,.T.);
#4321=ORIENTED_EDGE('',*,*,#4320,.T.);
#4322=CARTESIAN_POINT('',(-27.5,-55.775951481,-0.));
#4323=VERTEX_POINT('',#4322);
#4324=CARTESIAN_POINT('',(-27.5,-51.775951481,-0.));
#4325=DIRECTION('',(0.,0.,-1.));
#4326=DIRECTION('',(-1.,0.,0.));
#4327=AXIS2_PLACEMENT_3D('',#4324,#4325,#4326);
#4328=CIRCLE('',#4327,4.);
#4329=EDGE_CURVE('',#4323,#4315,#4328,.T.);
#4330=ORIENTED_EDGE('',*,*,#4329,.F.);
#4331=CARTESIAN_POINT('',(27.5,-55.775951481,-0.));
#4332=VERTEX_POINT('',#4331);
#4333=CARTESIAN_POINT('',(27.5,-55.775951481,-0.));
#4334=DIRECTION('',(-1.,-0.,0.));
#4335=VECTOR('',#4334,55.);
#4336=LINE('',#4333,#4335);
#4337=EDGE_CURVE('',#4332,#4323,#4336,.T.);
#4338=ORIENTED_EDGE('',*,*,#4337,.F.);
#4339=CARTESIAN_POINT('',(31.5,-51.775951481,-0.));
#4340=VERTEX_POINT('',#4339);
#4341=CARTESIAN_POINT('',(27.5,-51.775951481,-0.));
#4342=DIRECTION('',(0.,0.,-1.));
#4343=DIRECTION('',(-1.,0.,0.));
#4344=AXIS2_PLACEMENT_3D('',#4341,#4342,#4343);
#4345=CIRCLE('',#4344,4.);
#4346=EDGE_CURVE('',#4340,#4332,#4345,.T.);
#4347=ORIENTED_EDGE('',*,*,#4346,.F.);
#4348=CARTESIAN_POINT('',(31.5,33.724048519,-0.));
#4349=VERTEX_POINT('',#4348);
#4350=CARTESIAN_POINT('',(31.5,-51.775951481,-0.));
#4351=DIRECTION('',(-0.,1.,0.));
#4352=VECTOR('',#4351,85.5);
#4353=LINE('',#4350,#4352);
#4354=EDGE_CURVE('',#4340,#4349,#4353,.T.);
#4355=ORIENTED_EDGE('',*,*,#4354,.T.);
#4356=CARTESIAN_POINT('',(27.5,33.724048519,0.));
#4357=DIRECTION('',(0.,0.,-1.));
#4358=DIRECTION('',(-1.,0.,0.));
#4359=AXIS2_PLACEMENT_3D('',#4356,#4357,#4358);
#4360=CIRCLE('',#4359,4.);
#4361=EDGE_CURVE('',#4248,#4349,#4360,.T.);
#4362=ORIENTED_EDGE('',*,*,#4361,.F.);
#4363=EDGE_LOOP('',(#4254,#4262,#4271,#4279,#4288,#4296,#4304,#4313,#4321,#4330,#4338,#4347,#4355,#4362));
#4364=FACE_BOUND('',#4363,.T.);
#4365=CARTESIAN_POINT('',(-21.549048519,29.099048519,-0.));
#4366=VERTEX_POINT('',#4365);
#4367=CARTESIAN_POINT('',(-27.549048519,29.099048519,-0.));
#4368=VERTEX_POINT('',#4367);
#4369=CARTESIAN_POINT('',(-24.549048519,29.099048519,-0.));
#4370=DIRECTION('',(-0.,-0.,1.));
#4371=DIRECTION('',(-1.,0.,0.));
#4372=AXIS2_PLACEMENT_3D('',#4369,#4370,#4371);
#4373=CIRCLE('',#4372,3.);
#4374=EDGE_CURVE('',#4366,#4368,#4373,.T.);
#4375=ORIENTED_EDGE('',*,*,#4374,.F.);
#4376=CARTESIAN_POINT('',(-24.549048519,29.099048519,-0.));
#4377=DIRECTION('',(-0.,-0.,1.));
#4378=DIRECTION('',(-1.,0.,0.));
#4379=AXIS2_PLACEMENT_3D('',#4376,#4377,#4378);
#4380=CIRCLE('',#4379,3.);
#4381=EDGE_CURVE('',#4368,#4366,#4380,.T.);
#4382=ORIENTED_EDGE('',*,*,#4381,.F.);
#4383=EDGE_LOOP('',(#4375,#4382));
#4384=FACE_BOUND('',#4383,.T.);
#4385=CARTESIAN_POINT('',(27.549048519,29.099048519,-0.));
#4386=VERTEX_POINT('',#4385);
#4387=CARTESIAN_POINT('',(21.549048519,29.099048519,-0.));
#4388=VERTEX_POINT('',#4387);
#4389=CARTESIAN_POINT('',(24.549048519,29.099048519,-0.));
#4390=DIRECTION('',(-0.,-0.,1.));
#4391=DIRECTION('',(-1.,0.,0.));
#4392=AXIS2_PLACEMENT_3D('',#4389,#4390,#4391);
#4393=CIRCLE('',#4392,3.);
#4394=EDGE_CURVE('',#4386,#4388,#4393,.T.);
#4395=ORIENTED_EDGE('',*,*,#4394,.F.);
#4396=CARTESIAN_POINT('',(24.549048519,29.099048519,-0.));
#4397=DIRECTION('',(-0.,-0.,1.));
#4398=DIRECTION('',(-1.,0.,0.));
#4399=AXIS2_PLACEMENT_3D('',#4396,#4397,#4398);
#4400=CIRCLE('',#4399,3.);
#4401=EDGE_CURVE('',#4388,#4386,#4400,.T.);
#4402=ORIENTED_EDGE('',*,*,#4401,.F.);
#4403=EDGE_LOOP('',(#4395,#4402));
#4404=FACE_BOUND('',#4403,.T.);
#4405=CARTESIAN_POINT('',(27.549048519,-29.099048519,-0.));
#4406=VERTEX_POINT('',#4405);
#4407=CARTESIAN_POINT('',(21.549048519,-29.099048519,-0.));
#4408=VERTEX_POINT('',#4407);
#4409=CARTESIAN_POINT('',(24.549048519,-29.099048519,-0.));
#4410=DIRECTION('',(-0.,-0.,1.));
#4411=DIRECTION('',(-1.,0.,0.));
#4412=AXIS2_PLACEMENT_3D('',#4409,#4410,#4411);
#4413=CIRCLE('',#4412,3.);
#4414=EDGE_CURVE('',#4406,#4408,#4413,.T.);
#4415=ORIENTED_EDGE('',*,*,#4414,.F.);
#4416=CARTESIAN_POINT('',(24.549048519,-29.099048519,-0.));
#4417=DIRECTION('',(-0.,-0.,1.));
#4418=DIRECTION('',(-1.,0.,0.));
#4419=AXIS2_PLACEMENT_3D('',#4416,#4417,#4418);
#4420=CIRCLE('',#4419,3.);
#4421=EDGE_CURVE('',#4408,#4406,#4420,.T.);
#4422=ORIENTED_EDGE('',*,*,#4421,.F.);
#4423=EDGE_LOOP('',(#4415,#4422));
#4424=FACE_BOUND('',#4423,.T.);
#4425=CARTESIAN_POINT('',(-21.549048519,-29.099048519,-0.));
#4426=VERTEX_POINT('',#4425);
#4427=CARTESIAN_POINT('',(-27.549048519,-29.099048519,-0.));
#4428=VERTEX_POINT('',#4427);
#4429=CARTESIAN_POINT('',(-24.549048519,-29.099048519,-0.));
#4430=DIRECTION('',(-0.,-0.,1.));
#4431=DIRECTION('',(-1.,0.,0.));
#4432=AXIS2_PLACEMENT_3D('',#4429,#4430,#4431);
#4433=CIRCLE('',#4432,3.);
#4434=EDGE_CURVE('',#4426,#4428,#4433,.T.);
#4435=ORIENTED_EDGE('',*,*,#4434,.F.);
#4436=CARTESIAN_POINT('',(-24.549048519,-29.099048519,-0.));
#4437=DIRECTION('',(-0.,-0.,1.));
#4438=DIRECTION('',(-1.,0.,0.));
#4439=AXIS2_PLACEMENT_3D('',#4436,#4437,#4438);
#4440=CIRCLE('',#4439,3.);
#4441=EDGE_CURVE('',#4428,#4426,#4440,.T.);
#4442=ORIENTED_EDGE('',*,*,#4441,.F.);
#4443=EDGE_LOOP('',(#4435,#4442));
#4444=FACE_BOUND('',#4443,.T.);
#4445=CARTESIAN_POINT('',(10.25,-53.525951481,-0.));
#4446=VERTEX_POINT('',#4445);
#4447=CARTESIAN_POINT('',(10.25,-47.025951481,-0.));
#4448=VERTEX_POINT('',#4447);
#4449=CARTESIAN_POINT('',(10.25,-53.525951481,-0.));
#4450=DIRECTION('',(-0.,1.,0.));
#4451=VECTOR('',#4450,6.5);
#4452=LINE('',#4449,#4451);
#4453=EDGE_CURVE('',#4446,#4448,#4452,.T.);
#4454=ORIENTED_EDGE('',*,*,#4453,.F.);
#4455=CARTESIAN_POINT('',(-10.25,-53.525951481,-0.));
#4456=VERTEX_POINT('',#4455);
#4457=CARTESIAN_POINT('',(-10.25,-53.525951481,-0.));
#4458=DIRECTION('',(1.,0.,0.));
#4459=VECTOR('',#4458,20.5);
#4460=LINE('',#4457,#4459);
#4461=EDGE_CURVE('',#4456,#4446,#4460,.T.);
#4462=ORIENTED_EDGE('',*,*,#4461,.F.);
#4463=CARTESIAN_POINT('',(-10.25,-47.025951481,-0.));
#4464=VERTEX_POINT('',#4463);
#4465=CARTESIAN_POINT('',(-10.25,-47.025951481,-0.));
#4466=DIRECTION('',(0.,-1.,0.));
#4467=VECTOR('',#4466,6.5);
#4468=LINE('',#4465,#4467);
#4469=EDGE_CURVE('',#4464,#4456,#4468,.T.);
#4470=ORIENTED_EDGE('',*,*,#4469,.F.);
#4471=CARTESIAN_POINT('',(10.25,-47.025951481,-0.));
#4472=DIRECTION('',(-1.,0.,0.));
#4473=VECTOR('',#4472,20.5);
#4474=LINE('',#4471,#4473);
#4475=EDGE_CURVE('',#4448,#4464,#4474,.T.);
#4476=ORIENTED_EDGE('',*,*,#4475,.F.);
#4477=EDGE_LOOP('',(#4454,#4462,#4470,#4476));
#4478=FACE_BOUND('',#4477,.T.);
#4479=CARTESIAN_POINT('',(-22.75,-10.25,-0.));
#4480=VERTEX_POINT('',#4479);
#4481=CARTESIAN_POINT('',(-22.75,10.25,-0.));
#4482=VERTEX_POINT('',#4481);
#4483=CARTESIAN_POINT('',(-22.75,-10.25,-0.));
#4484=DIRECTION('',(0.,1.,0.));
#4485=VECTOR('',#4484,20.5);
#4486=LINE('',#4483,#4485);
#4487=EDGE_CURVE('',#4480,#4482,#4486,.T.);
#4488=ORIENTED_EDGE('',*,*,#4487,.F.);
#4489=CARTESIAN_POINT('',(-29.25,-10.25,-0.));
#4490=VERTEX_POINT('',#4489);
#4491=CARTESIAN_POINT('',(-29.25,-10.25,-0.));
#4492=DIRECTION('',(1.,0.,0.));
#4493=VECTOR('',#4492,6.5);
#4494=LINE('',#4491,#4493);
#4495=EDGE_CURVE('',#4490,#4480,#4494,.T.);
#4496=ORIENTED_EDGE('',*,*,#4495,.F.);
#4497=CARTESIAN_POINT('',(-29.25,10.25,-0.));
#4498=VERTEX_POINT('',#4497);
#4499=CARTESIAN_POINT('',(-29.25,10.25,-0.));
#4500=DIRECTION('',(0.,-1.,0.));
#4501=VECTOR('',#4500,20.5);
#4502=LINE('',#4499,#4501);
#4503=EDGE_CURVE('',#4498,#4490,#4502,.T.);
#4504=ORIENTED_EDGE('',*,*,#4503,.F.);
#4505=CARTESIAN_POINT('',(-22.75,10.25,-0.));
#4506=DIRECTION('',(-1.,0.,0.));
#4507=VECTOR('',#4506,6.5);
#4508=LINE('',#4505,#4507);
#4509=EDGE_CURVE('',#4482,#4498,#4508,.T.);
#4510=ORIENTED_EDGE('',*,*,#4509,.F.);
#4511=EDGE_LOOP('',(#4488,#4496,#4504,#4510));
#4512=FACE_BOUND('',#4511,.T.);
#4513=CARTESIAN_POINT('',(29.25,10.25,-0.));
#4514=VERTEX_POINT('',#4513);
#4515=CARTESIAN_POINT('',(29.25,-10.25,-0.));
#4516=VERTEX_POINT('',#4515);
#4517=CARTESIAN_POINT('',(29.25,10.25,-0.));
#4518=DIRECTION('',(0.,-1.,0.));
#4519=VECTOR('',#4518,20.5);
#4520=LINE('',#4517,#4519);
#4521=EDGE_CURVE('',#4514,#4516,#4520,.T.);
#4522=ORIENTED_EDGE('',*,*,#4521,.T.);
#4523=CARTESIAN_POINT('',(22.75,-10.25,-0.));
#4524=VERTEX_POINT('',#4523);
#4525=CARTESIAN_POINT('',(29.25,-10.25,-0.));
#4526=DIRECTION('',(-1.,0.,0.));
#4527=VECTOR('',#4526,6.5);
#4528=LINE('',#4525,#4527);
#4529=EDGE_CURVE('',#4516,#4524,#4528,.T.);
#4530=ORIENTED_EDGE('',*,*,#4529,.T.);
#4531=CARTESIAN_POINT('',(22.75,10.25,-0.));
#4532=VERTEX_POINT('',#4531);
#4533=CARTESIAN_POINT('',(22.75,-10.25,-0.));
#4534=DIRECTION('',(0.,1.,0.));
#4535=VECTOR('',#4534,20.5);
#4536=LINE('',#4533,#4535);
#4537=EDGE_CURVE('',#4524,#4532,#4536,.T.);
#4538=ORIENTED_EDGE('',*,*,#4537,.T.);
#4539=CARTESIAN_POINT('',(22.75,10.25,-0.));
#4540=DIRECTION('',(1.,-0.,0.));
#4541=VECTOR('',#4540,6.5);
#4542=LINE('',#4539,#4541);
#4543=EDGE_CURVE('',#4532,#4514,#4542,.T.);
#4544=ORIENTED_EDGE('',*,*,#4543,.T.);
#4545=EDGE_LOOP('',(#4522,#4530,#4538,#4544));
#4546=FACE_BOUND('',#4545,.T.);
#4547=ADVANCED_FACE('',(#4364,#4384,#4404,#4424,#4444,#4478,#4512,#4546),#4244,.F.);
#4548=CARTESIAN_POINT('',(0.,0.,-3.));
#4549=DIRECTION('',(0.,0.,-1.));
#4550=DIRECTION('',(-1.,0.,0.));
#4551=AXIS2_PLACEMENT_3D('',#4548,#4549,#4550);
#4552=PLANE('',#4551);
#4553=CARTESIAN_POINT('',(-27.549048519,-29.099048519,-3.));
#4554=VERTEX_POINT('',#4553);
#4555=CARTESIAN_POINT('',(-21.549048519,-29.099048519,-3.));
#4556=VERTEX_POINT('',#4555);
#4557=CARTESIAN_POINT('',(-24.549048519,-29.099048519,-3.));
#4558=DIRECTION('',(-0.,-0.,1.));
#4559=DIRECTION('',(-1.,0.,0.));
#4560=AXIS2_PLACEMENT_3D('',#4557,#4558,#4559);
#4561=CIRCLE('',#4560,3.);
#4562=EDGE_CURVE('',#4554,#4556,#4561,.T.);
#4563=ORIENTED_EDGE('',*,*,#4562,.T.);
#4564=CARTESIAN_POINT('',(-24.549048519,-29.099048519,-3.));
#4565=DIRECTION('',(-0.,-0.,1.));
#4566=DIRECTION('',(-1.,0.,0.));
#4567=AXIS2_PLACEMENT_3D('',#4564,#4565,#4566);
#4568=CIRCLE('',#4567,3.);
#4569=EDGE_CURVE('',#4556,#4554,#4568,.T.);
#4570=ORIENTED_EDGE('',*,*,#4569,.T.);
#4571=EDGE_LOOP('',(#4563,#4570));
#4572=FACE_BOUND('',#4571,.T.);
#4573=CARTESIAN_POINT('',(21.549048519,-29.099048519,-3.));
#4574=VERTEX_POINT('',#4573);
#4575=CARTESIAN_POINT('',(27.549048519,-29.099048519,-3.));
#4576=VERTEX_POINT('',#4575);
#4577=CARTESIAN_POINT('',(24.549048519,-29.099048519,-3.));
#4578=DIRECTION('',(-0.,-0.,1.));
#4579=DIRECTION('',(-1.,0.,0.));
#4580=AXIS2_PLACEMENT_3D('',#4577,#4578,#4579);
#4581=CIRCLE('',#4580,3.);
#4582=EDGE_CURVE('',#4574,#4576,#4581,.T.);
#4583=ORIENTED_EDGE('',*,*,#4582,.T.);
#4584=CARTESIAN_POINT('',(24.549048519,-29.099048519,-3.));
#4585=DIRECTION('',(-0.,-0.,1.));
#4586=DIRECTION('',(-1.,0.,0.));
#4587=AXIS2_PLACEMENT_3D('',#4584,#4585,#4586);
#4588=CIRCLE('',#4587,3.);
#4589=EDGE_CURVE('',#4576,#4574,#4588,.T.);
#4590=ORIENTED_EDGE('',*,*,#4589,.T.);
#4591=EDGE_LOOP('',(#4583,#4590));
#4592=FACE_BOUND('',#4591,.T.);
#4593=CARTESIAN_POINT('',(21.549048519,29.099048519,-3.));
#4594=VERTEX_POINT('',#4593);
#4595=CARTESIAN_POINT('',(27.549048519,29.099048519,-3.));
#4596=VERTEX_POINT('',#4595);
#4597=CARTESIAN_POINT('',(24.549048519,29.099048519,-3.));
#4598=DIRECTION('',(-0.,-0.,1.));
#4599=DIRECTION('',(-1.,0.,0.));
#4600=AXIS2_PLACEMENT_3D('',#4597,#4598,#4599);
#4601=CIRCLE('',#4600,3.);
#4602=EDGE_CURVE('',#4594,#4596,#4601,.T.);
#4603=ORIENTED_EDGE('',*,*,#4602,.T.);
#4604=CARTESIAN_POINT('',(24.549048519,29.099048519,-3.));
#4605=DIRECTION('',(-0.,-0.,1.));
#4606=DIRECTION('',(-1.,0.,0.));
#4607=AXIS2_PLACEMENT_3D('',#4604,#4605,#4606);
#4608=CIRCLE('',#4607,3.);
#4609=EDGE_CURVE('',#4596,#4594,#4608,.T.);
#4610=ORIENTED_EDGE('',*,*,#4609,.T.);
#4611=EDGE_LOOP('',(#4603,#4610));
#4612=FACE_BOUND('',#4611,.T.);
#4613=CARTESIAN_POINT('',(-27.549048519,29.099048519,-3.));
#4614=VERTEX_POINT('',#4613);
#4615=CARTESIAN_POINT('',(-21.549048519,29.099048519,-3.));
#4616=VERTEX_POINT('',#4615);
#4617=CARTESIAN_POINT('',(-24.549048519,29.099048519,-3.));
#4618=DIRECTION('',(-0.,-0.,1.));
#4619=DIRECTION('',(-1.,0.,0.));
#4620=AXIS2_PLACEMENT_3D('',#4617,#4618,#4619);
#4621=CIRCLE('',#4620,3.);
#4622=EDGE_CURVE('',#4614,#4616,#4621,.T.);
#4623=ORIENTED_EDGE('',*,*,#4622,.T.);
#4624=CARTESIAN_POINT('',(-24.549048519,29.099048519,-3.));
#4625=DIRECTION('',(-0.,-0.,1.));
#4626=DIRECTION('',(-1.,0.,0.));
#4627=AXIS2_PLACEMENT_3D('',#4624,#4625,#4626);
#4628=CIRCLE('',#4627,3.);
#4629=EDGE_CURVE('',#4616,#4614,#4628,.T.);
#4630=ORIENTED_EDGE('',*,*,#4629,.T.);
#4631=EDGE_LOOP('',(#4623,#4630));
#4632=FACE_BOUND('',#4631,.T.);
#4633=CARTESIAN_POINT('',(-27.5,34.724048519,-3.));
#4634=VERTEX_POINT('',#4633);
#4635=CARTESIAN_POINT('',(-20.5,34.724048519,-3.));
#4636=VERTEX_POINT('',#4635);
#4637=CARTESIAN_POINT('',(-27.5,34.724048519,-3.));
#4638=DIRECTION('',(1.,0.,0.));
#4639=VECTOR('',#4638,7.);
#4640=LINE('',#4637,#4639);
#4641=EDGE_CURVE('',#4634,#4636,#4640,.T.);
#4642=ORIENTED_EDGE('',*,*,#4641,.T.);
#4643=CARTESIAN_POINT('',(-20.5,-42.275951481,-3.));
#4644=VERTEX_POINT('',#4643);
#4645=CARTESIAN_POINT('',(-20.5,-42.275951481,-3.));
#4646=DIRECTION('',(-0.,1.,0.));
#4647=VECTOR('',#4646,77.);
#4648=LINE('',#4645,#4647);
#4649=EDGE_CURVE('',#4644,#4636,#4648,.T.);
#4650=ORIENTED_EDGE('',*,*,#4649,.F.);
#4651=CARTESIAN_POINT('',(-18.,-44.775951481,-3.));
#4652=VERTEX_POINT('',#4651);
#4653=CARTESIAN_POINT('',(-18.,-42.275951481,-3.));
#4654=DIRECTION('',(-0.,-0.,1.));
#4655=DIRECTION('',(-1.,0.,0.));
#4656=AXIS2_PLACEMENT_3D('',#4653,#4654,#4655);
#4657=CIRCLE('',#4656,2.5);
#4658=EDGE_CURVE('',#4644,#4652,#4657,.T.);
#4659=ORIENTED_EDGE('',*,*,#4658,.T.);
#4660=CARTESIAN_POINT('',(18.,-44.775951481,-3.));
#4661=VERTEX_POINT('',#4660);
#4662=CARTESIAN_POINT('',(18.,-44.775951481,-3.));
#4663=DIRECTION('',(-1.,-0.,0.));
#4664=VECTOR('',#4663,36.);
#4665=LINE('',#4662,#4664);
#4666=EDGE_CURVE('',#4661,#4652,#4665,.T.);
#4667=ORIENTED_EDGE('',*,*,#4666,.F.);
#4668=CARTESIAN_POINT('',(20.5,-42.275951481,-3.));
#4669=VERTEX_POINT('',#4668);
#4670=CARTESIAN_POINT('',(18.,-42.275951481,-3.));
#4671=DIRECTION('',(-0.,-0.,1.));
#4672=DIRECTION('',(-1.,0.,0.));
#4673=AXIS2_PLACEMENT_3D('',#4670,#4671,#4672);
#4674=CIRCLE('',#4673,2.5);
#4675=EDGE_CURVE('',#4661,#4669,#4674,.T.);
#4676=ORIENTED_EDGE('',*,*,#4675,.T.);
#4677=CARTESIAN_POINT('',(20.5,34.724048519,-3.));
#4678=VERTEX_POINT('',#4677);
#4679=CARTESIAN_POINT('',(20.5,34.724048519,-3.));
#4680=DIRECTION('',(0.,-1.,0.));
#4681=VECTOR('',#4680,77.);
#4682=LINE('',#4679,#4681);
#4683=EDGE_CURVE('',#4678,#4669,#4682,.T.);
#4684=ORIENTED_EDGE('',*,*,#4683,.F.);
#4685=CARTESIAN_POINT('',(27.5,34.724048519,-3.));
#4686=VERTEX_POINT('',#4685);
#4687=CARTESIAN_POINT('',(20.5,34.724048519,-3.));
#4688=DIRECTION('',(1.,0.,0.));
#4689=VECTOR('',#4688,7.);
#4690=LINE('',#4687,#4689);
#4691=EDGE_CURVE('',#4678,#4686,#4690,.T.);
#4692=ORIENTED_EDGE('',*,*,#4691,.T.);
#4693=CARTESIAN_POINT('',(28.5,33.724048519,-3.));
#4694=VERTEX_POINT('',#4693);
#4695=CARTESIAN_POINT('',(27.5,33.724048519,-3.));
#4696=DIRECTION('',(0.,0.,-1.));
#4697=DIRECTION('',(-1.,0.,0.));
#4698=AXIS2_PLACEMENT_3D('',#4695,#4696,#4697);
#4699=CIRCLE('',#4698,1.);
#4700=EDGE_CURVE('',#4686,#4694,#4699,.T.);
#4701=ORIENTED_EDGE('',*,*,#4700,.T.);
#4702=CARTESIAN_POINT('',(28.5,-48.775951481,-3.));
#4703=VERTEX_POINT('',#4702);
#4704=CARTESIAN_POINT('',(28.5,33.724048519,-3.));
#4705=DIRECTION('',(0.,-1.,0.));
#4706=VECTOR('',#4705,82.5);
#4707=LINE('',#4704,#4706);
#4708=EDGE_CURVE('',#4694,#4703,#4707,.T.);
#4709=ORIENTED_EDGE('',*,*,#4708,.T.);
#4710=CARTESIAN_POINT('',(24.5,-52.775951481,-3.));
#4711=VERTEX_POINT('',#4710);
#4712=CARTESIAN_POINT('',(24.5,-48.775951481,-3.));
#4713=DIRECTION('',(0.,0.,-1.));
#4714=DIRECTION('',(-1.,0.,0.));
#4715=AXIS2_PLACEMENT_3D('',#4712,#4713,#4714);
#4716=CIRCLE('',#4715,4.);
#4717=EDGE_CURVE('',#4703,#4711,#4716,.T.);
#4718=ORIENTED_EDGE('',*,*,#4717,.T.);
#4719=CARTESIAN_POINT('',(-24.5,-52.775951481,-3.));
#4720=VERTEX_POINT('',#4719);
#4721=CARTESIAN_POINT('',(24.5,-52.775951481,-3.));
#4722=DIRECTION('',(-1.,-0.,0.));
#4723=VECTOR('',#4722,49.);
#4724=LINE('',#4721,#4723);
#4725=EDGE_CURVE('',#4711,#4720,#4724,.T.);
#4726=ORIENTED_EDGE('',*,*,#4725,.T.);
#4727=CARTESIAN_POINT('',(-28.5,-48.775951481,-3.));
#4728=VERTEX_POINT('',#4727);
#4729=CARTESIAN_POINT('',(-24.5,-48.775951481,-3.));
#4730=DIRECTION('',(0.,0.,-1.));
#4731=DIRECTION('',(-1.,0.,0.));
#4732=AXIS2_PLACEMENT_3D('',#4729,#4730,#4731);
#4733=CIRCLE('',#4732,4.);
#4734=EDGE_CURVE('',#4720,#4728,#4733,.T.);
#4735=ORIENTED_EDGE('',*,*,#4734,.T.);
#4736=CARTESIAN_POINT('',(-28.5,33.724048519,-3.));
#4737=VERTEX_POINT('',#4736);
#4738=CARTESIAN_POINT('',(-28.5,-48.775951481,-3.));
#4739=DIRECTION('',(-0.,1.,0.));
#4740=VECTOR('',#4739,82.5);
#4741=LINE('',#4738,#4740);
#4742=EDGE_CURVE('',#4728,#4737,#4741,.T.);
#4743=ORIENTED_EDGE('',*,*,#4742,.T.);
#4744=CARTESIAN_POINT('',(-27.5,33.724048519,-3.));
#4745=DIRECTION('',(0.,0.,-1.));
#4746=DIRECTION('',(-1.,0.,0.));
#4747=AXIS2_PLACEMENT_3D('',#4744,#4745,#4746);
#4748=CIRCLE('',#4747,1.);
#4749=EDGE_CURVE('',#4737,#4634,#4748,.T.);
#4750=ORIENTED_EDGE('',*,*,#4749,.T.);
#4751=EDGE_LOOP('',(#4642,#4650,#4659,#4667,#4676,#4684,#4692,#4701,#4709,#4718,#4726,#4735,#4743,#4750));
#4752=FACE_BOUND('',#4751,.T.);
#4753=ADVANCED_FACE('',(#4572,#4592,#4612,#4632,#4752),#4552,.T.);
#4754=CARTESIAN_POINT('',(-0.,34.724048519,-12.));
#4755=DIRECTION('',(0.,-1.,0.));
#4756=DIRECTION('',(1.,0.,0.));
#4757=AXIS2_PLACEMENT_3D('',#4754,#4755,#4756);
#4758=PLANE('',#4757);
#4759=CARTESIAN_POINT('',(-27.5,34.724048519,-12.));
#4760=VERTEX_POINT('',#4759);
#4761=CARTESIAN_POINT('',(-22.5,34.724048519,-12.));
#4762=VERTEX_POINT('',#4761);
#4763=CARTESIAN_POINT('',(-27.5,34.724048519,-12.));
#4764=DIRECTION('',(1.,0.,0.));
#4765=VECTOR('',#4764,5.);
#4766=LINE('',#4763,#4765);
#4767=EDGE_CURVE('',#4760,#4762,#4766,.T.);
#4768=ORIENTED_EDGE('',*,*,#4767,.T.);
#4769=CARTESIAN_POINT('',(-20.5,34.724048519,-10.));
#4770=VERTEX_POINT('',#4769);
#4771=CARTESIAN_POINT('',(-22.5,34.724048519,-10.));
#4772=DIRECTION('',(0.,-1.,0.));
#4773=DIRECTION('',(1.,0.,0.));
#4774=AXIS2_PLACEMENT_3D('',#4771,#4772,#4773);
#4775=CIRCLE('',#4774,2.);
#4776=EDGE_CURVE('',#4762,#4770,#4775,.T.);
#4777=ORIENTED_EDGE('',*,*,#4776,.T.);
#4778=CARTESIAN_POINT('',(-20.5,34.724048519,-10.));
#4779=DIRECTION('',(0.,0.,1.));
#4780=VECTOR('',#4779,7.);
#4781=LINE('',#4778,#4780);
#4782=EDGE_CURVE('',#4770,#4636,#4781,.T.);
#4783=ORIENTED_EDGE('',*,*,#4782,.T.);
#4784=ORIENTED_EDGE('',*,*,#4641,.F.);
#4785=CARTESIAN_POINT('',(-27.5,34.724048519,-12.));
#4786=DIRECTION('',(-0.,-0.,1.));
#4787=VECTOR('',#4786,9.);
#4788=LINE('',#4785,#4787);
#4789=EDGE_CURVE('',#4760,#4634,#4788,.T.);
#4790=ORIENTED_EDGE('',*,*,#4789,.F.);
#4791=EDGE_LOOP('',(#4768,#4777,#4783,#4784,#4790));
#4792=FACE_BOUND('',#4791,.T.);
#4793=ADVANCED_FACE('',(#4792),#4758,.T.);
#4794=CARTESIAN_POINT('',(-0.,34.724048519,-12.));
#4795=DIRECTION('',(0.,-1.,0.));
#4796=DIRECTION('',(1.,0.,0.));
#4797=AXIS2_PLACEMENT_3D('',#4794,#4795,#4796);
#4798=PLANE('',#4797);
#4799=CARTESIAN_POINT('',(20.5,34.724048519,-10.));
#4800=VERTEX_POINT('',#4799);
#4801=CARTESIAN_POINT('',(20.5,34.724048519,-3.));
#4802=DIRECTION('',(0.,0.,-1.));
#4803=VECTOR('',#4802,7.);
#4804=LINE('',#4801,#4803);
#4805=EDGE_CURVE('',#4678,#4800,#4804,.T.);
#4806=ORIENTED_EDGE('',*,*,#4805,.T.);
#4807=CARTESIAN_POINT('',(22.5,34.724048519,-12.));
#4808=VERTEX_POINT('',#4807);
#4809=CARTESIAN_POINT('',(22.5,34.724048519,-10.));
#4810=DIRECTION('',(0.,-1.,0.));
#4811=DIRECTION('',(1.,0.,0.));
#4812=AXIS2_PLACEMENT_3D('',#4809,#4810,#4811);
#4813=CIRCLE('',#4812,2.);
#4814=EDGE_CURVE('',#4800,#4808,#4813,.T.);
#4815=ORIENTED_EDGE('',*,*,#4814,.T.);
#4816=CARTESIAN_POINT('',(27.5,34.724048519,-12.));
#4817=VERTEX_POINT('',#4816);
#4818=CARTESIAN_POINT('',(22.5,34.724048519,-12.));
#4819=DIRECTION('',(1.,0.,0.));
#4820=VECTOR('',#4819,5.);
#4821=LINE('',#4818,#4820);
#4822=EDGE_CURVE('',#4808,#4817,#4821,.T.);
#4823=ORIENTED_EDGE('',*,*,#4822,.T.);
#4824=CARTESIAN_POINT('',(27.5,34.724048519,-12.));
#4825=DIRECTION('',(0.,0.,1.));
#4826=VECTOR('',#4825,9.);
#4827=LINE('',#4824,#4826);
#4828=EDGE_CURVE('',#4817,#4686,#4827,.T.);
#4829=ORIENTED_EDGE('',*,*,#4828,.T.);
#4830=ORIENTED_EDGE('',*,*,#4691,.F.);
#4831=EDGE_LOOP('',(#4806,#4815,#4823,#4829,#4830));
#4832=FACE_BOUND('',#4831,.T.);
#4833=ADVANCED_FACE('',(#4832),#4798,.T.);
#4834=CARTESIAN_POINT('',(-0.,37.724048519,-12.));
#4835=DIRECTION('',(0.,-1.,0.));
#4836=DIRECTION('',(1.,0.,0.));
#4837=AXIS2_PLACEMENT_3D('',#4834,#4835,#4836);
#4838=PLANE('',#4837);
#4839=CARTESIAN_POINT('',(-20.5,37.724048519,-10.));
#4840=VERTEX_POINT('',#4839);
#4841=CARTESIAN_POINT('',(-20.5,37.724048519,-10.));
#4842=DIRECTION('',(0.,0.,1.));
#4843=VECTOR('',#4842,10.);
#4844=LINE('',#4841,#4843);
#4845=EDGE_CURVE('',#4840,#4290,#4844,.T.);
#4846=ORIENTED_EDGE('',*,*,#4845,.F.);
#4847=CARTESIAN_POINT('',(-22.5,37.724048519,-12.));
#4848=VERTEX_POINT('',#4847);
#4849=CARTESIAN_POINT('',(-22.5,37.724048519,-10.));
#4850=DIRECTION('',(-0.,1.,-0.));
#4851=DIRECTION('',(1.,0.,0.));
#4852=AXIS2_PLACEMENT_3D('',#4849,#4850,#4851);
#4853=CIRCLE('',#4852,2.);
#4854=EDGE_CURVE('',#4840,#4848,#4853,.T.);
#4855=ORIENTED_EDGE('',*,*,#4854,.T.);
#4856=CARTESIAN_POINT('',(-27.5,37.724048519,-12.));
#4857=VERTEX_POINT('',#4856);
#4858=CARTESIAN_POINT('',(-27.5,37.724048519,-12.));
#4859=DIRECTION('',(1.,0.,0.));
#4860=VECTOR('',#4859,5.);
#4861=LINE('',#4858,#4860);
#4862=EDGE_CURVE('',#4857,#4848,#4861,.T.);
#4863=ORIENTED_EDGE('',*,*,#4862,.F.);
#4864=CARTESIAN_POINT('',(-27.5,37.724048519,-12.));
#4865=DIRECTION('',(0.,0.,1.));
#4866=VECTOR('',#4865,12.);
#4867=LINE('',#4864,#4866);
#4868=EDGE_CURVE('',#4857,#4298,#4867,.T.);
#4869=ORIENTED_EDGE('',*,*,#4868,.T.);
#4870=ORIENTED_EDGE('',*,*,#4303,.T.);
#4871=EDGE_LOOP('',(#4846,#4855,#4863,#4869,#4870));
#4872=FACE_BOUND('',#4871,.T.);
#4873=ADVANCED_FACE('',(#4872),#4838,.F.);
#4874=CARTESIAN_POINT('',(-0.,37.724048519,-12.));
#4875=DIRECTION('',(0.,-1.,0.));
#4876=DIRECTION('',(1.,0.,0.));
#4877=AXIS2_PLACEMENT_3D('',#4874,#4875,#4876);
#4878=PLANE('',#4877);
#4879=CARTESIAN_POINT('',(22.5,37.724048519,-12.));
#4880=VERTEX_POINT('',#4879);
#4881=CARTESIAN_POINT('',(27.5,37.724048519,-12.));
#4882=VERTEX_POINT('',#4881);
#4883=CARTESIAN_POINT('',(22.5,37.724048519,-12.));
#4884=DIRECTION('',(1.,0.,0.));
#4885=VECTOR('',#4884,5.);
#4886=LINE('',#4883,#4885);
#4887=EDGE_CURVE('',#4880,#4882,#4886,.T.);
#4888=ORIENTED_EDGE('',*,*,#4887,.F.);
#4889=CARTESIAN_POINT('',(20.5,37.724048519,-10.));
#4890=VERTEX_POINT('',#4889);
#4891=CARTESIAN_POINT('',(22.5,37.724048519,-10.));
#4892=DIRECTION('',(-0.,1.,-0.));
#4893=DIRECTION('',(1.,0.,0.));
#4894=AXIS2_PLACEMENT_3D('',#4891,#4892,#4893);
#4895=CIRCLE('',#4894,2.);
#4896=EDGE_CURVE('',#4880,#4890,#4895,.T.);
#4897=ORIENTED_EDGE('',*,*,#4896,.T.);
#4898=CARTESIAN_POINT('',(20.5,37.724048519,0.));
#4899=DIRECTION('',(0.,0.,-1.));
#4900=VECTOR('',#4899,10.);
#4901=LINE('',#4898,#4900);
#4902=EDGE_CURVE('',#4246,#4890,#4901,.T.);
#4903=ORIENTED_EDGE('',*,*,#4902,.F.);
#4904=ORIENTED_EDGE('',*,*,#4253,.T.);
#4905=CARTESIAN_POINT('',(27.5,37.724048519,-12.));
#4906=DIRECTION('',(-0.,-0.,1.));
#4907=VECTOR('',#4906,12.);
#4908=LINE('',#4905,#4907);
#4909=EDGE_CURVE('',#4882,#4248,#4908,.T.);
#4910=ORIENTED_EDGE('',*,*,#4909,.F.);
#4911=EDGE_LOOP('',(#4888,#4897,#4903,#4904,#4910));
#4912=FACE_BOUND('',#4911,.T.);
#4913=ADVANCED_FACE('',(#4912),#4878,.F.);
#4914=CARTESIAN_POINT('',(0.,0.,-12.));
#4915=DIRECTION('',(0.,0.,-1.));
#4916=DIRECTION('',(-1.,0.,0.));
#4917=AXIS2_PLACEMENT_3D('',#4914,#4915,#4916);
#4918=PLANE('',#4917);
#4919=ORIENTED_EDGE('',*,*,#4822,.F.);
#4920=CARTESIAN_POINT('',(22.5,34.724048519,-12.));
#4921=DIRECTION('',(-0.,1.,0.));
#4922=VECTOR('',#4921,3.);
#4923=LINE('',#4920,#4922);
#4924=EDGE_CURVE('',#4808,#4880,#4923,.T.);
#4925=ORIENTED_EDGE('',*,*,#4924,.T.);
#4926=ORIENTED_EDGE('',*,*,#4887,.T.);
#4927=CARTESIAN_POINT('',(31.5,33.724048519,-12.));
#4928=VERTEX_POINT('',#4927);
#4929=CARTESIAN_POINT('',(27.5,33.724048519,-12.));
#4930=DIRECTION('',(0.,0.,-1.));
#4931=DIRECTION('',(-1.,0.,0.));
#4932=AXIS2_PLACEMENT_3D('',#4929,#4930,#4931);
#4933=CIRCLE('',#4932,4.);
#4934=EDGE_CURVE('',#4882,#4928,#4933,.T.);
#4935=ORIENTED_EDGE('',*,*,#4934,.T.);
#4936=CARTESIAN_POINT('',(31.5,-51.775951481,-12.));
#4937=VERTEX_POINT('',#4936);
#4938=CARTESIAN_POINT('',(31.5,-51.775951481,-12.));
#4939=DIRECTION('',(-0.,1.,0.));
#4940=VECTOR('',#4939,85.5);
#4941=LINE('',#4938,#4940);
#4942=EDGE_CURVE('',#4937,#4928,#4941,.T.);
#4943=ORIENTED_EDGE('',*,*,#4942,.F.);
#4944=CARTESIAN_POINT('',(27.5,-55.775951481,-12.));
#4945=VERTEX_POINT('',#4944);
#4946=CARTESIAN_POINT('',(27.5,-51.775951481,-12.));
#4947=DIRECTION('',(0.,0.,-1.));
#4948=DIRECTION('',(-1.,0.,0.));
#4949=AXIS2_PLACEMENT_3D('',#4946,#4947,#4948);
#4950=CIRCLE('',#4949,4.);
#4951=EDGE_CURVE('',#4937,#4945,#4950,.T.);
#4952=ORIENTED_EDGE('',*,*,#4951,.T.);
#4953=CARTESIAN_POINT('',(-27.5,-55.775951481,-12.));
#4954=VERTEX_POINT('',#4953);
#4955=CARTESIAN_POINT('',(27.5,-55.775951481,-12.));
#4956=DIRECTION('',(-1.,-0.,0.));
#4957=VECTOR('',#4956,55.);
#4958=LINE('',#4955,#4957);
#4959=EDGE_CURVE('',#4945,#4954,#4958,.T.);
#4960=ORIENTED_EDGE('',*,*,#4959,.T.);
#4961=CARTESIAN_POINT('',(-31.5,-51.775951481,-12.));
#4962=VERTEX_POINT('',#4961);
#4963=CARTESIAN_POINT('',(-27.5,-51.775951481,-12.));
#4964=DIRECTION('',(0.,0.,-1.));
#4965=DIRECTION('',(-1.,0.,0.));
#4966=AXIS2_PLACEMENT_3D('',#4963,#4964,#4965);
#4967=CIRCLE('',#4966,4.);
#4968=EDGE_CURVE('',#4954,#4962,#4967,.T.);
#4969=ORIENTED_EDGE('',*,*,#4968,.T.);
#4970=CARTESIAN_POINT('',(-31.5,33.724048519,-12.));
#4971=VERTEX_POINT('',#4970);
#4972=CARTESIAN_POINT('',(-31.5,33.724048519,-12.));
#4973=DIRECTION('',(0.,-1.,0.));
#4974=VECTOR('',#4973,85.5);
#4975=LINE('',#4972,#4974);
#4976=EDGE_CURVE('',#4971,#4962,#4975,.T.);
#4977=ORIENTED_EDGE('',*,*,#4976,.F.);
#4978=CARTESIAN_POINT('',(-27.5,33.724048519,-12.));
#4979=DIRECTION('',(0.,0.,-1.));
#4980=DIRECTION('',(-1.,0.,0.));
#4981=AXIS2_PLACEMENT_3D('',#4978,#4979,#4980);
#4982=CIRCLE('',#4981,4.);
#4983=EDGE_CURVE('',#4971,#4857,#4982,.T.);
#4984=ORIENTED_EDGE('',*,*,#4983,.T.);
#4985=ORIENTED_EDGE('',*,*,#4862,.T.);
#4986=CARTESIAN_POINT('',(-22.5,37.724048519,-12.));
#4987=DIRECTION('',(0.,-1.,0.));
#4988=VECTOR('',#4987,3.);
#4989=LINE('',#4986,#4988);
#4990=EDGE_CURVE('',#4848,#4762,#4989,.T.);
#4991=ORIENTED_EDGE('',*,*,#4990,.T.);
#4992=ORIENTED_EDGE('',*,*,#4767,.F.);
#4993=CARTESIAN_POINT('',(-28.5,33.724048519,-12.));
#4994=VERTEX_POINT('',#4993);
#4995=CARTESIAN_POINT('',(-27.5,33.724048519,-12.));
#4996=DIRECTION('',(0.,0.,-1.));
#4997=DIRECTION('',(-1.,0.,0.));
#4998=AXIS2_PLACEMENT_3D('',#4995,#4996,#4997);
#4999=CIRCLE('',#4998,1.);
#5000=EDGE_CURVE('',#4994,#4760,#4999,.T.);
#5001=ORIENTED_EDGE('',*,*,#5000,.F.);
#5002=CARTESIAN_POINT('',(-28.5,-48.775951481,-12.));
#5003=VERTEX_POINT('',#5002);
#5004=CARTESIAN_POINT('',(-28.5,-48.775951481,-12.));
#5005=DIRECTION('',(-0.,1.,0.));
#5006=VECTOR('',#5005,82.5);
#5007=LINE('',#5004,#5006);
#5008=EDGE_CURVE('',#5003,#4994,#5007,.T.);
#5009=ORIENTED_EDGE('',*,*,#5008,.F.);
#5010=CARTESIAN_POINT('',(-24.5,-52.775951481,-12.));
#5011=VERTEX_POINT('',#5010);
#5012=CARTESIAN_POINT('',(-24.5,-48.775951481,-12.));
#5013=DIRECTION('',(0.,0.,-1.));
#5014=DIRECTION('',(-1.,0.,0.));
#5015=AXIS2_PLACEMENT_3D('',#5012,#5013,#5014);
#5016=CIRCLE('',#5015,4.);
#5017=EDGE_CURVE('',#5011,#5003,#5016,.T.);
#5018=ORIENTED_EDGE('',*,*,#5017,.F.);
#5019=CARTESIAN_POINT('',(24.5,-52.775951481,-12.));
#5020=VERTEX_POINT('',#5019);
#5021=CARTESIAN_POINT('',(24.5,-52.775951481,-12.));
#5022=DIRECTION('',(-1.,-0.,0.));
#5023=VECTOR('',#5022,49.);
#5024=LINE('',#5021,#5023);
#5025=EDGE_CURVE('',#5020,#5011,#5024,.T.);
#5026=ORIENTED_EDGE('',*,*,#5025,.F.);
#5027=CARTESIAN_POINT('',(28.5,-48.775951481,-12.));
#5028=VERTEX_POINT('',#5027);
#5029=CARTESIAN_POINT('',(24.5,-48.775951481,-12.));
#5030=DIRECTION('',(0.,0.,-1.));
#5031=DIRECTION('',(-1.,0.,0.));
#5032=AXIS2_PLACEMENT_3D('',#5029,#5030,#5031);
#5033=CIRCLE('',#5032,4.);
#5034=EDGE_CURVE('',#5028,#5020,#5033,.T.);
#5035=ORIENTED_EDGE('',*,*,#5034,.F.);
#5036=CARTESIAN_POINT('',(28.5,33.724048519,-12.));
#5037=VERTEX_POINT('',#5036);
#5038=CARTESIAN_POINT('',(28.5,33.724048519,-12.));
#5039=DIRECTION('',(0.,-1.,0.));
#5040=VECTOR('',#5039,82.5);
#5041=LINE('',#5038,#5040);
#5042=EDGE_CURVE('',#5037,#5028,#5041,.T.);
#5043=ORIENTED_EDGE('',*,*,#5042,.F.);
#5044=CARTESIAN_POINT('',(27.5,33.724048519,-12.));
#5045=DIRECTION('',(0.,0.,-1.));
#5046=DIRECTION('',(-1.,0.,0.));
#5047=AXIS2_PLACEMENT_3D('',#5044,#5045,#5046);
#5048=CIRCLE('',#5047,1.);
#5049=EDGE_CURVE('',#4817,#5037,#5048,.T.);
#5050=ORIENTED_EDGE('',*,*,#5049,.F.);
#5051=EDGE_LOOP('',(#4919,#4925,#4926,#4935,#4943,#4952,#4960,#4969,#4977,#4984,#4985,#4991,#4992,#5001,#5009,#5018,#5026,#5035,#5043,#5050));
#5052=FACE_BOUND('',#5051,.T.);
#5053=ADVANCED_FACE('',(#5052),#4918,.T.);
#5054=CARTESIAN_POINT('',(-20.5,-9.025951481,-3.));
#5055=DIRECTION('',(1.,0.,0.));
#5056=DIRECTION('',(-0.,1.,0.));
#5057=AXIS2_PLACEMENT_3D('',#5054,#5055,#5056);
#5058=PLANE('',#5057);
#5059=ORIENTED_EDGE('',*,*,#4782,.F.);
#5060=CARTESIAN_POINT('',(-20.5,34.724048519,-10.));
#5061=DIRECTION('',(-0.,1.,-0.));
#5062=VECTOR('',#5061,3.);
#5063=LINE('',#5060,#5062);
#5064=EDGE_CURVE('',#4770,#4840,#5063,.T.);
#5065=ORIENTED_EDGE('',*,*,#5064,.T.);
#5066=ORIENTED_EDGE('',*,*,#4845,.T.);
#5067=ORIENTED_EDGE('',*,*,#4295,.F.);
#5068=CARTESIAN_POINT('',(-20.5,-42.275951481,-0.));
#5069=DIRECTION('',(-0.,-0.,-1.));
#5070=VECTOR('',#5069,3.);
#5071=LINE('',#5068,#5070);
#5072=EDGE_CURVE('',#4281,#4644,#5071,.T.);
#5073=ORIENTED_EDGE('',*,*,#5072,.T.);
#5074=ORIENTED_EDGE('',*,*,#4649,.T.);
#5075=EDGE_LOOP('',(#5059,#5065,#5066,#5067,#5073,#5074));
#5076=FACE_BOUND('',#5075,.T.);
#5077=ADVANCED_FACE('',(#5076),#5058,.T.);
#5078=CARTESIAN_POINT('',(0.,-44.775951481,-3.));
#5079=DIRECTION('',(-0.,1.,0.));
#5080=DIRECTION('',(-1.,-0.,0.));
#5081=AXIS2_PLACEMENT_3D('',#5078,#5079,#5080);
#5082=PLANE('',#5081);
#5083=ORIENTED_EDGE('',*,*,#4666,.T.);
#5084=CARTESIAN_POINT('',(-18.,-44.775951481,-3.));
#5085=DIRECTION('',(0.,0.,1.));
#5086=VECTOR('',#5085,3.);
#5087=LINE('',#5084,#5086);
#5088=EDGE_CURVE('',#4652,#4273,#5087,.T.);
#5089=ORIENTED_EDGE('',*,*,#5088,.T.);
#5090=ORIENTED_EDGE('',*,*,#4278,.F.);
#5091=CARTESIAN_POINT('',(18.,-44.775951481,-0.));
#5092=DIRECTION('',(-0.,-0.,-1.));
#5093=VECTOR('',#5092,3.);
#5094=LINE('',#5091,#5093);
#5095=EDGE_CURVE('',#4264,#4661,#5094,.T.);
#5096=ORIENTED_EDGE('',*,*,#5095,.T.);
#5097=EDGE_LOOP('',(#5083,#5089,#5090,#5096));
#5098=FACE_BOUND('',#5097,.T.);
#5099=ADVANCED_FACE('',(#5098),#5082,.T.);
#5100=CARTESIAN_POINT('',(20.5,-9.025951481,-3.));
#5101=DIRECTION('',(-1.,-0.,0.));
#5102=DIRECTION('',(0.,-1.,0.));
#5103=AXIS2_PLACEMENT_3D('',#5100,#5101,#5102);
#5104=PLANE('',#5103);
#5105=ORIENTED_EDGE('',*,*,#4902,.T.);
#5106=CARTESIAN_POINT('',(20.5,37.724048519,-10.));
#5107=DIRECTION('',(0.,-1.,-0.));
#5108=VECTOR('',#5107,3.);
#5109=LINE('',#5106,#5108);
#5110=EDGE_CURVE('',#4890,#4800,#5109,.T.);
#5111=ORIENTED_EDGE('',*,*,#5110,.T.);
#5112=ORIENTED_EDGE('',*,*,#4805,.F.);
#5113=ORIENTED_EDGE('',*,*,#4683,.T.);
#5114=CARTESIAN_POINT('',(20.5,-42.275951481,-3.));
#5115=DIRECTION('',(0.,0.,1.));
#5116=VECTOR('',#5115,3.);
#5117=LINE('',#5114,#5116);
#5118=EDGE_CURVE('',#4669,#4256,#5117,.T.);
#5119=ORIENTED_EDGE('',*,*,#5118,.T.);
#5120=ORIENTED_EDGE('',*,*,#4261,.F.);
#5121=EDGE_LOOP('',(#5105,#5111,#5112,#5113,#5119,#5120));
#5122=FACE_BOUND('',#5121,.T.);
#5123=ADVANCED_FACE('',(#5122),#5104,.T.);
#5124=CARTESIAN_POINT('',(24.549048519,29.099048519,-3.));
#5125=DIRECTION('',(0.,0.,1.));
#5126=DIRECTION('',(1.,0.,-0.));
#5127=AXIS2_PLACEMENT_3D('',#5124,#5125,#5126);
#5128=CYLINDRICAL_SURFACE('',#5127,3.);
#5129=CARTESIAN_POINT('',(27.549048519,29.099048519,-0.));
#5130=DIRECTION('',(-0.,-0.,-1.));
#5131=VECTOR('',#5130,3.);
#5132=LINE('',#5129,#5131);
#5133=EDGE_CURVE('',#4386,#4596,#5132,.T.);
#5134=ORIENTED_EDGE('',*,*,#5133,.F.);
#5135=ORIENTED_EDGE('',*,*,#4394,.T.);
#5136=ORIENTED_EDGE('',*,*,#4401,.T.);
#5137=ORIENTED_EDGE('',*,*,#5133,.T.);
#5138=ORIENTED_EDGE('',*,*,#4602,.F.);
#5139=ORIENTED_EDGE('',*,*,#4609,.F.);
#5140=EDGE_LOOP('',(#5134,#5135,#5136,#5137,#5138,#5139));
#5141=FACE_BOUND('',#5140,.T.);
#5142=ADVANCED_FACE('',(#5141),#5128,.F.);
#5143=CARTESIAN_POINT('',(24.549048519,-29.099048519,-3.));
#5144=DIRECTION('',(0.,0.,1.));
#5145=DIRECTION('',(1.,0.,-0.));
#5146=AXIS2_PLACEMENT_3D('',#5143,#5144,#5145);
#5147=CYLINDRICAL_SURFACE('',#5146,3.);
#5148=CARTESIAN_POINT('',(27.549048519,-29.099048519,-0.));
#5149=DIRECTION('',(-0.,-0.,-1.));
#5150=VECTOR('',#5149,3.);
#5151=LINE('',#5148,#5150);
#5152=EDGE_CURVE('',#4406,#4576,#5151,.T.);
#5153=ORIENTED_EDGE('',*,*,#5152,.F.);
#5154=ORIENTED_EDGE('',*,*,#4414,.T.);
#5155=ORIENTED_EDGE('',*,*,#4421,.T.);
#5156=ORIENTED_EDGE('',*,*,#5152,.T.);
#5157=ORIENTED_EDGE('',*,*,#4582,.F.);
#5158=ORIENTED_EDGE('',*,*,#4589,.F.);
#5159=EDGE_LOOP('',(#5153,#5154,#5155,#5156,#5157,#5158));
#5160=FACE_BOUND('',#5159,.T.);
#5161=ADVANCED_FACE('',(#5160),#5147,.F.);
#5162=CARTESIAN_POINT('',(-24.549048519,-29.099048519,-3.));
#5163=DIRECTION('',(0.,0.,1.));
#5164=DIRECTION('',(1.,0.,-0.));
#5165=AXIS2_PLACEMENT_3D('',#5162,#5163,#5164);
#5166=CYLINDRICAL_SURFACE('',#5165,3.);
#5167=CARTESIAN_POINT('',(-21.549048519,-29.099048519,-0.));
#5168=DIRECTION('',(-0.,-0.,-1.));
#5169=VECTOR('',#5168,3.);
#5170=LINE('',#5167,#5169);
#5171=EDGE_CURVE('',#4426,#4556,#5170,.T.);
#5172=ORIENTED_EDGE('',*,*,#5171,.F.);
#5173=ORIENTED_EDGE('',*,*,#4434,.T.);
#5174=ORIENTED_EDGE('',*,*,#4441,.T.);
#5175=ORIENTED_EDGE('',*,*,#5171,.T.);
#5176=ORIENTED_EDGE('',*,*,#4562,.F.);
#5177=ORIENTED_EDGE('',*,*,#4569,.F.);
#5178=EDGE_LOOP('',(#5172,#5173,#5174,#5175,#5176,#5177));
#5179=FACE_BOUND('',#5178,.T.);
#5180=ADVANCED_FACE('',(#5179),#5166,.F.);
#5181=CARTESIAN_POINT('',(-24.549048519,29.099048519,-3.));
#5182=DIRECTION('',(0.,0.,1.));
#5183=DIRECTION('',(1.,0.,-0.));
#5184=AXIS2_PLACEMENT_3D('',#5181,#5182,#5183);
#5185=CYLINDRICAL_SURFACE('',#5184,3.);
#5186=CARTESIAN_POINT('',(-21.549048519,29.099048519,-0.));
#5187=DIRECTION('',(-0.,-0.,-1.));
#5188=VECTOR('',#5187,3.);
#5189=LINE('',#5186,#5188);
#5190=EDGE_CURVE('',#4366,#4616,#5189,.T.);
#5191=ORIENTED_EDGE('',*,*,#5190,.F.);
#5192=ORIENTED_EDGE('',*,*,#4374,.T.);
#5193=ORIENTED_EDGE('',*,*,#4381,.T.);
#5194=ORIENTED_EDGE('',*,*,#5190,.T.);
#5195=ORIENTED_EDGE('',*,*,#4622,.F.);
#5196=ORIENTED_EDGE('',*,*,#4629,.F.);
#5197=EDGE_LOOP('',(#5191,#5192,#5193,#5194,#5195,#5196));
#5198=FACE_BOUND('',#5197,.T.);
#5199=ADVANCED_FACE('',(#5198),#5185,.F.);
#5200=CARTESIAN_POINT('',(-28.5,-9.775951481,-12.));
#5201=DIRECTION('',(1.,0.,0.));
#5202=DIRECTION('',(-0.,1.,0.));
#5203=AXIS2_PLACEMENT_3D('',#5200,#5201,#5202);
#5204=PLANE('',#5203);
#5205=ORIENTED_EDGE('',*,*,#4742,.F.);
#5206=CARTESIAN_POINT('',(-28.5,-48.775951481,-12.));
#5207=DIRECTION('',(-0.,-0.,1.));
#5208=VECTOR('',#5207,9.);
#5209=LINE('',#5206,#5208);
#5210=EDGE_CURVE('',#5003,#4728,#5209,.T.);
#5211=ORIENTED_EDGE('',*,*,#5210,.F.);
#5212=ORIENTED_EDGE('',*,*,#5008,.T.);
#5213=CARTESIAN_POINT('',(-28.5,33.724048519,-12.));
#5214=DIRECTION('',(0.,0.,1.));
#5215=VECTOR('',#5214,9.);
#5216=LINE('',#5213,#5215);
#5217=EDGE_CURVE('',#4994,#4737,#5216,.T.);
#5218=ORIENTED_EDGE('',*,*,#5217,.T.);
#5219=EDGE_LOOP('',(#5205,#5211,#5212,#5218));
#5220=FACE_BOUND('',#5219,.T.);
#5221=ADVANCED_FACE('',(#5220),#5204,.T.);
#5222=CARTESIAN_POINT('',(28.5,-9.775951481,-12.));
#5223=DIRECTION('',(-1.,-0.,0.));
#5224=DIRECTION('',(0.,-1.,0.));
#5225=AXIS2_PLACEMENT_3D('',#5222,#5223,#5224);
#5226=PLANE('',#5225);
#5227=ORIENTED_EDGE('',*,*,#4708,.F.);
#5228=CARTESIAN_POINT('',(28.5,33.724048519,-12.));
#5229=DIRECTION('',(-0.,-0.,1.));
#5230=VECTOR('',#5229,9.);
#5231=LINE('',#5228,#5230);
#5232=EDGE_CURVE('',#5037,#4694,#5231,.T.);
#5233=ORIENTED_EDGE('',*,*,#5232,.F.);
#5234=ORIENTED_EDGE('',*,*,#5042,.T.);
#5235=CARTESIAN_POINT('',(28.5,-48.775951481,-12.));
#5236=DIRECTION('',(0.,0.,1.));
#5237=VECTOR('',#5236,9.);
#5238=LINE('',#5235,#5237);
#5239=EDGE_CURVE('',#5028,#4703,#5238,.T.);
#5240=ORIENTED_EDGE('',*,*,#5239,.T.);
#5241=EDGE_LOOP('',(#5227,#5233,#5234,#5240));
#5242=FACE_BOUND('',#5241,.T.);
#5243=ADVANCED_FACE('',(#5242),#5226,.T.);
#5244=CARTESIAN_POINT('',(0.,-52.775951481,-12.));
#5245=DIRECTION('',(-0.,1.,0.));
#5246=DIRECTION('',(-1.,-0.,0.));
#5247=AXIS2_PLACEMENT_3D('',#5244,#5245,#5246);
#5248=PLANE('',#5247);
#5249=ORIENTED_EDGE('',*,*,#4725,.F.);
#5250=CARTESIAN_POINT('',(24.5,-52.775951481,-12.));
#5251=DIRECTION('',(-0.,-0.,1.));
#5252=VECTOR('',#5251,9.);
#5253=LINE('',#5250,#5252);
#5254=EDGE_CURVE('',#5020,#4711,#5253,.T.);
#5255=ORIENTED_EDGE('',*,*,#5254,.F.);
#5256=ORIENTED_EDGE('',*,*,#5025,.T.);
#5257=CARTESIAN_POINT('',(-24.5,-52.775951481,-12.));
#5258=DIRECTION('',(0.,0.,1.));
#5259=VECTOR('',#5258,9.);
#5260=LINE('',#5257,#5259);
#5261=EDGE_CURVE('',#5011,#4720,#5260,.T.);
#5262=ORIENTED_EDGE('',*,*,#5261,.T.);
#5263=EDGE_LOOP('',(#5249,#5255,#5256,#5262));
#5264=FACE_BOUND('',#5263,.T.);
#5265=ADVANCED_FACE('',(#5264),#5248,.T.);
#5266=CARTESIAN_POINT('',(-24.5,-48.775951481,-12.));
#5267=DIRECTION('',(0.,0.,-1.));
#5268=DIRECTION('',(-1.,0.,0.));
#5269=AXIS2_PLACEMENT_3D('',#5266,#5267,#5268);
#5270=CYLINDRICAL_SURFACE('',#5269,4.);
#5271=ORIENTED_EDGE('',*,*,#4734,.F.);
#5272=ORIENTED_EDGE('',*,*,#5261,.F.);
#5273=ORIENTED_EDGE('',*,*,#5017,.T.);
#5274=ORIENTED_EDGE('',*,*,#5210,.T.);
#5275=EDGE_LOOP('',(#5271,#5272,#5273,#5274));
#5276=FACE_BOUND('',#5275,.T.);
#5277=ADVANCED_FACE('',(#5276),#5270,.F.);
#5278=CARTESIAN_POINT('',(24.5,-48.775951481,-12.));
#5279=DIRECTION('',(0.,0.,-1.));
#5280=DIRECTION('',(-1.,0.,0.));
#5281=AXIS2_PLACEMENT_3D('',#5278,#5279,#5280);
#5282=CYLINDRICAL_SURFACE('',#5281,4.);
#5283=ORIENTED_EDGE('',*,*,#4717,.F.);
#5284=ORIENTED_EDGE('',*,*,#5239,.F.);
#5285=ORIENTED_EDGE('',*,*,#5034,.T.);
#5286=ORIENTED_EDGE('',*,*,#5254,.T.);
#5287=EDGE_LOOP('',(#5283,#5284,#5285,#5286));
#5288=FACE_BOUND('',#5287,.T.);
#5289=ADVANCED_FACE('',(#5288),#5282,.F.);
#5290=CARTESIAN_POINT('',(27.5,33.724048519,-12.));
#5291=DIRECTION('',(0.,0.,-1.));
#5292=DIRECTION('',(-1.,0.,0.));
#5293=AXIS2_PLACEMENT_3D('',#5290,#5291,#5292);
#5294=CYLINDRICAL_SURFACE('',#5293,1.);
#5295=ORIENTED_EDGE('',*,*,#4700,.F.);
#5296=ORIENTED_EDGE('',*,*,#4828,.F.);
#5297=ORIENTED_EDGE('',*,*,#5049,.T.);
#5298=ORIENTED_EDGE('',*,*,#5232,.T.);
#5299=EDGE_LOOP('',(#5295,#5296,#5297,#5298));
#5300=FACE_BOUND('',#5299,.T.);
#5301=ADVANCED_FACE('',(#5300),#5294,.F.);
#5302=CARTESIAN_POINT('',(-27.5,33.724048519,-12.));
#5303=DIRECTION('',(0.,0.,-1.));
#5304=DIRECTION('',(-1.,0.,0.));
#5305=AXIS2_PLACEMENT_3D('',#5302,#5303,#5304);
#5306=CYLINDRICAL_SURFACE('',#5305,1.);
#5307=ORIENTED_EDGE('',*,*,#4749,.F.);
#5308=ORIENTED_EDGE('',*,*,#5217,.F.);
#5309=ORIENTED_EDGE('',*,*,#5000,.T.);
#5310=ORIENTED_EDGE('',*,*,#4789,.T.);
#5311=EDGE_LOOP('',(#5307,#5308,#5309,#5310));
#5312=FACE_BOUND('',#5311,.T.);
#5313=ADVANCED_FACE('',(#5312),#5306,.F.);
#5314=CARTESIAN_POINT('',(-31.5,-9.775951481,-12.));
#5315=DIRECTION('',(-1.,-0.,0.));
#5316=DIRECTION('',(0.,-1.,0.));
#5317=AXIS2_PLACEMENT_3D('',#5314,#5315,#5316);
#5318=PLANE('',#5317);
#5319=ORIENTED_EDGE('',*,*,#4320,.F.);
#5320=CARTESIAN_POINT('',(-31.5,33.724048519,-12.));
#5321=DIRECTION('',(-0.,-0.,1.));
#5322=VECTOR('',#5321,12.);
#5323=LINE('',#5320,#5322);
#5324=EDGE_CURVE('',#4971,#4306,#5323,.T.);
#5325=ORIENTED_EDGE('',*,*,#5324,.F.);
#5326=ORIENTED_EDGE('',*,*,#4976,.T.);
#5327=CARTESIAN_POINT('',(-31.5,-51.775951481,-12.));
#5328=DIRECTION('',(0.,0.,1.));
#5329=VECTOR('',#5328,12.);
#5330=LINE('',#5327,#5329);
#5331=EDGE_CURVE('',#4962,#4315,#5330,.T.);
#5332=ORIENTED_EDGE('',*,*,#5331,.T.);
#5333=EDGE_LOOP('',(#5319,#5325,#5326,#5332));
#5334=FACE_BOUND('',#5333,.T.);
#5335=ADVANCED_FACE('',(#5334),#5318,.T.);
#5336=CARTESIAN_POINT('',(-27.5,33.724048519,-12.));
#5337=DIRECTION('',(0.,0.,-1.));
#5338=DIRECTION('',(-1.,0.,0.));
#5339=AXIS2_PLACEMENT_3D('',#5336,#5337,#5338);
#5340=CYLINDRICAL_SURFACE('',#5339,4.);
#5341=ORIENTED_EDGE('',*,*,#4312,.T.);
#5342=ORIENTED_EDGE('',*,*,#4868,.F.);
#5343=ORIENTED_EDGE('',*,*,#4983,.F.);
#5344=ORIENTED_EDGE('',*,*,#5324,.T.);
#5345=EDGE_LOOP('',(#5341,#5342,#5343,#5344));
#5346=FACE_BOUND('',#5345,.T.);
#5347=ADVANCED_FACE('',(#5346),#5340,.T.);
#5348=CARTESIAN_POINT('',(27.5,33.724048519,-12.));
#5349=DIRECTION('',(0.,0.,-1.));
#5350=DIRECTION('',(-1.,0.,0.));
#5351=AXIS2_PLACEMENT_3D('',#5348,#5349,#5350);
#5352=CYLINDRICAL_SURFACE('',#5351,4.);
#5353=ORIENTED_EDGE('',*,*,#4361,.T.);
#5354=CARTESIAN_POINT('',(31.5,33.724048519,-12.));
#5355=DIRECTION('',(0.,0.,1.));
#5356=VECTOR('',#5355,12.);
#5357=LINE('',#5354,#5356);
#5358=EDGE_CURVE('',#4928,#4349,#5357,.T.);
#5359=ORIENTED_EDGE('',*,*,#5358,.F.);
#5360=ORIENTED_EDGE('',*,*,#4934,.F.);
#5361=ORIENTED_EDGE('',*,*,#4909,.T.);
#5362=EDGE_LOOP('',(#5353,#5359,#5360,#5361));
#5363=FACE_BOUND('',#5362,.T.);
#5364=ADVANCED_FACE('',(#5363),#5352,.T.);
#5365=CARTESIAN_POINT('',(31.5,-9.775951481,-12.));
#5366=DIRECTION('',(1.,0.,0.));
#5367=DIRECTION('',(-0.,1.,0.));
#5368=AXIS2_PLACEMENT_3D('',#5365,#5366,#5367);
#5369=PLANE('',#5368);
#5370=ORIENTED_EDGE('',*,*,#4354,.F.);
#5371=CARTESIAN_POINT('',(31.5,-51.775951481,-12.));
#5372=DIRECTION('',(0.,0.,1.));
#5373=VECTOR('',#5372,12.);
#5374=LINE('',#5371,#5373);
#5375=EDGE_CURVE('',#4937,#4340,#5374,.T.);
#5376=ORIENTED_EDGE('',*,*,#5375,.F.);
#5377=ORIENTED_EDGE('',*,*,#4942,.T.);
#5378=ORIENTED_EDGE('',*,*,#5358,.T.);
#5379=EDGE_LOOP('',(#5370,#5376,#5377,#5378));
#5380=FACE_BOUND('',#5379,.T.);
#5381=ADVANCED_FACE('',(#5380),#5369,.T.);
#5382=CARTESIAN_POINT('',(27.5,-51.775951481,-12.));
#5383=DIRECTION('',(0.,0.,1.));
#5384=DIRECTION('',(1.,0.,-0.));
#5385=AXIS2_PLACEMENT_3D('',#5382,#5383,#5384);
#5386=CYLINDRICAL_SURFACE('',#5385,4.);
#5387=ORIENTED_EDGE('',*,*,#4346,.T.);
#5388=CARTESIAN_POINT('',(27.5,-55.775951481,-12.));
#5389=DIRECTION('',(0.,0.,1.));
#5390=VECTOR('',#5389,12.);
#5391=LINE('',#5388,#5390);
#5392=EDGE_CURVE('',#4945,#4332,#5391,.T.);
#5393=ORIENTED_EDGE('',*,*,#5392,.F.);
#5394=ORIENTED_EDGE('',*,*,#4951,.F.);
#5395=ORIENTED_EDGE('',*,*,#5375,.T.);
#5396=EDGE_LOOP('',(#5387,#5393,#5394,#5395));
#5397=FACE_BOUND('',#5396,.T.);
#5398=ADVANCED_FACE('',(#5397),#5386,.T.);
#5399=CARTESIAN_POINT('',(0.,-55.775951481,-12.));
#5400=DIRECTION('',(-0.,1.,0.));
#5401=DIRECTION('',(-1.,-0.,0.));
#5402=AXIS2_PLACEMENT_3D('',#5399,#5400,#5401);
#5403=PLANE('',#5402);
#5404=ORIENTED_EDGE('',*,*,#4337,.T.);
#5405=CARTESIAN_POINT('',(-27.5,-55.775951481,-12.));
#5406=DIRECTION('',(0.,0.,1.));
#5407=VECTOR('',#5406,12.);
#5408=LINE('',#5405,#5407);
#5409=EDGE_CURVE('',#4954,#4323,#5408,.T.);
#5410=ORIENTED_EDGE('',*,*,#5409,.F.);
#5411=ORIENTED_EDGE('',*,*,#4959,.F.);
#5412=ORIENTED_EDGE('',*,*,#5392,.T.);
#5413=EDGE_LOOP('',(#5404,#5410,#5411,#5412));
#5414=FACE_BOUND('',#5413,.T.);
#5415=ADVANCED_FACE('',(#5414),#5403,.F.);
#5416=CARTESIAN_POINT('',(-27.5,-51.775951481,-12.));
#5417=DIRECTION('',(0.,0.,1.));
#5418=DIRECTION('',(1.,0.,-0.));
#5419=AXIS2_PLACEMENT_3D('',#5416,#5417,#5418);
#5420=CYLINDRICAL_SURFACE('',#5419,4.);
#5421=ORIENTED_EDGE('',*,*,#4329,.T.);
#5422=ORIENTED_EDGE('',*,*,#5331,.F.);
#5423=ORIENTED_EDGE('',*,*,#4968,.F.);
#5424=ORIENTED_EDGE('',*,*,#5409,.T.);
#5425=EDGE_LOOP('',(#5421,#5422,#5423,#5424));
#5426=FACE_BOUND('',#5425,.T.);
#5427=ADVANCED_FACE('',(#5426),#5420,.T.);
#5428=CARTESIAN_POINT('',(-18.,-42.275951481,-3.));
#5429=DIRECTION('',(0.,0.,-1.));
#5430=DIRECTION('',(-1.,0.,0.));
#5431=AXIS2_PLACEMENT_3D('',#5428,#5429,#5430);
#5432=CYLINDRICAL_SURFACE('',#5431,2.5);
#5433=ORIENTED_EDGE('',*,*,#4658,.F.);
#5434=ORIENTED_EDGE('',*,*,#5072,.F.);
#5435=ORIENTED_EDGE('',*,*,#4287,.F.);
#5436=ORIENTED_EDGE('',*,*,#5088,.F.);
#5437=EDGE_LOOP('',(#5433,#5434,#5435,#5436));
#5438=FACE_BOUND('',#5437,.T.);
#5439=ADVANCED_FACE('',(#5438),#5432,.F.);
#5440=CARTESIAN_POINT('',(18.,-42.275951481,-3.));
#5441=DIRECTION('',(0.,0.,-1.));
#5442=DIRECTION('',(-1.,0.,0.));
#5443=AXIS2_PLACEMENT_3D('',#5440,#5441,#5442);
#5444=CYLINDRICAL_SURFACE('',#5443,2.5);
#5445=ORIENTED_EDGE('',*,*,#4675,.F.);
#5446=ORIENTED_EDGE('',*,*,#5095,.F.);
#5447=ORIENTED_EDGE('',*,*,#4270,.F.);
#5448=ORIENTED_EDGE('',*,*,#5118,.F.);
#5449=EDGE_LOOP('',(#5445,#5446,#5447,#5448));
#5450=FACE_BOUND('',#5449,.T.);
#5451=ADVANCED_FACE('',(#5450),#5444,.F.);
#5452=CARTESIAN_POINT('',(-22.5,-0.,-10.));
#5453=DIRECTION('',(0.,-1.,0.));
#5454=DIRECTION('',(1.,0.,0.));
#5455=AXIS2_PLACEMENT_3D('',#5452,#5453,#5454);
#5456=CYLINDRICAL_SURFACE('',#5455,2.);
#5457=ORIENTED_EDGE('',*,*,#4854,.F.);
#5458=ORIENTED_EDGE('',*,*,#5064,.F.);
#5459=ORIENTED_EDGE('',*,*,#4776,.F.);
#5460=ORIENTED_EDGE('',*,*,#4990,.F.);
#5461=EDGE_LOOP('',(#5457,#5458,#5459,#5460));
#5462=FACE_BOUND('',#5461,.T.);
#5463=ADVANCED_FACE('',(#5462),#5456,.T.);
#5464=CARTESIAN_POINT('',(22.5,0.,-10.));
#5465=DIRECTION('',(-0.,1.,0.));
#5466=DIRECTION('',(-1.,-0.,0.));
#5467=AXIS2_PLACEMENT_3D('',#5464,#5465,#5466);
#5468=CYLINDRICAL_SURFACE('',#5467,2.);
#5469=ORIENTED_EDGE('',*,*,#4814,.F.);
#5470=ORIENTED_EDGE('',*,*,#5110,.F.);
#5471=ORIENTED_EDGE('',*,*,#4896,.F.);
#5472=ORIENTED_EDGE('',*,*,#4924,.F.);
#5473=EDGE_LOOP('',(#5469,#5470,#5471,#5472));
#5474=FACE_BOUND('',#5473,.T.);
#5475=ADVANCED_FACE('',(#5474),#5468,.T.);
#5476=CARTESIAN_POINT('',(0.,-53.525951481,-1.));
#5477=DIRECTION('',(0.,-1.,0.));
#5478=DIRECTION('',(1.,0.,0.));
#5479=AXIS2_PLACEMENT_3D('',#5476,#5477,#5478);
#5480=PLANE('',#5479);
#5481=ORIENTED_EDGE('',*,*,#4461,.T.);
#5482=CARTESIAN_POINT('',(10.25,-53.525951481,-0.5));
#5483=VERTEX_POINT('',#5482);
#5484=CARTESIAN_POINT('',(10.25,-53.525951481,-0.5));
#5485=DIRECTION('',(0.,0.,1.));
#5486=VECTOR('',#5485,0.5);
#5487=LINE('',#5484,#5486);
#5488=EDGE_CURVE('',#5483,#4446,#5487,.T.);
#5489=ORIENTED_EDGE('',*,*,#5488,.F.);
#5490=CARTESIAN_POINT('',(-10.25,-53.525951481,-0.5));
#5491=VERTEX_POINT('',#5490);
#5492=CARTESIAN_POINT('',(-10.25,-53.525951481,-0.5));
#5493=DIRECTION('',(1.,0.,0.));
#5494=VECTOR('',#5493,20.5);
#5495=LINE('',#5492,#5494);
#5496=EDGE_CURVE('',#5491,#5483,#5495,.T.);
#5497=ORIENTED_EDGE('',*,*,#5496,.F.);
#5498=CARTESIAN_POINT('',(-10.25,-53.525951481,-0.5));
#5499=DIRECTION('',(0.,0.,1.));
#5500=VECTOR('',#5499,0.5);
#5501=LINE('',#5498,#5500);
#5502=EDGE_CURVE('',#5491,#4456,#5501,.T.);
#5503=ORIENTED_EDGE('',*,*,#5502,.T.);
#5504=EDGE_LOOP('',(#5481,#5489,#5497,#5503));
#5505=FACE_BOUND('',#5504,.T.);
#5506=ADVANCED_FACE('',(#5505),#5480,.F.);
#5507=CARTESIAN_POINT('',(10.25,-50.275951481,-1.));
#5508=DIRECTION('',(1.,0.,0.));
#5509=DIRECTION('',(-0.,1.,0.));
#5510=AXIS2_PLACEMENT_3D('',#5507,#5508,#5509);
#5511=PLANE('',#5510);
#5512=ORIENTED_EDGE('',*,*,#4453,.T.);
#5513=CARTESIAN_POINT('',(10.25,-47.025951481,-0.5));
#5514=VERTEX_POINT('',#5513);
#5515=CARTESIAN_POINT('',(10.25,-47.025951481,-0.5));
#5516=DIRECTION('',(0.,0.,1.));
#5517=VECTOR('',#5516,0.5);
#5518=LINE('',#5515,#5517);
#5519=EDGE_CURVE('',#5514,#4448,#5518,.T.);
#5520=ORIENTED_EDGE('',*,*,#5519,.F.);
#5521=CARTESIAN_POINT('',(10.25,-53.525951481,-0.5));
#5522=DIRECTION('',(-0.,1.,0.));
#5523=VECTOR('',#5522,6.5);
#5524=LINE('',#5521,#5523);
#5525=EDGE_CURVE('',#5483,#5514,#5524,.T.);
#5526=ORIENTED_EDGE('',*,*,#5525,.F.);
#5527=ORIENTED_EDGE('',*,*,#5488,.T.);
#5528=EDGE_LOOP('',(#5512,#5520,#5526,#5527));
#5529=FACE_BOUND('',#5528,.T.);
#5530=ADVANCED_FACE('',(#5529),#5511,.F.);
#5531=CARTESIAN_POINT('',(0.,-47.025951481,-1.));
#5532=DIRECTION('',(0.,1.,0.));
#5533=DIRECTION('',(0.,0.,1.));
#5534=AXIS2_PLACEMENT_3D('',#5531,#5532,#5533);
#5535=PLANE('',#5534);
#5536=ORIENTED_EDGE('',*,*,#4475,.T.);
#5537=CARTESIAN_POINT('',(-10.25,-47.025951481,-0.5));
#5538=VERTEX_POINT('',#5537);
#5539=CARTESIAN_POINT('',(-10.25,-47.025951481,-0.5));
#5540=DIRECTION('',(0.,0.,1.));
#5541=VECTOR('',#5540,0.5);
#5542=LINE('',#5539,#5541);
#5543=EDGE_CURVE('',#5538,#4464,#5542,.T.);
#5544=ORIENTED_EDGE('',*,*,#5543,.F.);
#5545=CARTESIAN_POINT('',(10.25,-47.025951481,-0.5));
#5546=DIRECTION('',(-1.,0.,0.));
#5547=VECTOR('',#5546,20.5);
#5548=LINE('',#5545,#5547);
#5549=EDGE_CURVE('',#5514,#5538,#5548,.T.);
#5550=ORIENTED_EDGE('',*,*,#5549,.F.);
#5551=ORIENTED_EDGE('',*,*,#5519,.T.);
#5552=EDGE_LOOP('',(#5536,#5544,#5550,#5551));
#5553=FACE_BOUND('',#5552,.T.);
#5554=ADVANCED_FACE('',(#5553),#5535,.F.);
#5555=CARTESIAN_POINT('',(-10.25,-50.275951481,-1.));
#5556=DIRECTION('',(-1.,0.,0.));
#5557=DIRECTION('',(0.,0.,1.));
#5558=AXIS2_PLACEMENT_3D('',#5555,#5556,#5557);
#5559=PLANE('',#5558);
#5560=ORIENTED_EDGE('',*,*,#4469,.T.);
#5561=ORIENTED_EDGE('',*,*,#5502,.F.);
#5562=CARTESIAN_POINT('',(-10.25,-47.025951481,-0.5));
#5563=DIRECTION('',(0.,-1.,0.));
#5564=VECTOR('',#5563,6.5);
#5565=LINE('',#5562,#5564);
#5566=EDGE_CURVE('',#5538,#5491,#5565,.T.);
#5567=ORIENTED_EDGE('',*,*,#5566,.F.);
#5568=ORIENTED_EDGE('',*,*,#5543,.T.);
#5569=EDGE_LOOP('',(#5560,#5561,#5567,#5568));
#5570=FACE_BOUND('',#5569,.T.);
#5571=ADVANCED_FACE('',(#5570),#5559,.F.);
#5572=CARTESIAN_POINT('',(0.,0.,-0.5));
#5573=DIRECTION('',(0.,0.,1.));
#5574=DIRECTION('',(1.,0.,0.));
#5575=AXIS2_PLACEMENT_3D('',#5572,#5573,#5574);
#5576=PLANE('',#5575);
#5577=ORIENTED_EDGE('',*,*,#5496,.T.);
#5578=ORIENTED_EDGE('',*,*,#5525,.T.);
#5579=ORIENTED_EDGE('',*,*,#5549,.T.);
#5580=ORIENTED_EDGE('',*,*,#5566,.T.);
#5581=EDGE_LOOP('',(#5577,#5578,#5579,#5580));
#5582=FACE_BOUND('',#5581,.T.);
#5583=ADVANCED_FACE('',(#5582),#5576,.T.);
#5584=CARTESIAN_POINT('',(-26.,-10.25,-1.));
#5585=DIRECTION('',(0.,-1.,0.));
#5586=DIRECTION('',(1.,0.,0.));
#5587=AXIS2_PLACEMENT_3D('',#5584,#5585,#5586);
#5588=PLANE('',#5587);
#5589=ORIENTED_EDGE('',*,*,#4495,.T.);
#5590=CARTESIAN_POINT('',(-22.75,-10.25,-0.5));
#5591=VERTEX_POINT('',#5590);
#5592=CARTESIAN_POINT('',(-22.75,-10.25,-0.5));
#5593=DIRECTION('',(0.,0.,1.));
#5594=VECTOR('',#5593,0.5);
#5595=LINE('',#5592,#5594);
#5596=EDGE_CURVE('',#5591,#4480,#5595,.T.);
#5597=ORIENTED_EDGE('',*,*,#5596,.F.);
#5598=CARTESIAN_POINT('',(-29.25,-10.25,-0.5));
#5599=VERTEX_POINT('',#5598);
#5600=CARTESIAN_POINT('',(-29.25,-10.25,-0.5));
#5601=DIRECTION('',(1.,0.,0.));
#5602=VECTOR('',#5601,6.5);
#5603=LINE('',#5600,#5602);
#5604=EDGE_CURVE('',#5599,#5591,#5603,.T.);
#5605=ORIENTED_EDGE('',*,*,#5604,.F.);
#5606=CARTESIAN_POINT('',(-29.25,-10.25,-0.5));
#5607=DIRECTION('',(0.,0.,1.));
#5608=VECTOR('',#5607,0.5);
#5609=LINE('',#5606,#5608);
#5610=EDGE_CURVE('',#5599,#4490,#5609,.T.);
#5611=ORIENTED_EDGE('',*,*,#5610,.T.);
#5612=EDGE_LOOP('',(#5589,#5597,#5605,#5611));
#5613=FACE_BOUND('',#5612,.T.);
#5614=ADVANCED_FACE('',(#5613),#5588,.F.);
#5615=CARTESIAN_POINT('',(-22.75,-0.,-1.));
#5616=DIRECTION('',(1.,0.,0.));
#5617=DIRECTION('',(0.,0.,-1.));
#5618=AXIS2_PLACEMENT_3D('',#5615,#5616,#5617);
#5619=PLANE('',#5618);
#5620=ORIENTED_EDGE('',*,*,#4487,.T.);
#5621=CARTESIAN_POINT('',(-22.75,10.25,-0.5));
#5622=VERTEX_POINT('',#5621);
#5623=CARTESIAN_POINT('',(-22.75,10.25,-0.5));
#5624=DIRECTION('',(0.,0.,1.));
#5625=VECTOR('',#5624,0.5);
#5626=LINE('',#5623,#5625);
#5627=EDGE_CURVE('',#5622,#4482,#5626,.T.);
#5628=ORIENTED_EDGE('',*,*,#5627,.F.);
#5629=CARTESIAN_POINT('',(-22.75,-10.25,-0.5));
#5630=DIRECTION('',(0.,1.,0.));
#5631=VECTOR('',#5630,20.5);
#5632=LINE('',#5629,#5631);
#5633=EDGE_CURVE('',#5591,#5622,#5632,.T.);
#5634=ORIENTED_EDGE('',*,*,#5633,.F.);
#5635=ORIENTED_EDGE('',*,*,#5596,.T.);
#5636=EDGE_LOOP('',(#5620,#5628,#5634,#5635));
#5637=FACE_BOUND('',#5636,.T.);
#5638=ADVANCED_FACE('',(#5637),#5619,.F.);
#5639=CARTESIAN_POINT('',(-26.,10.25,-1.));
#5640=DIRECTION('',(0.,1.,0.));
#5641=DIRECTION('',(0.,0.,1.));
#5642=AXIS2_PLACEMENT_3D('',#5639,#5640,#5641);
#5643=PLANE('',#5642);
#5644=ORIENTED_EDGE('',*,*,#4509,.T.);
#5645=CARTESIAN_POINT('',(-29.25,10.25,-0.5));
#5646=VERTEX_POINT('',#5645);
#5647=CARTESIAN_POINT('',(-29.25,10.25,-0.5));
#5648=DIRECTION('',(0.,0.,1.));
#5649=VECTOR('',#5648,0.5);
#5650=LINE('',#5647,#5649);
#5651=EDGE_CURVE('',#5646,#4498,#5650,.T.);
#5652=ORIENTED_EDGE('',*,*,#5651,.F.);
#5653=CARTESIAN_POINT('',(-22.75,10.25,-0.5));
#5654=DIRECTION('',(-1.,0.,0.));
#5655=VECTOR('',#5654,6.5);
#5656=LINE('',#5653,#5655);
#5657=EDGE_CURVE('',#5622,#5646,#5656,.T.);
#5658=ORIENTED_EDGE('',*,*,#5657,.F.);
#5659=ORIENTED_EDGE('',*,*,#5627,.T.);
#5660=EDGE_LOOP('',(#5644,#5652,#5658,#5659));
#5661=FACE_BOUND('',#5660,.T.);
#5662=ADVANCED_FACE('',(#5661),#5643,.F.);
#5663=CARTESIAN_POINT('',(-29.25,-0.,-1.));
#5664=DIRECTION('',(-1.,0.,0.));
#5665=DIRECTION('',(0.,0.,1.));
#5666=AXIS2_PLACEMENT_3D('',#5663,#5664,#5665);
#5667=PLANE('',#5666);
#5668=ORIENTED_EDGE('',*,*,#4503,.T.);
#5669=ORIENTED_EDGE('',*,*,#5610,.F.);
#5670=CARTESIAN_POINT('',(-29.25,10.25,-0.5));
#5671=DIRECTION('',(0.,-1.,0.));
#5672=VECTOR('',#5671,20.5);
#5673=LINE('',#5670,#5672);
#5674=EDGE_CURVE('',#5646,#5599,#5673,.T.);
#5675=ORIENTED_EDGE('',*,*,#5674,.F.);
#5676=ORIENTED_EDGE('',*,*,#5651,.T.);
#5677=EDGE_LOOP('',(#5668,#5669,#5675,#5676));
#5678=FACE_BOUND('',#5677,.T.);
#5679=ADVANCED_FACE('',(#5678),#5667,.F.);
#5680=CARTESIAN_POINT('',(0.,0.,-0.5));
#5681=DIRECTION('',(0.,0.,1.));
#5682=DIRECTION('',(1.,0.,0.));
#5683=AXIS2_PLACEMENT_3D('',#5680,#5681,#5682);
#5684=PLANE('',#5683);
#5685=ORIENTED_EDGE('',*,*,#5604,.T.);
#5686=ORIENTED_EDGE('',*,*,#5633,.T.);
#5687=ORIENTED_EDGE('',*,*,#5657,.T.);
#5688=ORIENTED_EDGE('',*,*,#5674,.T.);
#5689=EDGE_LOOP('',(#5685,#5686,#5687,#5688));
#5690=FACE_BOUND('',#5689,.T.);
#5691=ADVANCED_FACE('',(#5690),#5684,.T.);
#5692=CARTESIAN_POINT('',(29.25,-0.,-1.));
#5693=DIRECTION('',(-1.,0.,0.));
#5694=DIRECTION('',(0.,0.,1.));
#5695=AXIS2_PLACEMENT_3D('',#5692,#5693,#5694);
#5696=PLANE('',#5695);
#5697=ORIENTED_EDGE('',*,*,#4521,.F.);
#5698=CARTESIAN_POINT('',(29.25,10.25,-0.5));
#5699=VERTEX_POINT('',#5698);
#5700=CARTESIAN_POINT('',(29.25,10.25,-0.5));
#5701=DIRECTION('',(0.,0.,1.));
#5702=VECTOR('',#5701,0.5);
#5703=LINE('',#5700,#5702);
#5704=EDGE_CURVE('',#5699,#4514,#5703,.T.);
#5705=ORIENTED_EDGE('',*,*,#5704,.F.);
#5706=CARTESIAN_POINT('',(29.25,-10.25,-0.5));
#5707=VERTEX_POINT('',#5706);
#5708=CARTESIAN_POINT('',(29.25,10.25,-0.5));
#5709=DIRECTION('',(0.,-1.,0.));
#5710=VECTOR('',#5709,20.5);
#5711=LINE('',#5708,#5710);
#5712=EDGE_CURVE('',#5699,#5707,#5711,.T.);
#5713=ORIENTED_EDGE('',*,*,#5712,.T.);
#5714=CARTESIAN_POINT('',(29.25,-10.25,-0.5));
#5715=DIRECTION('',(0.,0.,1.));
#5716=VECTOR('',#5715,0.5);
#5717=LINE('',#5714,#5716);
#5718=EDGE_CURVE('',#5707,#4516,#5717,.T.);
#5719=ORIENTED_EDGE('',*,*,#5718,.T.);
#5720=EDGE_LOOP('',(#5697,#5705,#5713,#5719));
#5721=FACE_BOUND('',#5720,.T.);
#5722=ADVANCED_FACE('',(#5721),#5696,.T.);
#5723=CARTESIAN_POINT('',(26.,10.25,-1.));
#5724=DIRECTION('',(-0.,-1.,0.));
#5725=DIRECTION('',(1.,-0.,0.));
#5726=AXIS2_PLACEMENT_3D('',#5723,#5724,#5725);
#5727=PLANE('',#5726);
#5728=ORIENTED_EDGE('',*,*,#4543,.F.);
#5729=CARTESIAN_POINT('',(22.75,10.25,-0.5));
#5730=VERTEX_POINT('',#5729);
#5731=CARTESIAN_POINT('',(22.75,10.25,-0.5));
#5732=DIRECTION('',(0.,0.,1.));
#5733=VECTOR('',#5732,0.5);
#5734=LINE('',#5731,#5733);
#5735=EDGE_CURVE('',#5730,#4532,#5734,.T.);
#5736=ORIENTED_EDGE('',*,*,#5735,.F.);
#5737=CARTESIAN_POINT('',(22.75,10.25,-0.5));
#5738=DIRECTION('',(1.,-0.,0.));
#5739=VECTOR('',#5738,6.5);
#5740=LINE('',#5737,#5739);
#5741=EDGE_CURVE('',#5730,#5699,#5740,.T.);
#5742=ORIENTED_EDGE('',*,*,#5741,.T.);
#5743=ORIENTED_EDGE('',*,*,#5704,.T.);
#5744=EDGE_LOOP('',(#5728,#5736,#5742,#5743));
#5745=FACE_BOUND('',#5744,.T.);
#5746=ADVANCED_FACE('',(#5745),#5727,.T.);
#5747=CARTESIAN_POINT('',(22.75,-0.,-1.));
#5748=DIRECTION('',(1.,0.,0.));
#5749=DIRECTION('',(0.,0.,-1.));
#5750=AXIS2_PLACEMENT_3D('',#5747,#5748,#5749);
#5751=PLANE('',#5750);
#5752=ORIENTED_EDGE('',*,*,#4537,.F.);
#5753=CARTESIAN_POINT('',(22.75,-10.25,-0.5));
#5754=VERTEX_POINT('',#5753);
#5755=CARTESIAN_POINT('',(22.75,-10.25,-0.5));
#5756=DIRECTION('',(0.,0.,1.));
#5757=VECTOR('',#5756,0.5);
#5758=LINE('',#5755,#5757);
#5759=EDGE_CURVE('',#5754,#4524,#5758,.T.);
#5760=ORIENTED_EDGE('',*,*,#5759,.F.);
#5761=CARTESIAN_POINT('',(22.75,-10.25,-0.5));
#5762=DIRECTION('',(0.,1.,0.));
#5763=VECTOR('',#5762,20.5);
#5764=LINE('',#5761,#5763);
#5765=EDGE_CURVE('',#5754,#5730,#5764,.T.);
#5766=ORIENTED_EDGE('',*,*,#5765,.T.);
#5767=ORIENTED_EDGE('',*,*,#5735,.T.);
#5768=EDGE_LOOP('',(#5752,#5760,#5766,#5767));
#5769=FACE_BOUND('',#5768,.T.);
#5770=ADVANCED_FACE('',(#5769),#5751,.T.);
#5771=CARTESIAN_POINT('',(26.,-10.25,-1.));
#5772=DIRECTION('',(0.,1.,0.));
#5773=DIRECTION('',(-1.,0.,0.));
#5774=AXIS2_PLACEMENT_3D('',#5771,#5772,#5773);
#5775=PLANE('',#5774);
#5776=ORIENTED_EDGE('',*,*,#4529,.F.);
#5777=ORIENTED_EDGE('',*,*,#5718,.F.);
#5778=CARTESIAN_POINT('',(29.25,-10.25,-0.5));
#5779=DIRECTION('',(-1.,0.,0.));
#5780=VECTOR('',#5779,6.5);
#5781=LINE('',#5778,#5780);
#5782=EDGE_CURVE('',#5707,#5754,#5781,.T.);
#5783=ORIENTED_EDGE('',*,*,#5782,.T.);
#5784=ORIENTED_EDGE('',*,*,#5759,.T.);
#5785=EDGE_LOOP('',(#5776,#5777,#5783,#5784));
#5786=FACE_BOUND('',#5785,.T.);
#5787=ADVANCED_FACE('',(#5786),#5775,.T.);
#5788=CARTESIAN_POINT('',(0.,0.,-0.5));
#5789=DIRECTION('',(0.,0.,1.));
#5790=DIRECTION('',(1.,0.,0.));
#5791=AXIS2_PLACEMENT_3D('',#5788,#5789,#5790);
#5792=PLANE('',#5791);
#5793=ORIENTED_EDGE('',*,*,#5712,.F.);
#5794=ORIENTED_EDGE('',*,*,#5741,.F.);
#5795=ORIENTED_EDGE('',*,*,#5765,.F.);
#5796=ORIENTED_EDGE('',*,*,#5782,.F.);
#5797=EDGE_LOOP('',(#5793,#5794,#5795,#5796));
#5798=FACE_BOUND('',#5797,.T.);
#5799=ADVANCED_FACE('',(#5798),#5792,.T.);
#5800=CLOSED_SHELL('',(#4547,#4753,#4793,#4833,#4873,#4913,#5053,#5077,#5099,#5123,#5142,#5161,#5180,#5199,#5221,#5243,#5265,#5277,#5289,#5301,#5313,#5335,#5347,#5364,#5381,#5398,
#5415,#5427,#5439,#5451,#5463,#5475,#5506,#5530,#5554,#5571,#5583,#5614,#5638,#5662,#5679,#5691,#5722,#5746,#5770,#5787,#5799));
#5801=MANIFOLD_SOLID_BREP('Camera Guard',#5800);
#4239=STYLED_ITEM('',(#1986),#5801);
#5803=CARTESIAN_POINT('',(10.322271824,-15.223223305,0.));
#5804=DIRECTION('',(0.,0.,-1.));
#5805=DIRECTION('',(-1.,0.,-0.));
#5806=AXIS2_PLACEMENT_3D('',#5803,#5804,#5805);
#5807=CYLINDRICAL_SURFACE('',#5806,2.5);
#5808=CARTESIAN_POINT('',(7.822271824,-15.223223305,-3.));
#5809=VERTEX_POINT('',#5808);
#5810=CARTESIAN_POINT('',(7.822271824,-15.223223305,-1.));
#5811=VERTEX_POINT('',#5810);
#5812=CARTESIAN_POINT('',(7.822271824,-15.223223305,-3.));
#5813=DIRECTION('',(-0.,-0.,1.));
#5814=VECTOR('',#5813,2.);
#5815=LINE('',#5812,#5814);
#5816=EDGE_CURVE('',#5809,#5811,#5815,.T.);
#5817=ORIENTED_EDGE('',*,*,#5816,.T.);
#5818=CARTESIAN_POINT('',(12.822271824,-15.223223305,-1.));
#5819=VERTEX_POINT('',#5818);
#5820=CARTESIAN_POINT('',(10.322271824,-15.223223305,-1.));
#5821=DIRECTION('',(-0.,0.,1.));
#5822=DIRECTION('',(1.,0.,0.));
#5823=AXIS2_PLACEMENT_3D('',#5820,#5821,#5822);
#5824=CIRCLE('',#5823,2.5);
#5825=EDGE_CURVE('',#5819,#5811,#5824,.T.);
#5826=ORIENTED_EDGE('',*,*,#5825,.F.);
#5827=CARTESIAN_POINT('',(12.822271824,-15.223223305,0.));
#5828=VERTEX_POINT('',#5827);
#5829=CARTESIAN_POINT('',(12.822271824,-15.223223305,-1.));
#5830=DIRECTION('',(-0.,0.,1.));
#5831=VECTOR('',#5830,1.);
#5832=LINE('',#5829,#5831);
#5833=EDGE_CURVE('',#5819,#5828,#5832,.T.);
#5834=ORIENTED_EDGE('',*,*,#5833,.T.);
#5835=CARTESIAN_POINT('',(10.322271824,-17.723223305,0.));
#5836=VERTEX_POINT('',#5835);
#5837=CARTESIAN_POINT('',(10.322271824,-15.223223305,0.));
#5838=DIRECTION('',(-0.,0.,1.));
#5839=DIRECTION('',(1.,0.,0.));
#5840=AXIS2_PLACEMENT_3D('',#5837,#5838,#5839);
#5841=CIRCLE('',#5840,2.5);
#5842=EDGE_CURVE('',#5836,#5828,#5841,.T.);
#5843=ORIENTED_EDGE('',*,*,#5842,.F.);
#5844=CARTESIAN_POINT('',(10.322271824,-17.723223305,-1.));
#5845=VERTEX_POINT('',#5844);
#5846=CARTESIAN_POINT('',(10.322271824,-17.723223305,-1.));
#5847=DIRECTION('',(-0.,0.,1.));
#5848=VECTOR('',#5847,1.);
#5849=LINE('',#5846,#5848);
#5850=EDGE_CURVE('',#5845,#5836,#5849,.T.);
#5851=ORIENTED_EDGE('',*,*,#5850,.F.);
#5852=CARTESIAN_POINT('',(10.322271824,-15.223223305,-1.));
#5853=DIRECTION('',(-0.,0.,1.));
#5854=DIRECTION('',(1.,0.,0.));
#5855=AXIS2_PLACEMENT_3D('',#5852,#5853,#5854);
#5856=CIRCLE('',#5855,2.5);
#5857=EDGE_CURVE('',#5811,#5845,#5856,.T.);
#5858=ORIENTED_EDGE('',*,*,#5857,.F.);
#5859=ORIENTED_EDGE('',*,*,#5816,.F.);
#5860=CARTESIAN_POINT('',(12.822271824,-15.223223305,-3.));
#5861=VERTEX_POINT('',#5860);
#5862=CARTESIAN_POINT('',(10.322271824,-15.223223305,-3.));
#5863=DIRECTION('',(-0.,0.,1.));
#5864=DIRECTION('',(1.,0.,0.));
#5865=AXIS2_PLACEMENT_3D('',#5862,#5863,#5864);
#5866=CIRCLE('',#5865,2.5);
#5867=EDGE_CURVE('',#5809,#5861,#5866,.T.);
#5868=ORIENTED_EDGE('',*,*,#5867,.T.);
#5869=CARTESIAN_POINT('',(10.322271824,-15.223223305,-3.));
#5870=DIRECTION('',(-0.,0.,1.));
#5871=DIRECTION('',(1.,0.,0.));
#5872=AXIS2_PLACEMENT_3D('',#5869,#5870,#5871);
#5873=CIRCLE('',#5872,2.5);
#5874=EDGE_CURVE('',#5861,#5809,#5873,.T.);
#5875=ORIENTED_EDGE('',*,*,#5874,.T.);
#5876=EDGE_LOOP('',(#5817,#5826,#5834,#5843,#5851,#5858,#5859,#5868,#5875));
#5877=FACE_BOUND('',#5876,.T.);
#5878=ADVANCED_FACE('',(#5877),#5807,.T.);
#5879=CARTESIAN_POINT('',(10.322271824,-15.223223305,0.));
#5880=DIRECTION('',(0.,0.,-1.));
#5881=DIRECTION('',(-1.,0.,-0.));
#5882=AXIS2_PLACEMENT_3D('',#5879,#5880,#5881);
#5883=CYLINDRICAL_SURFACE('',#5882,1.375);
#5884=CARTESIAN_POINT('',(8.947271824,-15.223223305,-3.));
#5885=VERTEX_POINT('',#5884);
#5886=CARTESIAN_POINT('',(8.947271824,-15.223223305,0.));
#5887=VERTEX_POINT('',#5886);
#5888=CARTESIAN_POINT('',(8.947271824,-15.223223305,-3.));
#5889=DIRECTION('',(-0.,-0.,1.));
#5890=VECTOR('',#5889,3.);
#5891=LINE('',#5888,#5890);
#5892=EDGE_CURVE('',#5885,#5887,#5891,.T.);
#5893=ORIENTED_EDGE('',*,*,#5892,.F.);
#5894=CARTESIAN_POINT('',(11.697271824,-15.223223305,-3.));
#5895=VERTEX_POINT('',#5894);
#5896=CARTESIAN_POINT('',(10.322271824,-15.223223305,-3.));
#5897=DIRECTION('',(0.,0.,-1.));
#5898=DIRECTION('',(1.,0.,0.));
#5899=AXIS2_PLACEMENT_3D('',#5896,#5897,#5898);
#5900=CIRCLE('',#5899,1.375);
#5901=EDGE_CURVE('',#5885,#5895,#5900,.T.);
#5902=ORIENTED_EDGE('',*,*,#5901,.T.);
#5903=CARTESIAN_POINT('',(10.322271824,-15.223223305,-3.));
#5904=DIRECTION('',(0.,0.,-1.));
#5905=DIRECTION('',(1.,0.,0.));
#5906=AXIS2_PLACEMENT_3D('',#5903,#5904,#5905);
#5907=CIRCLE('',#5906,1.375);
#5908=EDGE_CURVE('',#5895,#5885,#5907,.T.);
#5909=ORIENTED_EDGE('',*,*,#5908,.T.);
#5910=ORIENTED_EDGE('',*,*,#5892,.T.);
#5911=CARTESIAN_POINT('',(11.697271824,-15.223223305,0.));
#5912=VERTEX_POINT('',#5911);
#5913=CARTESIAN_POINT('',(10.322271824,-15.223223305,0.));
#5914=DIRECTION('',(0.,0.,-1.));
#5915=DIRECTION('',(1.,0.,0.));
#5916=AXIS2_PLACEMENT_3D('',#5913,#5914,#5915);
#5917=CIRCLE('',#5916,1.375);
#5918=EDGE_CURVE('',#5912,#5887,#5917,.T.);
#5919=ORIENTED_EDGE('',*,*,#5918,.F.);
#5920=CARTESIAN_POINT('',(10.322271824,-15.223223305,0.));
#5921=DIRECTION('',(0.,0.,-1.));
#5922=DIRECTION('',(1.,0.,0.));
#5923=AXIS2_PLACEMENT_3D('',#5920,#5921,#5922);
#5924=CIRCLE('',#5923,1.375);
#5925=EDGE_CURVE('',#5887,#5912,#5924,.T.);
#5926=ORIENTED_EDGE('',*,*,#5925,.F.);
#5927=EDGE_LOOP('',(#5893,#5902,#5909,#5910,#5919,#5926));
#5928=FACE_BOUND('',#5927,.T.);
#5929=ADVANCED_FACE('',(#5928),#5883,.F.);
#5930=CARTESIAN_POINT('',(0.,0.,-0.));
#5931=DIRECTION('',(-0.,0.,1.));
#5932=DIRECTION('',(1.,0.,0.));
#5933=AXIS2_PLACEMENT_3D('',#5930,#5931,#5932);
#5934=PLANE('',#5933);
#5935=ORIENTED_EDGE('',*,*,#5842,.T.);
#5936=CARTESIAN_POINT('',(12.822271824,-2.828679656,0.));
#5937=VERTEX_POINT('',#5936);
#5938=CARTESIAN_POINT('',(12.822271824,-2.828679656,0.));
#5939=DIRECTION('',(0.,-1.,0.));
#5940=VECTOR('',#5939,12.394543648);
#5941=LINE('',#5938,#5940);
#5942=EDGE_CURVE('',#5937,#5828,#5941,.T.);
#5943=ORIENTED_EDGE('',*,*,#5942,.F.);
#5944=CARTESIAN_POINT('',(10.322271824,-0.328679656,0.));
#5945=VERTEX_POINT('',#5944);
#5946=CARTESIAN_POINT('',(10.322271824,-2.828679656,0.));
#5947=DIRECTION('',(-0.,0.,1.));
#5948=DIRECTION('',(1.,0.,0.));
#5949=AXIS2_PLACEMENT_3D('',#5946,#5947,#5948);
#5950=CIRCLE('',#5949,2.5);
#5951=EDGE_CURVE('',#5937,#5945,#5950,.T.);
#5952=ORIENTED_EDGE('',*,*,#5951,.T.);
#5953=CARTESIAN_POINT('',(-10.322271824,-0.328679656,-0.));
#5954=VERTEX_POINT('',#5953);
#5955=CARTESIAN_POINT('',(-10.322271824,-0.328679656,-0.));
#5956=DIRECTION('',(1.,0.,0.));
#5957=VECTOR('',#5956,20.644543648);
#5958=LINE('',#5955,#5957);
#5959=EDGE_CURVE('',#5954,#5945,#5958,.T.);
#5960=ORIENTED_EDGE('',*,*,#5959,.F.);
#5961=CARTESIAN_POINT('',(-12.822271824,-2.828679656,-0.));
#5962=VERTEX_POINT('',#5961);
#5963=CARTESIAN_POINT('',(-10.322271824,-2.828679656,-0.));
#5964=DIRECTION('',(-0.,0.,1.));
#5965=DIRECTION('',(1.,0.,0.));
#5966=AXIS2_PLACEMENT_3D('',#5963,#5964,#5965);
#5967=CIRCLE('',#5966,2.5);
#5968=EDGE_CURVE('',#5954,#5962,#5967,.T.);
#5969=ORIENTED_EDGE('',*,*,#5968,.T.);
#5970=CARTESIAN_POINT('',(-12.822271824,-15.223223305,-0.));
#5971=VERTEX_POINT('',#5970);
#5972=CARTESIAN_POINT('',(-12.822271824,-15.223223305,-0.));
#5973=DIRECTION('',(0.,1.,0.));
#5974=VECTOR('',#5973,12.394543648);
#5975=LINE('',#5972,#5974);
#5976=EDGE_CURVE('',#5971,#5962,#5975,.T.);
#5977=ORIENTED_EDGE('',*,*,#5976,.F.);
#5978=CARTESIAN_POINT('',(-10.322271824,-17.723223305,-0.));
#5979=VERTEX_POINT('',#5978);
#5980=CARTESIAN_POINT('',(-10.322271824,-15.223223305,-0.));
#5981=DIRECTION('',(-0.,0.,1.));
#5982=DIRECTION('',(1.,0.,0.));
#5983=AXIS2_PLACEMENT_3D('',#5980,#5981,#5982);
#5984=CIRCLE('',#5983,2.5);
#5985=EDGE_CURVE('',#5971,#5979,#5984,.T.);
#5986=ORIENTED_EDGE('',*,*,#5985,.T.);
#5987=CARTESIAN_POINT('',(10.322271824,-17.723223305,0.));
#5988=DIRECTION('',(-1.,0.,-0.));
#5989=VECTOR('',#5988,20.644543648);
#5990=LINE('',#5987,#5989);
#5991=EDGE_CURVE('',#5836,#5979,#5990,.T.);
#5992=ORIENTED_EDGE('',*,*,#5991,.F.);
#5993=EDGE_LOOP('',(#5935,#5943,#5952,#5960,#5969,#5977,#5986,#5992));
#5994=FACE_BOUND('',#5993,.T.);
#5995=ORIENTED_EDGE('',*,*,#5918,.T.);
#5996=ORIENTED_EDGE('',*,*,#5925,.T.);
#5997=EDGE_LOOP('',(#5995,#5996));
#5998=FACE_BOUND('',#5997,.T.);
#5999=CARTESIAN_POINT('',(-8.947271824,-2.828679656,-0.));
#6000=VERTEX_POINT('',#5999);
#6001=CARTESIAN_POINT('',(-11.697271824,-2.828679656,-0.));
#6002=VERTEX_POINT('',#6001);
#6003=CARTESIAN_POINT('',(-10.322271824,-2.828679656,-0.));
#6004=DIRECTION('',(0.,0.,-1.));
#6005=DIRECTION('',(1.,0.,0.));
#6006=AXIS2_PLACEMENT_3D('',#6003,#6004,#6005);
#6007=CIRCLE('',#6006,1.375);
#6008=EDGE_CURVE('',#6000,#6002,#6007,.T.);
#6009=ORIENTED_EDGE('',*,*,#6008,.T.);
#6010=CARTESIAN_POINT('',(-10.322271824,-2.828679656,-0.));
#6011=DIRECTION('',(0.,0.,-1.));
#6012=DIRECTION('',(1.,0.,0.));
#6013=AXIS2_PLACEMENT_3D('',#6010,#6011,#6012);
#6014=CIRCLE('',#6013,1.375);
#6015=EDGE_CURVE('',#6002,#6000,#6014,.T.);
#6016=ORIENTED_EDGE('',*,*,#6015,.T.);
#6017=EDGE_LOOP('',(#6009,#6016));
#6018=FACE_BOUND('',#6017,.T.);
#6019=CARTESIAN_POINT('',(11.697271824,-2.828679656,0.));
#6020=VERTEX_POINT('',#6019);
#6021=CARTESIAN_POINT('',(8.947271824,-2.828679656,0.));
#6022=VERTEX_POINT('',#6021);
#6023=CARTESIAN_POINT('',(10.322271824,-2.828679656,0.));
#6024=DIRECTION('',(0.,0.,-1.));
#6025=DIRECTION('',(1.,0.,0.));
#6026=AXIS2_PLACEMENT_3D('',#6023,#6024,#6025);
#6027=CIRCLE('',#6026,1.375);
#6028=EDGE_CURVE('',#6020,#6022,#6027,.T.);
#6029=ORIENTED_EDGE('',*,*,#6028,.T.);
#6030=CARTESIAN_POINT('',(10.322271824,-2.828679656,0.));
#6031=DIRECTION('',(0.,0.,-1.));
#6032=DIRECTION('',(1.,0.,0.));
#6033=AXIS2_PLACEMENT_3D('',#6030,#6031,#6032);
#6034=CIRCLE('',#6033,1.375);
#6035=EDGE_CURVE('',#6022,#6020,#6034,.T.);
#6036=ORIENTED_EDGE('',*,*,#6035,.T.);
#6037=EDGE_LOOP('',(#6029,#6036));
#6038=FACE_BOUND('',#6037,.T.);
#6039=CARTESIAN_POINT('',(-8.947271824,-15.223223305,-0.));
#6040=VERTEX_POINT('',#6039);
#6041=CARTESIAN_POINT('',(-11.697271824,-15.223223305,-0.));
#6042=VERTEX_POINT('',#6041);
#6043=CARTESIAN_POINT('',(-10.322271824,-15.223223305,-0.));
#6044=DIRECTION('',(0.,0.,-1.));
#6045=DIRECTION('',(1.,0.,0.));
#6046=AXIS2_PLACEMENT_3D('',#6043,#6044,#6045);
#6047=CIRCLE('',#6046,1.375);
#6048=EDGE_CURVE('',#6040,#6042,#6047,.T.);
#6049=ORIENTED_EDGE('',*,*,#6048,.T.);
#6050=CARTESIAN_POINT('',(-10.322271824,-15.223223305,-0.));
#6051=DIRECTION('',(0.,0.,-1.));
#6052=DIRECTION('',(1.,0.,0.));
#6053=AXIS2_PLACEMENT_3D('',#6050,#6051,#6052);
#6054=CIRCLE('',#6053,1.375);
#6055=EDGE_CURVE('',#6042,#6040,#6054,.T.);
#6056=ORIENTED_EDGE('',*,*,#6055,.T.);
#6057=EDGE_LOOP('',(#6049,#6056));
#6058=FACE_BOUND('',#6057,.T.);
#6059=ADVANCED_FACE('',(#5994,#5998,#6018,#6038,#6058),#5934,.T.);
#6060=CARTESIAN_POINT('',(0.,0.,-3.));
#6061=DIRECTION('',(-0.,0.,1.));
#6062=DIRECTION('',(1.,0.,0.));
#6063=AXIS2_PLACEMENT_3D('',#6060,#6061,#6062);
#6064=PLANE('',#6063);
#6065=ORIENTED_EDGE('',*,*,#5867,.F.);
#6066=ORIENTED_EDGE('',*,*,#5874,.F.);
#6067=EDGE_LOOP('',(#6065,#6066));
#6068=FACE_BOUND('',#6067,.T.);
#6069=ORIENTED_EDGE('',*,*,#5901,.F.);
#6070=ORIENTED_EDGE('',*,*,#5908,.F.);
#6071=EDGE_LOOP('',(#6069,#6070));
#6072=FACE_BOUND('',#6071,.T.);
#6073=ADVANCED_FACE('',(#6068,#6072),#6064,.F.);
#6074=CARTESIAN_POINT('',(-10.322271824,-2.828679656,-0.));
#6075=DIRECTION('',(0.,0.,-1.));
#6076=DIRECTION('',(-1.,0.,-0.));
#6077=AXIS2_PLACEMENT_3D('',#6074,#6075,#6076);
#6078=CYLINDRICAL_SURFACE('',#6077,2.5);
#6079=CARTESIAN_POINT('',(-12.822271824,-2.828679656,-3.));
#6080=VERTEX_POINT('',#6079);
#6081=CARTESIAN_POINT('',(-12.822271824,-2.828679656,-1.));
#6082=VERTEX_POINT('',#6081);
#6083=CARTESIAN_POINT('',(-12.822271824,-2.828679656,-3.));
#6084=DIRECTION('',(-0.,-0.,1.));
#6085=VECTOR('',#6084,2.);
#6086=LINE('',#6083,#6085);
#6087=EDGE_CURVE('',#6080,#6082,#6086,.T.);
#6088=ORIENTED_EDGE('',*,*,#6087,.T.);
#6089=CARTESIAN_POINT('',(-12.822271824,-2.828679656,-1.));
#6090=DIRECTION('',(-0.,0.,1.));
#6091=VECTOR('',#6090,1.);
#6092=LINE('',#6089,#6091);
#6093=EDGE_CURVE('',#6082,#5962,#6092,.T.);
#6094=ORIENTED_EDGE('',*,*,#6093,.T.);
#6095=ORIENTED_EDGE('',*,*,#5968,.F.);
#6096=CARTESIAN_POINT('',(-10.322271824,-0.328679656,-1.));
#6097=VERTEX_POINT('',#6096);
#6098=CARTESIAN_POINT('',(-10.322271824,-0.328679656,-1.));
#6099=DIRECTION('',(-0.,0.,1.));
#6100=VECTOR('',#6099,1.);
#6101=LINE('',#6098,#6100);
#6102=EDGE_CURVE('',#6097,#5954,#6101,.T.);
#6103=ORIENTED_EDGE('',*,*,#6102,.F.);
#6104=CARTESIAN_POINT('',(-10.322271824,-2.828679656,-1.));
#6105=DIRECTION('',(-0.,0.,1.));
#6106=DIRECTION('',(1.,0.,0.));
#6107=AXIS2_PLACEMENT_3D('',#6104,#6105,#6106);
#6108=CIRCLE('',#6107,2.5);
#6109=EDGE_CURVE('',#6082,#6097,#6108,.T.);
#6110=ORIENTED_EDGE('',*,*,#6109,.F.);
#6111=ORIENTED_EDGE('',*,*,#6087,.F.);
#6112=CARTESIAN_POINT('',(-7.822271824,-2.828679656,-3.));
#6113=VERTEX_POINT('',#6112);
#6114=CARTESIAN_POINT('',(-10.322271824,-2.828679656,-3.));
#6115=DIRECTION('',(-0.,0.,1.));
#6116=DIRECTION('',(1.,0.,0.));
#6117=AXIS2_PLACEMENT_3D('',#6114,#6115,#6116);
#6118=CIRCLE('',#6117,2.5);
#6119=EDGE_CURVE('',#6080,#6113,#6118,.T.);
#6120=ORIENTED_EDGE('',*,*,#6119,.T.);
#6121=CARTESIAN_POINT('',(-10.322271824,-2.828679656,-3.));
#6122=DIRECTION('',(-0.,0.,1.));
#6123=DIRECTION('',(1.,0.,0.));
#6124=AXIS2_PLACEMENT_3D('',#6121,#6122,#6123);
#6125=CIRCLE('',#6124,2.5);
#6126=EDGE_CURVE('',#6113,#6080,#6125,.T.);
#6127=ORIENTED_EDGE('',*,*,#6126,.T.);
#6128=EDGE_LOOP('',(#6088,#6094,#6095,#6103,#6110,#6111,#6120,#6127));
#6129=FACE_BOUND('',#6128,.T.);
#6130=ADVANCED_FACE('',(#6129),#6078,.T.);
#6131=CARTESIAN_POINT('',(-10.322271824,-2.828679656,-0.));
#6132=DIRECTION('',(0.,0.,-1.));
#6133=DIRECTION('',(-1.,0.,-0.));
#6134=AXIS2_PLACEMENT_3D('',#6131,#6132,#6133);
#6135=CYLINDRICAL_SURFACE('',#6134,1.375);
#6136=CARTESIAN_POINT('',(-11.697271824,-2.828679656,-3.));
#6137=VERTEX_POINT('',#6136);
#6138=CARTESIAN_POINT('',(-11.697271824,-2.828679656,-3.));
#6139=DIRECTION('',(-0.,-0.,1.));
#6140=VECTOR('',#6139,3.);
#6141=LINE('',#6138,#6140);
#6142=EDGE_CURVE('',#6137,#6002,#6141,.T.);
#6143=ORIENTED_EDGE('',*,*,#6142,.F.);
#6144=CARTESIAN_POINT('',(-8.947271824,-2.828679656,-3.));
#6145=VERTEX_POINT('',#6144);
#6146=CARTESIAN_POINT('',(-10.322271824,-2.828679656,-3.));
#6147=DIRECTION('',(0.,0.,-1.));
#6148=DIRECTION('',(1.,0.,0.));
#6149=AXIS2_PLACEMENT_3D('',#6146,#6147,#6148);
#6150=CIRCLE('',#6149,1.375);
#6151=EDGE_CURVE('',#6137,#6145,#6150,.T.);
#6152=ORIENTED_EDGE('',*,*,#6151,.T.);
#6153=CARTESIAN_POINT('',(-10.322271824,-2.828679656,-3.));
#6154=DIRECTION('',(0.,0.,-1.));
#6155=DIRECTION('',(1.,0.,0.));
#6156=AXIS2_PLACEMENT_3D('',#6153,#6154,#6155);
#6157=CIRCLE('',#6156,1.375);
#6158=EDGE_CURVE('',#6145,#6137,#6157,.T.);
#6159=ORIENTED_EDGE('',*,*,#6158,.T.);
#6160=ORIENTED_EDGE('',*,*,#6142,.T.);
#6161=ORIENTED_EDGE('',*,*,#6008,.F.);
#6162=ORIENTED_EDGE('',*,*,#6015,.F.);
#6163=EDGE_LOOP('',(#6143,#6152,#6159,#6160,#6161,#6162));
#6164=FACE_BOUND('',#6163,.T.);
#6165=ADVANCED_FACE('',(#6164),#6135,.F.);
#6166=CARTESIAN_POINT('',(0.,0.,-3.));
#6167=DIRECTION('',(-0.,0.,1.));
#6168=DIRECTION('',(1.,0.,0.));
#6169=AXIS2_PLACEMENT_3D('',#6166,#6167,#6168);
#6170=PLANE('',#6169);
#6171=ORIENTED_EDGE('',*,*,#6119,.F.);
#6172=ORIENTED_EDGE('',*,*,#6126,.F.);
#6173=EDGE_LOOP('',(#6171,#6172));
#6174=FACE_BOUND('',#6173,.T.);
#6175=ORIENTED_EDGE('',*,*,#6151,.F.);
#6176=ORIENTED_EDGE('',*,*,#6158,.F.);
#6177=EDGE_LOOP('',(#6175,#6176));
#6178=FACE_BOUND('',#6177,.T.);
#6179=ADVANCED_FACE('',(#6174,#6178),#6170,.F.);
#6180=CARTESIAN_POINT('',(10.322271824,-2.828679656,0.));
#6181=DIRECTION('',(0.,0.,-1.));
#6182=DIRECTION('',(-1.,0.,-0.));
#6183=AXIS2_PLACEMENT_3D('',#6180,#6181,#6182);
#6184=CYLINDRICAL_SURFACE('',#6183,2.5);
#6185=CARTESIAN_POINT('',(7.822271824,-2.828679656,-3.));
#6186=VERTEX_POINT('',#6185);
#6187=CARTESIAN_POINT('',(7.822271824,-2.828679656,-1.));
#6188=VERTEX_POINT('',#6187);
#6189=CARTESIAN_POINT('',(7.822271824,-2.828679656,-3.));
#6190=DIRECTION('',(-0.,-0.,1.));
#6191=VECTOR('',#6190,2.);
#6192=LINE('',#6189,#6191);
#6193=EDGE_CURVE('',#6186,#6188,#6192,.T.);
#6194=ORIENTED_EDGE('',*,*,#6193,.T.);
#6195=CARTESIAN_POINT('',(10.322271824,-0.328679656,-1.));
#6196=VERTEX_POINT('',#6195);
#6197=CARTESIAN_POINT('',(10.322271824,-2.828679656,-1.));
#6198=DIRECTION('',(-0.,0.,1.));
#6199=DIRECTION('',(1.,0.,0.));
#6200=AXIS2_PLACEMENT_3D('',#6197,#6198,#6199);
#6201=CIRCLE('',#6200,2.5);
#6202=EDGE_CURVE('',#6196,#6188,#6201,.T.);
#6203=ORIENTED_EDGE('',*,*,#6202,.F.);
#6204=CARTESIAN_POINT('',(10.322271824,-0.328679656,-1.));
#6205=DIRECTION('',(-0.,0.,1.));
#6206=VECTOR('',#6205,1.);
#6207=LINE('',#6204,#6206);
#6208=EDGE_CURVE('',#6196,#5945,#6207,.T.);
#6209=ORIENTED_EDGE('',*,*,#6208,.T.);
#6210=ORIENTED_EDGE('',*,*,#5951,.F.);
#6211=CARTESIAN_POINT('',(12.822271824,-2.828679656,-1.));
#6212=VERTEX_POINT('',#6211);
#6213=CARTESIAN_POINT('',(12.822271824,-2.828679656,-1.));
#6214=DIRECTION('',(-0.,0.,1.));
#6215=VECTOR('',#6214,1.);
#6216=LINE('',#6213,#6215);
#6217=EDGE_CURVE('',#6212,#5937,#6216,.T.);
#6218=ORIENTED_EDGE('',*,*,#6217,.F.);
#6219=CARTESIAN_POINT('',(10.322271824,-2.828679656,-1.));
#6220=DIRECTION('',(-0.,0.,1.));
#6221=DIRECTION('',(1.,0.,0.));
#6222=AXIS2_PLACEMENT_3D('',#6219,#6220,#6221);
#6223=CIRCLE('',#6222,2.5);
#6224=EDGE_CURVE('',#6188,#6212,#6223,.T.);
#6225=ORIENTED_EDGE('',*,*,#6224,.F.);
#6226=ORIENTED_EDGE('',*,*,#6193,.F.);
#6227=CARTESIAN_POINT('',(12.822271824,-2.828679656,-3.));
#6228=VERTEX_POINT('',#6227);
#6229=CARTESIAN_POINT('',(10.322271824,-2.828679656,-3.));
#6230=DIRECTION('',(-0.,0.,1.));
#6231=DIRECTION('',(1.,0.,0.));
#6232=AXIS2_PLACEMENT_3D('',#6229,#6230,#6231);
#6233=CIRCLE('',#6232,2.5);
#6234=EDGE_CURVE('',#6186,#6228,#6233,.T.);
#6235=ORIENTED_EDGE('',*,*,#6234,.T.);
#6236=CARTESIAN_POINT('',(10.322271824,-2.828679656,-3.));
#6237=DIRECTION('',(-0.,0.,1.));
#6238=DIRECTION('',(1.,0.,0.));
#6239=AXIS2_PLACEMENT_3D('',#6236,#6237,#6238);
#6240=CIRCLE('',#6239,2.5);
#6241=EDGE_CURVE('',#6228,#6186,#6240,.T.);
#6242=ORIENTED_EDGE('',*,*,#6241,.T.);
#6243=EDGE_LOOP('',(#6194,#6203,#6209,#6210,#6218,#6225,#6226,#6235,#6242));
#6244=FACE_BOUND('',#6243,.T.);
#6245=ADVANCED_FACE('',(#6244),#6184,.T.);
#6246=CARTESIAN_POINT('',(10.322271824,-2.828679656,0.));
#6247=DIRECTION('',(0.,0.,-1.));
#6248=DIRECTION('',(-1.,0.,-0.));
#6249=AXIS2_PLACEMENT_3D('',#6246,#6247,#6248);
#6250=CYLINDRICAL_SURFACE('',#6249,1.375);
#6251=CARTESIAN_POINT('',(8.947271824,-2.828679656,-3.));
#6252=VERTEX_POINT('',#6251);
#6253=CARTESIAN_POINT('',(8.947271824,-2.828679656,-3.));
#6254=DIRECTION('',(-0.,-0.,1.));
#6255=VECTOR('',#6254,3.);
#6256=LINE('',#6253,#6255);
#6257=EDGE_CURVE('',#6252,#6022,#6256,.T.);
#6258=ORIENTED_EDGE('',*,*,#6257,.F.);
#6259=CARTESIAN_POINT('',(11.697271824,-2.828679656,-3.));
#6260=VERTEX_POINT('',#6259);
#6261=CARTESIAN_POINT('',(10.322271824,-2.828679656,-3.));
#6262=DIRECTION('',(0.,0.,-1.));
#6263=DIRECTION('',(1.,0.,0.));
#6264=AXIS2_PLACEMENT_3D('',#6261,#6262,#6263);
#6265=CIRCLE('',#6264,1.375);
#6266=EDGE_CURVE('',#6252,#6260,#6265,.T.);
#6267=ORIENTED_EDGE('',*,*,#6266,.T.);
#6268=CARTESIAN_POINT('',(10.322271824,-2.828679656,-3.));
#6269=DIRECTION('',(0.,0.,-1.));
#6270=DIRECTION('',(1.,0.,0.));
#6271=AXIS2_PLACEMENT_3D('',#6268,#6269,#6270);
#6272=CIRCLE('',#6271,1.375);
#6273=EDGE_CURVE('',#6260,#6252,#6272,.T.);
#6274=ORIENTED_EDGE('',*,*,#6273,.T.);
#6275=ORIENTED_EDGE('',*,*,#6257,.T.);
#6276=ORIENTED_EDGE('',*,*,#6028,.F.);
#6277=ORIENTED_EDGE('',*,*,#6035,.F.);
#6278=EDGE_LOOP('',(#6258,#6267,#6274,#6275,#6276,#6277));
#6279=FACE_BOUND('',#6278,.T.);
#6280=ADVANCED_FACE('',(#6279),#6250,.F.);
#6281=CARTESIAN_POINT('',(0.,0.,-3.));
#6282=DIRECTION('',(-0.,0.,1.));
#6283=DIRECTION('',(1.,0.,0.));
#6284=AXIS2_PLACEMENT_3D('',#6281,#6282,#6283);
#6285=PLANE('',#6284);
#6286=ORIENTED_EDGE('',*,*,#6234,.F.);
#6287=ORIENTED_EDGE('',*,*,#6241,.F.);
#6288=EDGE_LOOP('',(#6286,#6287));
#6289=FACE_BOUND('',#6288,.T.);
#6290=ORIENTED_EDGE('',*,*,#6266,.F.);
#6291=ORIENTED_EDGE('',*,*,#6273,.F.);
#6292=EDGE_LOOP('',(#6290,#6291));
#6293=FACE_BOUND('',#6292,.T.);
#6294=ADVANCED_FACE('',(#6289,#6293),#6285,.F.);
#6295=CARTESIAN_POINT('',(-10.322271824,-15.223223305,-0.));
#6296=DIRECTION('',(0.,0.,-1.));
#6297=DIRECTION('',(-1.,0.,-0.));
#6298=AXIS2_PLACEMENT_3D('',#6295,#6296,#6297);
#6299=CYLINDRICAL_SURFACE('',#6298,2.5);
#6300=CARTESIAN_POINT('',(-12.822271824,-15.223223305,-3.));
#6301=VERTEX_POINT('',#6300);
#6302=CARTESIAN_POINT('',(-12.822271824,-15.223223305,-1.));
#6303=VERTEX_POINT('',#6302);
#6304=CARTESIAN_POINT('',(-12.822271824,-15.223223305,-3.));
#6305=DIRECTION('',(-0.,-0.,1.));
#6306=VECTOR('',#6305,2.);
#6307=LINE('',#6304,#6306);
#6308=EDGE_CURVE('',#6301,#6303,#6307,.T.);
#6309=ORIENTED_EDGE('',*,*,#6308,.T.);
#6310=CARTESIAN_POINT('',(-10.322271824,-17.723223305,-1.));
#6311=VERTEX_POINT('',#6310);
#6312=CARTESIAN_POINT('',(-10.322271824,-15.223223305,-1.));
#6313=DIRECTION('',(-0.,0.,1.));
#6314=DIRECTION('',(1.,0.,0.));
#6315=AXIS2_PLACEMENT_3D('',#6312,#6313,#6314);
#6316=CIRCLE('',#6315,2.5);
#6317=EDGE_CURVE('',#6311,#6303,#6316,.T.);
#6318=ORIENTED_EDGE('',*,*,#6317,.F.);
#6319=CARTESIAN_POINT('',(-10.322271824,-17.723223305,-1.));
#6320=DIRECTION('',(-0.,0.,1.));
#6321=VECTOR('',#6320,1.);
#6322=LINE('',#6319,#6321);
#6323=EDGE_CURVE('',#6311,#5979,#6322,.T.);
#6324=ORIENTED_EDGE('',*,*,#6323,.T.);
#6325=ORIENTED_EDGE('',*,*,#5985,.F.);
#6326=CARTESIAN_POINT('',(-12.822271824,-15.223223305,-1.));
#6327=DIRECTION('',(-0.,0.,1.));
#6328=VECTOR('',#6327,1.);
#6329=LINE('',#6326,#6328);
#6330=EDGE_CURVE('',#6303,#5971,#6329,.T.);
#6331=ORIENTED_EDGE('',*,*,#6330,.F.);
#6332=ORIENTED_EDGE('',*,*,#6308,.F.);
#6333=CARTESIAN_POINT('',(-7.822271824,-15.223223305,-3.));
#6334=VERTEX_POINT('',#6333);
#6335=CARTESIAN_POINT('',(-10.322271824,-15.223223305,-3.));
#6336=DIRECTION('',(-0.,0.,1.));
#6337=DIRECTION('',(1.,0.,0.));
#6338=AXIS2_PLACEMENT_3D('',#6335,#6336,#6337);
#6339=CIRCLE('',#6338,2.5);
#6340=EDGE_CURVE('',#6301,#6334,#6339,.T.);
#6341=ORIENTED_EDGE('',*,*,#6340,.T.);
#6342=CARTESIAN_POINT('',(-10.322271824,-15.223223305,-3.));
#6343=DIRECTION('',(-0.,0.,1.));
#6344=DIRECTION('',(1.,0.,0.));
#6345=AXIS2_PLACEMENT_3D('',#6342,#6343,#6344);
#6346=CIRCLE('',#6345,2.5);
#6347=EDGE_CURVE('',#6334,#6301,#6346,.T.);
#6348=ORIENTED_EDGE('',*,*,#6347,.T.);
#6349=EDGE_LOOP('',(#6309,#6318,#6324,#6325,#6331,#6332,#6341,#6348));
#6350=FACE_BOUND('',#6349,.T.);
#6351=ADVANCED_FACE('',(#6350),#6299,.T.);
#6352=CARTESIAN_POINT('',(-10.322271824,-15.223223305,-0.));
#6353=DIRECTION('',(0.,0.,-1.));
#6354=DIRECTION('',(-1.,0.,-0.));
#6355=AXIS2_PLACEMENT_3D('',#6352,#6353,#6354);
#6356=CYLINDRICAL_SURFACE('',#6355,1.375);
#6357=CARTESIAN_POINT('',(-11.697271824,-15.223223305,-3.));
#6358=VERTEX_POINT('',#6357);
#6359=CARTESIAN_POINT('',(-11.697271824,-15.223223305,-3.));
#6360=DIRECTION('',(-0.,-0.,1.));
#6361=VECTOR('',#6360,3.);
#6362=LINE('',#6359,#6361);
#6363=EDGE_CURVE('',#6358,#6042,#6362,.T.);
#6364=ORIENTED_EDGE('',*,*,#6363,.F.);
#6365=CARTESIAN_POINT('',(-8.947271824,-15.223223305,-3.));
#6366=VERTEX_POINT('',#6365);
#6367=CARTESIAN_POINT('',(-10.322271824,-15.223223305,-3.));
#6368=DIRECTION('',(0.,0.,-1.));
#6369=DIRECTION('',(1.,0.,0.));
#6370=AXIS2_PLACEMENT_3D('',#6367,#6368,#6369);
#6371=CIRCLE('',#6370,1.375);
#6372=EDGE_CURVE('',#6358,#6366,#6371,.T.);
#6373=ORIENTED_EDGE('',*,*,#6372,.T.);
#6374=CARTESIAN_POINT('',(-10.322271824,-15.223223305,-3.));
#6375=DIRECTION('',(0.,0.,-1.));
#6376=DIRECTION('',(1.,0.,0.));
#6377=AXIS2_PLACEMENT_3D('',#6374,#6375,#6376);
#6378=CIRCLE('',#6377,1.375);
#6379=EDGE_CURVE('',#6366,#6358,#6378,.T.);
#6380=ORIENTED_EDGE('',*,*,#6379,.T.);
#6381=ORIENTED_EDGE('',*,*,#6363,.T.);
#6382=ORIENTED_EDGE('',*,*,#6048,.F.);
#6383=ORIENTED_EDGE('',*,*,#6055,.F.);
#6384=EDGE_LOOP('',(#6364,#6373,#6380,#6381,#6382,#6383));
#6385=FACE_BOUND('',#6384,.T.);
#6386=ADVANCED_FACE('',(#6385),#6356,.F.);
#6387=CARTESIAN_POINT('',(0.,0.,-3.));
#6388=DIRECTION('',(-0.,0.,1.));
#6389=DIRECTION('',(1.,0.,0.));
#6390=AXIS2_PLACEMENT_3D('',#6387,#6388,#6389);
#6391=PLANE('',#6390);
#6392=ORIENTED_EDGE('',*,*,#6340,.F.);
#6393=ORIENTED_EDGE('',*,*,#6347,.F.);
#6394=EDGE_LOOP('',(#6392,#6393));
#6395=FACE_BOUND('',#6394,.T.);
#6396=ORIENTED_EDGE('',*,*,#6372,.F.);
#6397=ORIENTED_EDGE('',*,*,#6379,.F.);
#6398=EDGE_LOOP('',(#6396,#6397));
#6399=FACE_BOUND('',#6398,.T.);
#6400=ADVANCED_FACE('',(#6395,#6399),#6391,.F.);
#6401=CARTESIAN_POINT('',(0.,-0.328679656,-1.));
#6402=DIRECTION('',(0.,-1.,0.));
#6403=DIRECTION('',(-0.,0.,1.));
#6404=AXIS2_PLACEMENT_3D('',#6401,#6402,#6403);
#6405=PLANE('',#6404);
#6406=ORIENTED_EDGE('',*,*,#5959,.T.);
#6407=ORIENTED_EDGE('',*,*,#6208,.F.);
#6408=CARTESIAN_POINT('',(-10.322271824,-0.328679656,-1.));
#6409=DIRECTION('',(1.,0.,0.));
#6410=VECTOR('',#6409,20.644543648);
#6411=LINE('',#6408,#6410);
#6412=EDGE_CURVE('',#6097,#6196,#6411,.T.);
#6413=ORIENTED_EDGE('',*,*,#6412,.F.);
#6414=ORIENTED_EDGE('',*,*,#6102,.T.);
#6415=EDGE_LOOP('',(#6406,#6407,#6413,#6414));
#6416=FACE_BOUND('',#6415,.T.);
#6417=ADVANCED_FACE('',(#6416),#6405,.F.);
#6418=CARTESIAN_POINT('',(-12.822271824,-9.025951481,-1.));
#6419=DIRECTION('',(1.,0.,0.));
#6420=DIRECTION('',(0.,0.,-1.));
#6421=AXIS2_PLACEMENT_3D('',#6418,#6419,#6420);
#6422=PLANE('',#6421);
#6423=ORIENTED_EDGE('',*,*,#5976,.T.);
#6424=ORIENTED_EDGE('',*,*,#6093,.F.);
#6425=CARTESIAN_POINT('',(-12.822271824,-15.223223305,-1.));
#6426=DIRECTION('',(0.,1.,0.));
#6427=VECTOR('',#6426,12.394543648);
#6428=LINE('',#6425,#6427);
#6429=EDGE_CURVE('',#6303,#6082,#6428,.T.);
#6430=ORIENTED_EDGE('',*,*,#6429,.F.);
#6431=ORIENTED_EDGE('',*,*,#6330,.T.);
#6432=EDGE_LOOP('',(#6423,#6424,#6430,#6431));
#6433=FACE_BOUND('',#6432,.T.);
#6434=ADVANCED_FACE('',(#6433),#6422,.F.);
#6435=CARTESIAN_POINT('',(0.,-17.723223305,-1.));
#6436=DIRECTION('',(0.,1.,0.));
#6437=DIRECTION('',(0.,0.,-1.));
#6438=AXIS2_PLACEMENT_3D('',#6435,#6436,#6437);
#6439=PLANE('',#6438);
#6440=ORIENTED_EDGE('',*,*,#5991,.T.);
#6441=ORIENTED_EDGE('',*,*,#6323,.F.);
#6442=CARTESIAN_POINT('',(10.322271824,-17.723223305,-1.));
#6443=DIRECTION('',(-1.,0.,-0.));
#6444=VECTOR('',#6443,20.644543648);
#6445=LINE('',#6442,#6444);
#6446=EDGE_CURVE('',#5845,#6311,#6445,.T.);
#6447=ORIENTED_EDGE('',*,*,#6446,.F.);
#6448=ORIENTED_EDGE('',*,*,#5850,.T.);
#6449=EDGE_LOOP('',(#6440,#6441,#6447,#6448));
#6450=FACE_BOUND('',#6449,.T.);
#6451=ADVANCED_FACE('',(#6450),#6439,.F.);
#6452=CARTESIAN_POINT('',(12.822271824,-9.025951481,-1.));
#6453=DIRECTION('',(-1.,0.,-0.));
#6454=DIRECTION('',(-0.,0.,1.));
#6455=AXIS2_PLACEMENT_3D('',#6452,#6453,#6454);
#6456=PLANE('',#6455);
#6457=ORIENTED_EDGE('',*,*,#5942,.T.);
#6458=ORIENTED_EDGE('',*,*,#5833,.F.);
#6459=CARTESIAN_POINT('',(12.822271824,-2.828679656,-1.));
#6460=DIRECTION('',(0.,-1.,0.));
#6461=VECTOR('',#6460,12.394543648);
#6462=LINE('',#6459,#6461);
#6463=EDGE_CURVE('',#6212,#5819,#6462,.T.);
#6464=ORIENTED_EDGE('',*,*,#6463,.F.);
#6465=ORIENTED_EDGE('',*,*,#6217,.T.);
#6466=EDGE_LOOP('',(#6457,#6458,#6464,#6465));
#6467=FACE_BOUND('',#6466,.T.);
#6468=ADVANCED_FACE('',(#6467),#6456,.F.);
#6469=CARTESIAN_POINT('',(0.,0.,-1.));
#6470=DIRECTION('',(-0.,0.,1.));
#6471=DIRECTION('',(1.,0.,0.));
#6472=AXIS2_PLACEMENT_3D('',#6469,#6470,#6471);
#6473=PLANE('',#6472);
#6474=ORIENTED_EDGE('',*,*,#6202,.T.);
#6475=ORIENTED_EDGE('',*,*,#6224,.T.);
#6476=ORIENTED_EDGE('',*,*,#6463,.T.);
#6477=ORIENTED_EDGE('',*,*,#5825,.T.);
#6478=ORIENTED_EDGE('',*,*,#5857,.T.);
#6479=ORIENTED_EDGE('',*,*,#6446,.T.);
#6480=ORIENTED_EDGE('',*,*,#6317,.T.);
#6481=ORIENTED_EDGE('',*,*,#6429,.T.);
#6482=ORIENTED_EDGE('',*,*,#6109,.T.);
#6483=ORIENTED_EDGE('',*,*,#6412,.T.);
#6484=EDGE_LOOP('',(#6474,#6475,#6476,#6477,#6478,#6479,#6480,#6481,#6482,#6483));
#6485=FACE_BOUND('',#6484,.T.);
#6486=ADVANCED_FACE('',(#6485),#6473,.F.);
#6487=CLOSED_SHELL('',(#5878,#5929,#6059,#6073,#6130,#6165,#6179,#6245,#6280,#6294,#6351,#6386,#6400,#6417,#6434,#6451,#6468,#6486));
#6488=MANIFOLD_SOLID_BREP('Cam Spacer',#6487);
#5802=STYLED_ITEM('',(#1986),#6488);
#6490=CARTESIAN_POINT('',(-0.,31.599048519,37.));
#6491=DIRECTION('',(-0.,1.,0.));
#6492=DIRECTION('',(-1.,-0.,0.));
#6493=AXIS2_PLACEMENT_3D('',#6490,#6491,#6492);
#6494=PLANE('',#6493);
#6495=CARTESIAN_POINT('',(27.375,31.599048519,39.));
#6496=VERTEX_POINT('',#6495);
#6497=CARTESIAN_POINT('',(-0.,31.599048519,39.));
#6498=VERTEX_POINT('',#6497);
#6499=CARTESIAN_POINT('',(27.375,31.599048519,39.));
#6500=DIRECTION('',(-1.,-0.,0.));
#6501=VECTOR('',#6500,27.375);
#6502=LINE('',#6499,#6501);
#6503=EDGE_CURVE('',#6496,#6498,#6502,.T.);
#6504=ORIENTED_EDGE('',*,*,#6503,.F.);
#6505=CARTESIAN_POINT('',(28.375,31.599048519,40.));
#6506=VERTEX_POINT('',#6505);
#6507=CARTESIAN_POINT('',(27.375,31.599048519,40.));
#6508=DIRECTION('',(0.,-1.,-0.));
#6509=DIRECTION('',(-1.,-0.,0.));
#6510=AXIS2_PLACEMENT_3D('',#6507,#6508,#6509);
#6511=CIRCLE('',#6510,1.);
#6512=EDGE_CURVE('',#6496,#6506,#6511,.T.);
#6513=ORIENTED_EDGE('',*,*,#6512,.T.);
#6514=CARTESIAN_POINT('',(-0.,31.599048519,40.));
#6515=VERTEX_POINT('',#6514);
#6516=CARTESIAN_POINT('',(28.375,31.599048519,40.));
#6517=DIRECTION('',(-1.,-0.,0.));
#6518=VECTOR('',#6517,28.375);
#6519=LINE('',#6516,#6518);
#6520=EDGE_CURVE('',#6506,#6515,#6519,.T.);
#6521=ORIENTED_EDGE('',*,*,#6520,.T.);
#6522=CARTESIAN_POINT('',(-0.,31.599048519,40.));
#6523=DIRECTION('',(0.,0.,-1.));
#6524=VECTOR('',#6523,1.);
#6525=LINE('',#6522,#6524);
#6526=EDGE_CURVE('',#6515,#6498,#6525,.T.);
#6527=ORIENTED_EDGE('',*,*,#6526,.T.);
#6528=EDGE_LOOP('',(#6504,#6513,#6521,#6527));
#6529=FACE_BOUND('',#6528,.T.);
#6530=ADVANCED_FACE('',(#6529),#6494,.F.);
#6531=CARTESIAN_POINT('',(26.875,-42.650951481,41.));
#6532=DIRECTION('',(0.,-1.,0.));
#6533=DIRECTION('',(0.,0.,-1.));
#6534=AXIS2_PLACEMENT_3D('',#6531,#6532,#6533);
#6535=PLANE('',#6534);
#6536=CARTESIAN_POINT('',(28.375,-42.650951481,42.));
#6537=VERTEX_POINT('',#6536);
#6538=CARTESIAN_POINT('',(28.375,-42.650951481,33.));
#6539=VERTEX_POINT('',#6538);
#6540=CARTESIAN_POINT('',(28.375,-42.650951481,42.));
#6541=DIRECTION('',(0.,0.,-1.));
#6542=VECTOR('',#6541,9.);
#6543=LINE('',#6540,#6542);
#6544=EDGE_CURVE('',#6537,#6539,#6543,.T.);
#6545=ORIENTED_EDGE('',*,*,#6544,.T.);
#6546=CARTESIAN_POINT('',(27.375,-42.650951481,32.));
#6547=VERTEX_POINT('',#6546);
#6548=CARTESIAN_POINT('',(27.375,-42.650951481,33.));
#6549=DIRECTION('',(-0.,1.,-0.));
#6550=DIRECTION('',(0.,0.,-1.));
#6551=AXIS2_PLACEMENT_3D('',#6548,#6549,#6550);
#6552=CIRCLE('',#6551,1.);
#6553=EDGE_CURVE('',#6539,#6547,#6552,.T.);
#6554=ORIENTED_EDGE('',*,*,#6553,.T.);
#6555=CARTESIAN_POINT('',(25.375,-42.650951481,32.));
#6556=VERTEX_POINT('',#6555);
#6557=CARTESIAN_POINT('',(27.375,-42.650951481,32.));
#6558=DIRECTION('',(-1.,0.,0.));
#6559=VECTOR('',#6558,2.);
#6560=LINE('',#6557,#6559);
#6561=EDGE_CURVE('',#6547,#6556,#6560,.T.);
#6562=ORIENTED_EDGE('',*,*,#6561,.T.);
#6563=CARTESIAN_POINT('',(25.375,-42.650951481,40.));
#6564=VERTEX_POINT('',#6563);
#6565=CARTESIAN_POINT('',(25.375,-42.650951481,40.));
#6566=DIRECTION('',(0.,0.,-1.));
#6567=VECTOR('',#6566,8.);
#6568=LINE('',#6565,#6567);
#6569=EDGE_CURVE('',#6564,#6556,#6568,.T.);
#6570=ORIENTED_EDGE('',*,*,#6569,.F.);
#6571=CARTESIAN_POINT('',(23.375,-42.650951481,42.));
#6572=VERTEX_POINT('',#6571);
#6573=CARTESIAN_POINT('',(23.375,-42.650951481,40.));
#6574=DIRECTION('',(0.,-1.,0.));
#6575=DIRECTION('',(0.,0.,-1.));
#6576=AXIS2_PLACEMENT_3D('',#6573,#6574,#6575);
#6577=CIRCLE('',#6576,2.);
#6578=EDGE_CURVE('',#6564,#6572,#6577,.T.);
#6579=ORIENTED_EDGE('',*,*,#6578,.T.);
#6580=CARTESIAN_POINT('',(28.375,-42.650951481,42.));
#6581=DIRECTION('',(-1.,0.,0.));
#6582=VECTOR('',#6581,5.);
#6583=LINE('',#6580,#6582);
#6584=EDGE_CURVE('',#6537,#6572,#6583,.T.);
#6585=ORIENTED_EDGE('',*,*,#6584,.F.);
#6586=EDGE_LOOP('',(#6545,#6554,#6562,#6570,#6579,#6585));
#6587=FACE_BOUND('',#6586,.T.);
#6588=ADVANCED_FACE('',(#6587),#6535,.F.);
#6589=CARTESIAN_POINT('',(28.375,1.849048519,37.));
#6590=DIRECTION('',(-1.,-0.,0.));
#6591=DIRECTION('',(0.,-1.,0.));
#6592=AXIS2_PLACEMENT_3D('',#6589,#6590,#6591);
#6593=PLANE('',#6592);
#6594=CARTESIAN_POINT('',(28.375,29.599048519,42.));
#6595=VERTEX_POINT('',#6594);
#6596=CARTESIAN_POINT('',(28.375,29.599048519,40.));
#6597=DIRECTION('',(-1.,-0.,0.));
#6598=DIRECTION('',(0.,-1.,0.));
#6599=AXIS2_PLACEMENT_3D('',#6596,#6597,#6598);
#6600=CIRCLE('',#6599,2.);
#6601=EDGE_CURVE('',#6595,#6506,#6600,.T.);
#6602=ORIENTED_EDGE('',*,*,#6601,.T.);
#6603=CARTESIAN_POINT('',(28.375,33.599048519,40.));
#6604=VERTEX_POINT('',#6603);
#6605=CARTESIAN_POINT('',(28.375,31.599048519,40.));
#6606=DIRECTION('',(-0.,1.,-0.));
#6607=VECTOR('',#6606,2.);
#6608=LINE('',#6605,#6607);
#6609=EDGE_CURVE('',#6506,#6604,#6608,.T.);
#6610=ORIENTED_EDGE('',*,*,#6609,.T.);
#6611=CARTESIAN_POINT('',(28.375,33.599048519,42.));
#6612=VERTEX_POINT('',#6611);
#6613=CARTESIAN_POINT('',(28.375,33.599048519,40.));
#6614=DIRECTION('',(-0.,-0.,1.));
#6615=VECTOR('',#6614,2.);
#6616=LINE('',#6613,#6615);
#6617=EDGE_CURVE('',#6604,#6612,#6616,.T.);
#6618=ORIENTED_EDGE('',*,*,#6617,.T.);
#6619=CARTESIAN_POINT('',(28.375,33.599048519,42.));
#6620=DIRECTION('',(0.,-1.,0.));
#6621=VECTOR('',#6620,4.);
#6622=LINE('',#6619,#6621);
#6623=EDGE_CURVE('',#6612,#6595,#6622,.T.);
#6624=ORIENTED_EDGE('',*,*,#6623,.T.);
#6625=EDGE_LOOP('',(#6602,#6610,#6618,#6624));
#6626=FACE_BOUND('',#6625,.T.);
#6627=ADVANCED_FACE('',(#6626),#6593,.F.);
#6628=CARTESIAN_POINT('',(0.,0.,32.));
#6629=DIRECTION('',(0.,0.,1.));
#6630=DIRECTION('',(1.,0.,0.));
#6631=AXIS2_PLACEMENT_3D('',#6628,#6629,#6630);
#6632=PLANE('',#6631);
#6633=CARTESIAN_POINT('',(27.375,-51.650951481,32.));
#6634=VERTEX_POINT('',#6633);
#6635=CARTESIAN_POINT('',(27.375,-42.650951481,32.));
#6636=DIRECTION('',(0.,-1.,0.));
#6637=VECTOR('',#6636,9.);
#6638=LINE('',#6635,#6637);
#6639=EDGE_CURVE('',#6547,#6634,#6638,.T.);
#6640=ORIENTED_EDGE('',*,*,#6639,.T.);
#6641=CARTESIAN_POINT('',(25.375,-51.650951481,32.));
#6642=VERTEX_POINT('',#6641);
#6643=CARTESIAN_POINT('',(27.375,-51.650951481,32.));
#6644=DIRECTION('',(-1.,-0.,0.));
#6645=VECTOR('',#6644,2.);
#6646=LINE('',#6643,#6645);
#6647=EDGE_CURVE('',#6634,#6642,#6646,.T.);
#6648=ORIENTED_EDGE('',*,*,#6647,.T.);
#6649=CARTESIAN_POINT('',(25.375,-51.650951481,32.));
#6650=DIRECTION('',(-0.,1.,0.));
#6651=VECTOR('',#6650,9.);
#6652=LINE('',#6649,#6651);
#6653=EDGE_CURVE('',#6642,#6556,#6652,.T.);
#6654=ORIENTED_EDGE('',*,*,#6653,.T.);
#6655=ORIENTED_EDGE('',*,*,#6561,.F.);
#6656=EDGE_LOOP('',(#6640,#6648,#6654,#6655));
#6657=FACE_BOUND('',#6656,.T.);
#6658=ADVANCED_FACE('',(#6657),#6632,.F.);
#6659=CARTESIAN_POINT('',(0.,0.,39.));
#6660=DIRECTION('',(0.,0.,1.));
#6661=DIRECTION('',(1.,0.,0.));
#6662=AXIS2_PLACEMENT_3D('',#6659,#6660,#6661);
#6663=PLANE('',#6662);
#6664=CARTESIAN_POINT('',(0.,33.599048519,39.));
#6665=VERTEX_POINT('',#6664);
#6666=CARTESIAN_POINT('',(27.375,33.599048519,39.));
#6667=VERTEX_POINT('',#6666);
#6668=CARTESIAN_POINT('',(0.,33.599048519,39.));
#6669=DIRECTION('',(1.,0.,-0.));
#6670=VECTOR('',#6669,27.375);
#6671=LINE('',#6668,#6670);
#6672=EDGE_CURVE('',#6665,#6667,#6671,.T.);
#6673=ORIENTED_EDGE('',*,*,#6672,.T.);
#6674=CARTESIAN_POINT('',(27.375,33.599048519,39.));
#6675=DIRECTION('',(0.,-1.,0.));
#6676=VECTOR('',#6675,2.);
#6677=LINE('',#6674,#6676);
#6678=EDGE_CURVE('',#6667,#6496,#6677,.T.);
#6679=ORIENTED_EDGE('',*,*,#6678,.T.);
#6680=ORIENTED_EDGE('',*,*,#6503,.T.);
#6681=CARTESIAN_POINT('',(0.,31.599048519,39.));
#6682=DIRECTION('',(-0.,1.,0.));
#6683=VECTOR('',#6682,2.);
#6684=LINE('',#6681,#6683);
#6685=EDGE_CURVE('',#6498,#6665,#6684,.T.);
#6686=ORIENTED_EDGE('',*,*,#6685,.T.);
#6687=EDGE_LOOP('',(#6673,#6679,#6680,#6686));
#6688=FACE_BOUND('',#6687,.T.);
#6689=ADVANCED_FACE('',(#6688),#6663,.F.);
#6690=CARTESIAN_POINT('',(0.,0.,42.));
#6691=DIRECTION('',(0.,0.,1.));
#6692=DIRECTION('',(1.,0.,0.));
#6693=AXIS2_PLACEMENT_3D('',#6690,#6691,#6692);
#6694=PLANE('',#6693);
#6695=CARTESIAN_POINT('',(1.3276,-23.119289586,42.));
#6696=VERTEX_POINT('',#6695);
#6697=CARTESIAN_POINT('',(4.3276,-23.119289586,42.));
#6698=VERTEX_POINT('',#6697);
#6699=CARTESIAN_POINT('',(1.3276,-23.119289586,42.));
#6700=DIRECTION('',(1.,0.,0.));
#6701=VECTOR('',#6700,3.);
#6702=LINE('',#6699,#6701);
#6703=EDGE_CURVE('',#6696,#6698,#6702,.T.);
#6704=ORIENTED_EDGE('',*,*,#6703,.T.);
#6705=CARTESIAN_POINT('',(5.8276,-20.521213375,42.));
#6706=VERTEX_POINT('',#6705);
#6707=CARTESIAN_POINT('',(4.3276,-23.119289586,42.));
#6708=DIRECTION('',(0.5,0.866025404,0.));
#6709=VECTOR('',#6708,3.);
#6710=LINE('',#6707,#6709);
#6711=EDGE_CURVE('',#6698,#6706,#6710,.T.);
#6712=ORIENTED_EDGE('',*,*,#6711,.T.);
#6713=CARTESIAN_POINT('',(4.3276,-17.923137164,42.));
#6714=VERTEX_POINT('',#6713);
#6715=CARTESIAN_POINT('',(5.8276,-20.521213375,42.));
#6716=DIRECTION('',(-0.5,0.866025404,0.));
#6717=VECTOR('',#6716,3.);
#6718=LINE('',#6715,#6717);
#6719=EDGE_CURVE('',#6706,#6714,#6718,.T.);
#6720=ORIENTED_EDGE('',*,*,#6719,.T.);
#6721=CARTESIAN_POINT('',(1.3276,-17.923137164,42.));
#6722=VERTEX_POINT('',#6721);
#6723=CARTESIAN_POINT('',(4.3276,-17.923137164,42.));
#6724=DIRECTION('',(-1.,0.,0.));
#6725=VECTOR('',#6724,3.);
#6726=LINE('',#6723,#6725);
#6727=EDGE_CURVE('',#6714,#6722,#6726,.T.);
#6728=ORIENTED_EDGE('',*,*,#6727,.T.);
#6729=CARTESIAN_POINT('',(-0.1724,-20.521213375,42.));
#6730=VERTEX_POINT('',#6729);
#6731=CARTESIAN_POINT('',(1.3276,-17.923137164,42.));
#6732=DIRECTION('',(-0.5,-0.866025404,0.));
#6733=VECTOR('',#6732,3.);
#6734=LINE('',#6731,#6733);
#6735=EDGE_CURVE('',#6722,#6730,#6734,.T.);
#6736=ORIENTED_EDGE('',*,*,#6735,.T.);
#6737=CARTESIAN_POINT('',(-0.1724,-20.521213375,42.));
#6738=DIRECTION('',(0.5,-0.866025404,0.));
#6739=VECTOR('',#6738,3.);
#6740=LINE('',#6737,#6739);
#6741=EDGE_CURVE('',#6730,#6696,#6740,.T.);
#6742=ORIENTED_EDGE('',*,*,#6741,.T.);
#6743=EDGE_LOOP('',(#6704,#6712,#6720,#6728,#6736,#6742));
#6744=FACE_BOUND('',#6743,.T.);
#6745=CARTESIAN_POINT('',(-9.9828,4.469310414,42.));
#6746=VERTEX_POINT('',#6745);
#6747=CARTESIAN_POINT('',(-6.9828,4.469310414,42.));
#6748=VERTEX_POINT('',#6747);
#6749=CARTESIAN_POINT('',(-9.9828,4.469310414,42.));
#6750=DIRECTION('',(1.,0.,0.));
#6751=VECTOR('',#6750,3.);
#6752=LINE('',#6749,#6751);
#6753=EDGE_CURVE('',#6746,#6748,#6752,.T.);
#6754=ORIENTED_EDGE('',*,*,#6753,.T.);
#6755=CARTESIAN_POINT('',(-5.4828,7.067386625,42.));
#6756=VERTEX_POINT('',#6755);
#6757=CARTESIAN_POINT('',(-6.9828,4.469310414,42.));
#6758=DIRECTION('',(0.5,0.866025404,0.));
#6759=VECTOR('',#6758,3.);
#6760=LINE('',#6757,#6759);
#6761=EDGE_CURVE('',#6748,#6756,#6760,.T.);
#6762=ORIENTED_EDGE('',*,*,#6761,.T.);
#6763=CARTESIAN_POINT('',(-6.9828,9.665462836,42.));
#6764=VERTEX_POINT('',#6763);
#6765=CARTESIAN_POINT('',(-5.4828,7.067386625,42.));
#6766=DIRECTION('',(-0.5,0.866025404,0.));
#6767=VECTOR('',#6766,3.);
#6768=LINE('',#6765,#6767);
#6769=EDGE_CURVE('',#6756,#6764,#6768,.T.);
#6770=ORIENTED_EDGE('',*,*,#6769,.T.);
#6771=CARTESIAN_POINT('',(-9.9828,9.665462836,42.));
#6772=VERTEX_POINT('',#6771);
#6773=CARTESIAN_POINT('',(-6.9828,9.665462836,42.));
#6774=DIRECTION('',(-1.,0.,0.));
#6775=VECTOR('',#6774,3.);
#6776=LINE('',#6773,#6775);
#6777=EDGE_CURVE('',#6764,#6772,#6776,.T.);
#6778=ORIENTED_EDGE('',*,*,#6777,.T.);
#6779=CARTESIAN_POINT('',(-11.4828,7.067386625,42.));
#6780=VERTEX_POINT('',#6779);
#6781=CARTESIAN_POINT('',(-9.9828,9.665462836,42.));
#6782=DIRECTION('',(-0.5,-0.866025404,0.));
#6783=VECTOR('',#6782,3.);
#6784=LINE('',#6781,#6783);
#6785=EDGE_CURVE('',#6772,#6780,#6784,.T.);
#6786=ORIENTED_EDGE('',*,*,#6785,.T.);
#6787=CARTESIAN_POINT('',(-11.4828,7.067386625,42.));
#6788=DIRECTION('',(0.5,-0.866025404,0.));
#6789=VECTOR('',#6788,3.);
#6790=LINE('',#6787,#6789);
#6791=EDGE_CURVE('',#6780,#6746,#6790,.T.);
#6792=ORIENTED_EDGE('',*,*,#6791,.T.);
#6793=EDGE_LOOP('',(#6754,#6762,#6770,#6778,#6786,#6792));
#6794=FACE_BOUND('',#6793,.T.);
#6795=CARTESIAN_POINT('',(6.9828,-36.913565798,42.));
#6796=VERTEX_POINT('',#6795);
#6797=CARTESIAN_POINT('',(9.9828,-36.913565798,42.));
#6798=VERTEX_POINT('',#6797);
#6799=CARTESIAN_POINT('',(6.9828,-36.913565798,42.));
#6800=DIRECTION('',(1.,0.,0.));
#6801=VECTOR('',#6800,3.);
#6802=LINE('',#6799,#6801);
#6803=EDGE_CURVE('',#6796,#6798,#6802,.T.);
#6804=ORIENTED_EDGE('',*,*,#6803,.T.);
#6805=CARTESIAN_POINT('',(11.4828,-34.315489586,42.));
#6806=VERTEX_POINT('',#6805);
#6807=CARTESIAN_POINT('',(9.9828,-36.913565798,42.));
#6808=DIRECTION('',(0.5,0.866025404,0.));
#6809=VECTOR('',#6808,3.);
#6810=LINE('',#6807,#6809);
#6811=EDGE_CURVE('',#6798,#6806,#6810,.T.);
#6812=ORIENTED_EDGE('',*,*,#6811,.T.);
#6813=CARTESIAN_POINT('',(9.9828,-31.717413375,42.));
#6814=VERTEX_POINT('',#6813);
#6815=CARTESIAN_POINT('',(11.4828,-34.315489586,42.));
#6816=DIRECTION('',(-0.5,0.866025404,0.));
#6817=VECTOR('',#6816,3.);
#6818=LINE('',#6815,#6817);
#6819=EDGE_CURVE('',#6806,#6814,#6818,.T.);
#6820=ORIENTED_EDGE('',*,*,#6819,.T.);
#6821=CARTESIAN_POINT('',(6.9828,-31.717413375,42.));
#6822=VERTEX_POINT('',#6821);
#6823=CARTESIAN_POINT('',(9.9828,-31.717413375,42.));
#6824=DIRECTION('',(-1.,0.,0.));
#6825=VECTOR('',#6824,3.);
#6826=LINE('',#6823,#6825);
#6827=EDGE_CURVE('',#6814,#6822,#6826,.T.);
#6828=ORIENTED_EDGE('',*,*,#6827,.T.);
#6829=CARTESIAN_POINT('',(5.4828,-34.315489586,42.));
#6830=VERTEX_POINT('',#6829);
#6831=CARTESIAN_POINT('',(6.9828,-31.717413375,42.));
#6832=DIRECTION('',(-0.5,-0.866025404,0.));
#6833=VECTOR('',#6832,3.);
#6834=LINE('',#6831,#6833);
#6835=EDGE_CURVE('',#6822,#6830,#6834,.T.);
#6836=ORIENTED_EDGE('',*,*,#6835,.T.);
#6837=CARTESIAN_POINT('',(5.4828,-34.315489586,42.));
#6838=DIRECTION('',(0.5,-0.866025404,0.));
#6839=VECTOR('',#6838,3.);
#6840=LINE('',#6837,#6839);
#6841=EDGE_CURVE('',#6830,#6796,#6840,.T.);
#6842=ORIENTED_EDGE('',*,*,#6841,.T.);
#6843=EDGE_LOOP('',(#6804,#6812,#6820,#6828,#6836,#6842));
#6844=FACE_BOUND('',#6843,.T.);
#6845=CARTESIAN_POINT('',(-9.9828,13.665510414,42.));
#6846=VERTEX_POINT('',#6845);
#6847=CARTESIAN_POINT('',(-6.9828,13.665510414,42.));
#6848=VERTEX_POINT('',#6847);
#6849=CARTESIAN_POINT('',(-9.9828,13.665510414,42.));
#6850=DIRECTION('',(1.,0.,0.));
#6851=VECTOR('',#6850,3.);
#6852=LINE('',#6849,#6851);
#6853=EDGE_CURVE('',#6846,#6848,#6852,.T.);
#6854=ORIENTED_EDGE('',*,*,#6853,.T.);
#6855=CARTESIAN_POINT('',(-5.4828,16.263586625,42.));
#6856=VERTEX_POINT('',#6855);
#6857=CARTESIAN_POINT('',(-6.9828,13.665510414,42.));
#6858=DIRECTION('',(0.5,0.866025404,0.));
#6859=VECTOR('',#6858,3.);
#6860=LINE('',#6857,#6859);
#6861=EDGE_CURVE('',#6848,#6856,#6860,.T.);
#6862=ORIENTED_EDGE('',*,*,#6861,.T.);
#6863=CARTESIAN_POINT('',(-6.9828,18.861662836,42.));
#6864=VERTEX_POINT('',#6863);
#6865=CARTESIAN_POINT('',(-5.4828,16.263586625,42.));
#6866=DIRECTION('',(-0.5,0.866025404,0.));
#6867=VECTOR('',#6866,3.);
#6868=LINE('',#6865,#6867);
#6869=EDGE_CURVE('',#6856,#6864,#6868,.T.);
#6870=ORIENTED_EDGE('',*,*,#6869,.T.);
#6871=CARTESIAN_POINT('',(-9.9828,18.861662836,42.));
#6872=VERTEX_POINT('',#6871);
#6873=CARTESIAN_POINT('',(-6.9828,18.861662836,42.));
#6874=DIRECTION('',(-1.,0.,0.));
#6875=VECTOR('',#6874,3.);
#6876=LINE('',#6873,#6875);
#6877=EDGE_CURVE('',#6864,#6872,#6876,.T.);
#6878=ORIENTED_EDGE('',*,*,#6877,.T.);
#6879=CARTESIAN_POINT('',(-11.4828,16.263586625,42.));
#6880=VERTEX_POINT('',#6879);
#6881=CARTESIAN_POINT('',(-9.9828,18.861662836,42.));
#6882=DIRECTION('',(-0.5,-0.866025404,0.));
#6883=VECTOR('',#6882,3.);
#6884=LINE('',#6881,#6883);
#6885=EDGE_CURVE('',#6872,#6880,#6884,.T.);
#6886=ORIENTED_EDGE('',*,*,#6885,.T.);
#6887=CARTESIAN_POINT('',(-11.4828,16.263586625,42.));
#6888=DIRECTION('',(0.5,-0.866025404,0.));
#6889=VECTOR('',#6888,3.);
#6890=LINE('',#6887,#6889);
#6891=EDGE_CURVE('',#6880,#6846,#6890,.T.);
#6892=ORIENTED_EDGE('',*,*,#6891,.T.);
#6893=EDGE_LOOP('',(#6854,#6862,#6870,#6878,#6886,#6892));
#6894=FACE_BOUND('',#6893,.T.);
#6895=CARTESIAN_POINT('',(1.3276,-4.726889586,42.));
#6896=VERTEX_POINT('',#6895);
#6897=CARTESIAN_POINT('',(4.3276,-4.726889586,42.));
#6898=VERTEX_POINT('',#6897);
#6899=CARTESIAN_POINT('',(1.3276,-4.726889586,42.));
#6900=DIRECTION('',(1.,0.,0.));
#6901=VECTOR('',#6900,3.);
#6902=LINE('',#6899,#6901);
#6903=EDGE_CURVE('',#6896,#6898,#6902,.T.);
#6904=ORIENTED_EDGE('',*,*,#6903,.T.);
#6905=CARTESIAN_POINT('',(5.8276,-2.128813375,42.));
#6906=VERTEX_POINT('',#6905);
#6907=CARTESIAN_POINT('',(4.3276,-4.726889586,42.));
#6908=DIRECTION('',(0.5,0.866025404,0.));
#6909=VECTOR('',#6908,3.);
#6910=LINE('',#6907,#6909);
#6911=EDGE_CURVE('',#6898,#6906,#6910,.T.);
#6912=ORIENTED_EDGE('',*,*,#6911,.T.);
#6913=CARTESIAN_POINT('',(4.3276,0.469262836,42.));
#6914=VERTEX_POINT('',#6913);
#6915=CARTESIAN_POINT('',(5.8276,-2.128813375,42.));
#6916=DIRECTION('',(-0.5,0.866025404,0.));
#6917=VECTOR('',#6916,3.);
#6918=LINE('',#6915,#6917);
#6919=EDGE_CURVE('',#6906,#6914,#6918,.T.);
#6920=ORIENTED_EDGE('',*,*,#6919,.T.);
#6921=CARTESIAN_POINT('',(1.3276,0.469262836,42.));
#6922=VERTEX_POINT('',#6921);
#6923=CARTESIAN_POINT('',(4.3276,0.469262836,42.));
#6924=DIRECTION('',(-1.,0.,0.));
#6925=VECTOR('',#6924,3.);
#6926=LINE('',#6923,#6925);
#6927=EDGE_CURVE('',#6914,#6922,#6926,.T.);
#6928=ORIENTED_EDGE('',*,*,#6927,.T.);
#6929=CARTESIAN_POINT('',(-0.1724,-2.128813375,42.));
#6930=VERTEX_POINT('',#6929);
#6931=CARTESIAN_POINT('',(1.3276,0.469262836,42.));
#6932=DIRECTION('',(-0.5,-0.866025404,0.));
#6933=VECTOR('',#6932,3.);
#6934=LINE('',#6931,#6933);
#6935=EDGE_CURVE('',#6922,#6930,#6934,.T.);
#6936=ORIENTED_EDGE('',*,*,#6935,.T.);
#6937=CARTESIAN_POINT('',(-0.1724,-2.128813375,42.));
#6938=DIRECTION('',(0.5,-0.866025404,0.));
#6939=VECTOR('',#6938,3.);
#6940=LINE('',#6937,#6939);
#6941=EDGE_CURVE('',#6930,#6896,#6940,.T.);
#6942=ORIENTED_EDGE('',*,*,#6941,.T.);
#6943=EDGE_LOOP('',(#6904,#6912,#6920,#6928,#6936,#6942));
#6944=FACE_BOUND('',#6943,.T.);
#6945=CARTESIAN_POINT('',(12.638,4.469310414,42.));
#6946=VERTEX_POINT('',#6945);
#6947=CARTESIAN_POINT('',(15.638,4.469310414,42.));
#6948=VERTEX_POINT('',#6947);
#6949=CARTESIAN_POINT('',(12.638,4.469310414,42.));
#6950=DIRECTION('',(1.,0.,0.));
#6951=VECTOR('',#6950,3.);
#6952=LINE('',#6949,#6951);
#6953=EDGE_CURVE('',#6946,#6948,#6952,.T.);
#6954=ORIENTED_EDGE('',*,*,#6953,.T.);
#6955=CARTESIAN_POINT('',(17.138,7.067386625,42.));
#6956=VERTEX_POINT('',#6955);
#6957=CARTESIAN_POINT('',(15.638,4.469310414,42.));
#6958=DIRECTION('',(0.5,0.866025404,0.));
#6959=VECTOR('',#6958,3.);
#6960=LINE('',#6957,#6959);
#6961=EDGE_CURVE('',#6948,#6956,#6960,.T.);
#6962=ORIENTED_EDGE('',*,*,#6961,.T.);
#6963=CARTESIAN_POINT('',(15.638,9.665462836,42.));
#6964=VERTEX_POINT('',#6963);
#6965=CARTESIAN_POINT('',(17.138,7.067386625,42.));
#6966=DIRECTION('',(-0.5,0.866025404,0.));
#6967=VECTOR('',#6966,3.);
#6968=LINE('',#6965,#6967);
#6969=EDGE_CURVE('',#6956,#6964,#6968,.T.);
#6970=ORIENTED_EDGE('',*,*,#6969,.T.);
#6971=CARTESIAN_POINT('',(12.638,9.665462836,42.));
#6972=VERTEX_POINT('',#6971);
#6973=CARTESIAN_POINT('',(15.638,9.665462836,42.));
#6974=DIRECTION('',(-1.,0.,0.));
#6975=VECTOR('',#6974,3.);
#6976=LINE('',#6973,#6975);
#6977=EDGE_CURVE('',#6964,#6972,#6976,.T.);
#6978=ORIENTED_EDGE('',*,*,#6977,.T.);
#6979=CARTESIAN_POINT('',(11.138,7.067386625,42.));
#6980=VERTEX_POINT('',#6979);
#6981=CARTESIAN_POINT('',(12.638,9.665462836,42.));
#6982=DIRECTION('',(-0.5,-0.866025404,0.));
#6983=VECTOR('',#6982,3.);
#6984=LINE('',#6981,#6983);
#6985=EDGE_CURVE('',#6972,#6980,#6984,.T.);
#6986=ORIENTED_EDGE('',*,*,#6985,.T.);
#6987=CARTESIAN_POINT('',(11.138,7.067386625,42.));
#6988=DIRECTION('',(0.5,-0.866025404,0.));
#6989=VECTOR('',#6988,3.);
#6990=LINE('',#6987,#6989);
#6991=EDGE_CURVE('',#6980,#6946,#6990,.T.);
#6992=ORIENTED_EDGE('',*,*,#6991,.T.);
#6993=EDGE_LOOP('',(#6954,#6962,#6970,#6978,#6986,#6992));
#6994=FACE_BOUND('',#6993,.T.);
#6995=CARTESIAN_POINT('',(-15.638,-36.913565798,42.));
#6996=VERTEX_POINT('',#6995);
#6997=CARTESIAN_POINT('',(-12.638,-36.913565798,42.));
#6998=VERTEX_POINT('',#6997);
#6999=CARTESIAN_POINT('',(-15.638,-36.913565798,42.));
#7000=DIRECTION('',(1.,0.,0.));
#7001=VECTOR('',#7000,3.);
#7002=LINE('',#6999,#7001);
#7003=EDGE_CURVE('',#6996,#6998,#7002,.T.);
#7004=ORIENTED_EDGE('',*,*,#7003,.T.);
#7005=CARTESIAN_POINT('',(-11.138,-34.315489586,42.));
#7006=VERTEX_POINT('',#7005);
#7007=CARTESIAN_POINT('',(-12.638,-36.913565798,42.));
#7008=DIRECTION('',(0.5,0.866025404,0.));
#7009=VECTOR('',#7008,3.);
#7010=LINE('',#7007,#7009);
#7011=EDGE_CURVE('',#6998,#7006,#7010,.T.);
#7012=ORIENTED_EDGE('',*,*,#7011,.T.);
#7013=CARTESIAN_POINT('',(-12.638,-31.717413375,42.));
#7014=VERTEX_POINT('',#7013);
#7015=CARTESIAN_POINT('',(-11.138,-34.315489586,42.));
#7016=DIRECTION('',(-0.5,0.866025404,0.));
#7017=VECTOR('',#7016,3.);
#7018=LINE('',#7015,#7017);
#7019=EDGE_CURVE('',#7006,#7014,#7018,.T.);
#7020=ORIENTED_EDGE('',*,*,#7019,.T.);
#7021=CARTESIAN_POINT('',(-15.638,-31.717413375,42.));
#7022=VERTEX_POINT('',#7021);
#7023=CARTESIAN_POINT('',(-12.638,-31.717413375,42.));
#7024=DIRECTION('',(-1.,0.,0.));
#7025=VECTOR('',#7024,3.);
#7026=LINE('',#7023,#7025);
#7027=EDGE_CURVE('',#7014,#7022,#7026,.T.);
#7028=ORIENTED_EDGE('',*,*,#7027,.T.);
#7029=CARTESIAN_POINT('',(-17.138,-34.315489586,42.));
#7030=VERTEX_POINT('',#7029);
#7031=CARTESIAN_POINT('',(-15.638,-31.717413375,42.));
#7032=DIRECTION('',(-0.5,-0.866025404,0.));
#7033=VECTOR('',#7032,3.);
#7034=LINE('',#7031,#7033);
#7035=EDGE_CURVE('',#7022,#7030,#7034,.T.);
#7036=ORIENTED_EDGE('',*,*,#7035,.T.);
#7037=CARTESIAN_POINT('',(-17.138,-34.315489586,42.));
#7038=DIRECTION('',(0.5,-0.866025404,0.));
#7039=VECTOR('',#7038,3.);
#7040=LINE('',#7037,#7039);
#7041=EDGE_CURVE('',#7030,#6996,#7040,.T.);
#7042=ORIENTED_EDGE('',*,*,#7041,.T.);
#7043=EDGE_LOOP('',(#7004,#7012,#7020,#7028,#7036,#7042));
#7044=FACE_BOUND('',#7043,.T.);
#7045=CARTESIAN_POINT('',(-21.2932,-13.923089586,42.));
#7046=VERTEX_POINT('',#7045);
#7047=CARTESIAN_POINT('',(-18.2932,-13.923089586,42.));
#7048=VERTEX_POINT('',#7047);
#7049=CARTESIAN_POINT('',(-21.2932,-13.923089586,42.));
#7050=DIRECTION('',(1.,0.,0.));
#7051=VECTOR('',#7050,3.);
#7052=LINE('',#7049,#7051);
#7053=EDGE_CURVE('',#7046,#7048,#7052,.T.);
#7054=ORIENTED_EDGE('',*,*,#7053,.T.);
#7055=CARTESIAN_POINT('',(-16.7932,-11.325013375,42.));
#7056=VERTEX_POINT('',#7055);
#7057=CARTESIAN_POINT('',(-18.2932,-13.923089586,42.));
#7058=DIRECTION('',(0.5,0.866025404,0.));
#7059=VECTOR('',#7058,3.);
#7060=LINE('',#7057,#7059);
#7061=EDGE_CURVE('',#7048,#7056,#7060,.T.);
#7062=ORIENTED_EDGE('',*,*,#7061,.T.);
#7063=CARTESIAN_POINT('',(-18.2932,-8.726937164,42.));
#7064=VERTEX_POINT('',#7063);
#7065=CARTESIAN_POINT('',(-16.7932,-11.325013375,42.));
#7066=DIRECTION('',(-0.5,0.866025404,0.));
#7067=VECTOR('',#7066,3.);
#7068=LINE('',#7065,#7067);
#7069=EDGE_CURVE('',#7056,#7064,#7068,.T.);
#7070=ORIENTED_EDGE('',*,*,#7069,.T.);
#7071=CARTESIAN_POINT('',(-21.2932,-8.726937164,42.));
#7072=VERTEX_POINT('',#7071);
#7073=CARTESIAN_POINT('',(-18.2932,-8.726937164,42.));
#7074=DIRECTION('',(-1.,0.,0.));
#7075=VECTOR('',#7074,3.);
#7076=LINE('',#7073,#7075);
#7077=EDGE_CURVE('',#7064,#7072,#7076,.T.);
#7078=ORIENTED_EDGE('',*,*,#7077,.T.);
#7079=CARTESIAN_POINT('',(-22.7932,-11.325013375,42.));
#7080=VERTEX_POINT('',#7079);
#7081=CARTESIAN_POINT('',(-21.2932,-8.726937164,42.));
#7082=DIRECTION('',(-0.5,-0.866025404,0.));
#7083=VECTOR('',#7082,3.);
#7084=LINE('',#7081,#7083);
#7085=EDGE_CURVE('',#7072,#7080,#7084,.T.);
#7086=ORIENTED_EDGE('',*,*,#7085,.T.);
#7087=CARTESIAN_POINT('',(-22.7932,-11.325013375,42.));
#7088=DIRECTION('',(0.5,-0.866025404,0.));
#7089=VECTOR('',#7088,3.);
#7090=LINE('',#7087,#7089);
#7091=EDGE_CURVE('',#7080,#7046,#7090,.T.);
#7092=ORIENTED_EDGE('',*,*,#7091,.T.);
#7093=EDGE_LOOP('',(#7054,#7062,#7070,#7078,#7086,#7092));
#7094=FACE_BOUND('',#7093,.T.);
#7095=CARTESIAN_POINT('',(1.3276,22.861710414,42.));
#7096=VERTEX_POINT('',#7095);
#7097=CARTESIAN_POINT('',(4.3276,22.861710414,42.));
#7098=VERTEX_POINT('',#7097);
#7099=CARTESIAN_POINT('',(1.3276,22.861710414,42.));
#7100=DIRECTION('',(1.,0.,0.));
#7101=VECTOR('',#7100,3.);
#7102=LINE('',#7099,#7101);
#7103=EDGE_CURVE('',#7096,#7098,#7102,.T.);
#7104=ORIENTED_EDGE('',*,*,#7103,.T.);
#7105=CARTESIAN_POINT('',(5.8276,25.459786625,42.));
#7106=VERTEX_POINT('',#7105);
#7107=CARTESIAN_POINT('',(4.3276,22.861710414,42.));
#7108=DIRECTION('',(0.5,0.866025404,0.));
#7109=VECTOR('',#7108,3.);
#7110=LINE('',#7107,#7109);
#7111=EDGE_CURVE('',#7098,#7106,#7110,.T.);
#7112=ORIENTED_EDGE('',*,*,#7111,.T.);
#7113=CARTESIAN_POINT('',(4.3276,28.057862836,42.));
#7114=VERTEX_POINT('',#7113);
#7115=CARTESIAN_POINT('',(5.8276,25.459786625,42.));
#7116=DIRECTION('',(-0.5,0.866025404,0.));
#7117=VECTOR('',#7116,3.);
#7118=LINE('',#7115,#7117);
#7119=EDGE_CURVE('',#7106,#7114,#7118,.T.);
#7120=ORIENTED_EDGE('',*,*,#7119,.T.);
#7121=CARTESIAN_POINT('',(1.3276,28.057862836,42.));
#7122=VERTEX_POINT('',#7121);
#7123=CARTESIAN_POINT('',(4.3276,28.057862836,42.));
#7124=DIRECTION('',(-1.,0.,0.));
#7125=VECTOR('',#7124,3.);
#7126=LINE('',#7123,#7125);
#7127=EDGE_CURVE('',#7114,#7122,#7126,.T.);
#7128=ORIENTED_EDGE('',*,*,#7127,.T.);
#7129=CARTESIAN_POINT('',(-0.1724,25.459786625,42.));
#7130=VERTEX_POINT('',#7129);
#7131=CARTESIAN_POINT('',(1.3276,28.057862836,42.));
#7132=DIRECTION('',(-0.5,-0.866025404,0.));
#7133=VECTOR('',#7132,3.);
#7134=LINE('',#7131,#7133);
#7135=EDGE_CURVE('',#7122,#7130,#7134,.T.);
#7136=ORIENTED_EDGE('',*,*,#7135,.T.);
#7137=CARTESIAN_POINT('',(-0.1724,25.459786625,42.));
#7138=DIRECTION('',(0.5,-0.866025404,0.));
#7139=VECTOR('',#7138,3.);
#7140=LINE('',#7137,#7139);
#7141=EDGE_CURVE('',#7130,#7096,#7140,.T.);
#7142=ORIENTED_EDGE('',*,*,#7141,.T.);
#7143=EDGE_LOOP('',(#7104,#7112,#7120,#7128,#7136,#7142));
#7144=FACE_BOUND('',#7143,.T.);
#7145=CARTESIAN_POINT('',(12.638,-4.726889586,42.));
#7146=VERTEX_POINT('',#7145);
#7147=CARTESIAN_POINT('',(15.638,-4.726889586,42.));
#7148=VERTEX_POINT('',#7147);
#7149=CARTESIAN_POINT('',(12.638,-4.726889586,42.));
#7150=DIRECTION('',(1.,0.,0.));
#7151=VECTOR('',#7150,3.);
#7152=LINE('',#7149,#7151);
#7153=EDGE_CURVE('',#7146,#7148,#7152,.T.);
#7154=ORIENTED_EDGE('',*,*,#7153,.T.);
#7155=CARTESIAN_POINT('',(17.138,-2.128813375,42.));
#7156=VERTEX_POINT('',#7155);
#7157=CARTESIAN_POINT('',(15.638,-4.726889586,42.));
#7158=DIRECTION('',(0.5,0.866025404,0.));
#7159=VECTOR('',#7158,3.);
#7160=LINE('',#7157,#7159);
#7161=EDGE_CURVE('',#7148,#7156,#7160,.T.);
#7162=ORIENTED_EDGE('',*,*,#7161,.T.);
#7163=CARTESIAN_POINT('',(15.638,0.469262836,42.));
#7164=VERTEX_POINT('',#7163);
#7165=CARTESIAN_POINT('',(17.138,-2.128813375,42.));
#7166=DIRECTION('',(-0.5,0.866025404,0.));
#7167=VECTOR('',#7166,3.);
#7168=LINE('',#7165,#7167);
#7169=EDGE_CURVE('',#7156,#7164,#7168,.T.);
#7170=ORIENTED_EDGE('',*,*,#7169,.T.);
#7171=CARTESIAN_POINT('',(12.638,0.469262836,42.));
#7172=VERTEX_POINT('',#7171);
#7173=CARTESIAN_POINT('',(15.638,0.469262836,42.));
#7174=DIRECTION('',(-1.,0.,0.));
#7175=VECTOR('',#7174,3.);
#7176=LINE('',#7173,#7175);
#7177=EDGE_CURVE('',#7164,#7172,#7176,.T.);
#7178=ORIENTED_EDGE('',*,*,#7177,.T.);
#7179=CARTESIAN_POINT('',(11.138,-2.128813375,42.));
#7180=VERTEX_POINT('',#7179);
#7181=CARTESIAN_POINT('',(12.638,0.469262836,42.));
#7182=DIRECTION('',(-0.5,-0.866025404,0.));
#7183=VECTOR('',#7182,3.);
#7184=LINE('',#7181,#7183);
#7185=EDGE_CURVE('',#7172,#7180,#7184,.T.);
#7186=ORIENTED_EDGE('',*,*,#7185,.T.);
#7187=CARTESIAN_POINT('',(11.138,-2.128813375,42.));
#7188=DIRECTION('',(0.5,-0.866025404,0.));
#7189=VECTOR('',#7188,3.);
#7190=LINE('',#7187,#7189);
#7191=EDGE_CURVE('',#7180,#7146,#7190,.T.);
#7192=ORIENTED_EDGE('',*,*,#7191,.T.);
#7193=EDGE_LOOP('',(#7154,#7162,#7170,#7178,#7186,#7192));
#7194=FACE_BOUND('',#7193,.T.);
#7195=CARTESIAN_POINT('',(18.2932,18.263634202,42.));
#7196=VERTEX_POINT('',#7195);
#7197=CARTESIAN_POINT('',(21.2932,18.263634202,42.));
#7198=VERTEX_POINT('',#7197);
#7199=CARTESIAN_POINT('',(18.2932,18.263634202,42.));
#7200=DIRECTION('',(1.,0.,0.));
#7201=VECTOR('',#7200,3.);
#7202=LINE('',#7199,#7201);
#7203=EDGE_CURVE('',#7196,#7198,#7202,.T.);
#7204=ORIENTED_EDGE('',*,*,#7203,.T.);
#7205=CARTESIAN_POINT('',(22.7932,20.861710414,42.));
#7206=VERTEX_POINT('',#7205);
#7207=CARTESIAN_POINT('',(21.2932,18.263634202,42.));
#7208=DIRECTION('',(0.5,0.866025404,0.));
#7209=VECTOR('',#7208,3.);
#7210=LINE('',#7207,#7209);
#7211=EDGE_CURVE('',#7198,#7206,#7210,.T.);
#7212=ORIENTED_EDGE('',*,*,#7211,.T.);
#7213=CARTESIAN_POINT('',(21.2932,23.459786625,42.));
#7214=VERTEX_POINT('',#7213);
#7215=CARTESIAN_POINT('',(22.7932,20.861710414,42.));
#7216=DIRECTION('',(-0.5,0.866025404,0.));
#7217=VECTOR('',#7216,3.);
#7218=LINE('',#7215,#7217);
#7219=EDGE_CURVE('',#7206,#7214,#7218,.T.);
#7220=ORIENTED_EDGE('',*,*,#7219,.T.);
#7221=CARTESIAN_POINT('',(18.2932,23.459786625,42.));
#7222=VERTEX_POINT('',#7221);
#7223=CARTESIAN_POINT('',(21.2932,23.459786625,42.));
#7224=DIRECTION('',(-1.,0.,0.));
#7225=VECTOR('',#7224,3.);
#7226=LINE('',#7223,#7225);
#7227=EDGE_CURVE('',#7214,#7222,#7226,.T.);
#7228=ORIENTED_EDGE('',*,*,#7227,.T.);
#7229=CARTESIAN_POINT('',(16.7932,20.861710414,42.));
#7230=VERTEX_POINT('',#7229);
#7231=CARTESIAN_POINT('',(18.2932,23.459786625,42.));
#7232=DIRECTION('',(-0.5,-0.866025404,0.));
#7233=VECTOR('',#7232,3.);
#7234=LINE('',#7231,#7233);
#7235=EDGE_CURVE('',#7222,#7230,#7234,.T.);
#7236=ORIENTED_EDGE('',*,*,#7235,.T.);
#7237=CARTESIAN_POINT('',(16.7932,20.861710414,42.));
#7238=DIRECTION('',(0.5,-0.866025404,0.));
#7239=VECTOR('',#7238,3.);
#7240=LINE('',#7237,#7239);
#7241=EDGE_CURVE('',#7230,#7196,#7240,.T.);
#7242=ORIENTED_EDGE('',*,*,#7241,.T.);
#7243=EDGE_LOOP('',(#7204,#7212,#7220,#7228,#7236,#7242));
#7244=FACE_BOUND('',#7243,.T.);
#7245=CARTESIAN_POINT('',(18.2932,-0.128765798,42.));
#7246=VERTEX_POINT('',#7245);
#7247=CARTESIAN_POINT('',(21.2932,-0.128765798,42.));
#7248=VERTEX_POINT('',#7247);
#7249=CARTESIAN_POINT('',(18.2932,-0.128765798,42.));
#7250=DIRECTION('',(1.,0.,0.));
#7251=VECTOR('',#7250,3.);
#7252=LINE('',#7249,#7251);
#7253=EDGE_CURVE('',#7246,#7248,#7252,.T.);
#7254=ORIENTED_EDGE('',*,*,#7253,.T.);
#7255=CARTESIAN_POINT('',(22.7932,2.469310414,42.));
#7256=VERTEX_POINT('',#7255);
#7257=CARTESIAN_POINT('',(21.2932,-0.128765798,42.));
#7258=DIRECTION('',(0.5,0.866025404,0.));
#7259=VECTOR('',#7258,3.);
#7260=LINE('',#7257,#7259);
#7261=EDGE_CURVE('',#7248,#7256,#7260,.T.);
#7262=ORIENTED_EDGE('',*,*,#7261,.T.);
#7263=CARTESIAN_POINT('',(21.2932,5.067386625,42.));
#7264=VERTEX_POINT('',#7263);
#7265=CARTESIAN_POINT('',(22.7932,2.469310414,42.));
#7266=DIRECTION('',(-0.5,0.866025404,0.));
#7267=VECTOR('',#7266,3.);
#7268=LINE('',#7265,#7267);
#7269=EDGE_CURVE('',#7256,#7264,#7268,.T.);
#7270=ORIENTED_EDGE('',*,*,#7269,.T.);
#7271=CARTESIAN_POINT('',(18.2932,5.067386625,42.));
#7272=VERTEX_POINT('',#7271);
#7273=CARTESIAN_POINT('',(21.2932,5.067386625,42.));
#7274=DIRECTION('',(-1.,0.,0.));
#7275=VECTOR('',#7274,3.);
#7276=LINE('',#7273,#7275);
#7277=EDGE_CURVE('',#7264,#7272,#7276,.T.);
#7278=ORIENTED_EDGE('',*,*,#7277,.T.);
#7279=CARTESIAN_POINT('',(16.7932,2.469310414,42.));
#7280=VERTEX_POINT('',#7279);
#7281=CARTESIAN_POINT('',(18.2932,5.067386625,42.));
#7282=DIRECTION('',(-0.5,-0.866025404,0.));
#7283=VECTOR('',#7282,3.);
#7284=LINE('',#7281,#7283);
#7285=EDGE_CURVE('',#7272,#7280,#7284,.T.);
#7286=ORIENTED_EDGE('',*,*,#7285,.T.);
#7287=CARTESIAN_POINT('',(16.7932,2.469310414,42.));
#7288=DIRECTION('',(0.5,-0.866025404,0.));
#7289=VECTOR('',#7288,3.);
#7290=LINE('',#7287,#7289);
#7291=EDGE_CURVE('',#7280,#7246,#7290,.T.);
#7292=ORIENTED_EDGE('',*,*,#7291,.T.);
#7293=EDGE_LOOP('',(#7254,#7262,#7270,#7278,#7286,#7292));
#7294=FACE_BOUND('',#7293,.T.);
#7295=CARTESIAN_POINT('',(6.9828,-9.324965798,42.));
#7296=VERTEX_POINT('',#7295);
#7297=CARTESIAN_POINT('',(9.9828,-9.324965798,42.));
#7298=VERTEX_POINT('',#7297);
#7299=CARTESIAN_POINT('',(6.9828,-9.324965798,42.));
#7300=DIRECTION('',(1.,0.,0.));
#7301=VECTOR('',#7300,3.);
#7302=LINE('',#7299,#7301);
#7303=EDGE_CURVE('',#7296,#7298,#7302,.T.);
#7304=ORIENTED_EDGE('',*,*,#7303,.T.);
#7305=CARTESIAN_POINT('',(11.4828,-6.726889586,42.));
#7306=VERTEX_POINT('',#7305);
#7307=CARTESIAN_POINT('',(9.9828,-9.324965798,42.));
#7308=DIRECTION('',(0.5,0.866025404,0.));
#7309=VECTOR('',#7308,3.);
#7310=LINE('',#7307,#7309);
#7311=EDGE_CURVE('',#7298,#7306,#7310,.T.);
#7312=ORIENTED_EDGE('',*,*,#7311,.T.);
#7313=CARTESIAN_POINT('',(9.9828,-4.128813375,42.));
#7314=VERTEX_POINT('',#7313);
#7315=CARTESIAN_POINT('',(11.4828,-6.726889586,42.));
#7316=DIRECTION('',(-0.5,0.866025404,0.));
#7317=VECTOR('',#7316,3.);
#7318=LINE('',#7315,#7317);
#7319=EDGE_CURVE('',#7306,#7314,#7318,.T.);
#7320=ORIENTED_EDGE('',*,*,#7319,.T.);
#7321=CARTESIAN_POINT('',(6.9828,-4.128813375,42.));
#7322=VERTEX_POINT('',#7321);
#7323=CARTESIAN_POINT('',(9.9828,-4.128813375,42.));
#7324=DIRECTION('',(-1.,0.,0.));
#7325=VECTOR('',#7324,3.);
#7326=LINE('',#7323,#7325);
#7327=EDGE_CURVE('',#7314,#7322,#7326,.T.);
#7328=ORIENTED_EDGE('',*,*,#7327,.T.);
#7329=CARTESIAN_POINT('',(5.4828,-6.726889586,42.));
#7330=VERTEX_POINT('',#7329);
#7331=CARTESIAN_POINT('',(6.9828,-4.128813375,42.));
#7332=DIRECTION('',(-0.5,-0.866025404,0.));
#7333=VECTOR('',#7332,3.);
#7334=LINE('',#7331,#7333);
#7335=EDGE_CURVE('',#7322,#7330,#7334,.T.);
#7336=ORIENTED_EDGE('',*,*,#7335,.T.);
#7337=CARTESIAN_POINT('',(5.4828,-6.726889586,42.));
#7338=DIRECTION('',(0.5,-0.866025404,0.));
#7339=VECTOR('',#7338,3.);
#7340=LINE('',#7337,#7339);
#7341=EDGE_CURVE('',#7330,#7296,#7340,.T.);
#7342=ORIENTED_EDGE('',*,*,#7341,.T.);
#7343=EDGE_LOOP('',(#7304,#7312,#7320,#7328,#7336,#7342));
#7344=FACE_BOUND('',#7343,.T.);
#7345=CARTESIAN_POINT('',(-15.638,-27.717365798,42.));
#7346=VERTEX_POINT('',#7345);
#7347=CARTESIAN_POINT('',(-12.638,-27.717365798,42.));
#7348=VERTEX_POINT('',#7347);
#7349=CARTESIAN_POINT('',(-15.638,-27.717365798,42.));
#7350=DIRECTION('',(1.,0.,0.));
#7351=VECTOR('',#7350,3.);
#7352=LINE('',#7349,#7351);
#7353=EDGE_CURVE('',#7346,#7348,#7352,.T.);
#7354=ORIENTED_EDGE('',*,*,#7353,.T.);
#7355=CARTESIAN_POINT('',(-11.138,-25.119289586,42.));
#7356=VERTEX_POINT('',#7355);
#7357=CARTESIAN_POINT('',(-12.638,-27.717365798,42.));
#7358=DIRECTION('',(0.5,0.866025404,0.));
#7359=VECTOR('',#7358,3.);
#7360=LINE('',#7357,#7359);
#7361=EDGE_CURVE('',#7348,#7356,#7360,.T.);
#7362=ORIENTED_EDGE('',*,*,#7361,.T.);
#7363=CARTESIAN_POINT('',(-12.638,-22.521213375,42.));
#7364=VERTEX_POINT('',#7363);
#7365=CARTESIAN_POINT('',(-11.138,-25.119289586,42.));
#7366=DIRECTION('',(-0.5,0.866025404,0.));
#7367=VECTOR('',#7366,3.);
#7368=LINE('',#7365,#7367);
#7369=EDGE_CURVE('',#7356,#7364,#7368,.T.);
#7370=ORIENTED_EDGE('',*,*,#7369,.T.);
#7371=CARTESIAN_POINT('',(-15.638,-22.521213375,42.));
#7372=VERTEX_POINT('',#7371);
#7373=CARTESIAN_POINT('',(-12.638,-22.521213375,42.));
#7374=DIRECTION('',(-1.,0.,0.));
#7375=VECTOR('',#7374,3.);
#7376=LINE('',#7373,#7375);
#7377=EDGE_CURVE('',#7364,#7372,#7376,.T.);
#7378=ORIENTED_EDGE('',*,*,#7377,.T.);
#7379=CARTESIAN_POINT('',(-17.138,-25.119289586,42.));
#7380=VERTEX_POINT('',#7379);
#7381=CARTESIAN_POINT('',(-15.638,-22.521213375,42.));
#7382=DIRECTION('',(-0.5,-0.866025404,0.));
#7383=VECTOR('',#7382,3.);
#7384=LINE('',#7381,#7383);
#7385=EDGE_CURVE('',#7372,#7380,#7384,.T.);
#7386=ORIENTED_EDGE('',*,*,#7385,.T.);
#7387=CARTESIAN_POINT('',(-17.138,-25.119289586,42.));
#7388=DIRECTION('',(0.5,-0.866025404,0.));
#7389=VECTOR('',#7388,3.);
#7390=LINE('',#7387,#7389);
#7391=EDGE_CURVE('',#7380,#7346,#7390,.T.);
#7392=ORIENTED_EDGE('',*,*,#7391,.T.);
#7393=EDGE_LOOP('',(#7354,#7362,#7370,#7378,#7386,#7392));
#7394=FACE_BOUND('',#7393,.T.);
#7395=CARTESIAN_POINT('',(-21.2932,4.469310414,42.));
#7396=VERTEX_POINT('',#7395);
#7397=CARTESIAN_POINT('',(-18.2932,4.469310414,42.));
#7398=VERTEX_POINT('',#7397);
#7399=CARTESIAN_POINT('',(-21.2932,4.469310414,42.));
#7400=DIRECTION('',(1.,0.,0.));
#7401=VECTOR('',#7400,3.);
#7402=LINE('',#7399,#7401);
#7403=EDGE_CURVE('',#7396,#7398,#7402,.T.);
#7404=ORIENTED_EDGE('',*,*,#7403,.T.);
#7405=CARTESIAN_POINT('',(-16.7932,7.067386625,42.));
#7406=VERTEX_POINT('',#7405);
#7407=CARTESIAN_POINT('',(-18.2932,4.469310414,42.));
#7408=DIRECTION('',(0.5,0.866025404,0.));
#7409=VECTOR('',#7408,3.);
#7410=LINE('',#7407,#7409);
#7411=EDGE_CURVE('',#7398,#7406,#7410,.T.);
#7412=ORIENTED_EDGE('',*,*,#7411,.T.);
#7413=CARTESIAN_POINT('',(-18.2932,9.665462836,42.));
#7414=VERTEX_POINT('',#7413);
#7415=CARTESIAN_POINT('',(-16.7932,7.067386625,42.));
#7416=DIRECTION('',(-0.5,0.866025404,0.));
#7417=VECTOR('',#7416,3.);
#7418=LINE('',#7415,#7417);
#7419=EDGE_CURVE('',#7406,#7414,#7418,.T.);
#7420=ORIENTED_EDGE('',*,*,#7419,.T.);
#7421=CARTESIAN_POINT('',(-21.2932,9.665462836,42.));
#7422=VERTEX_POINT('',#7421);
#7423=CARTESIAN_POINT('',(-18.2932,9.665462836,42.));
#7424=DIRECTION('',(-1.,0.,0.));
#7425=VECTOR('',#7424,3.);
#7426=LINE('',#7423,#7425);
#7427=EDGE_CURVE('',#7414,#7422,#7426,.T.);
#7428=ORIENTED_EDGE('',*,*,#7427,.T.);
#7429=CARTESIAN_POINT('',(-22.7932,7.067386625,42.));
#7430=VERTEX_POINT('',#7429);
#7431=CARTESIAN_POINT('',(-21.2932,9.665462836,42.));
#7432=DIRECTION('',(-0.5,-0.866025404,0.));
#7433=VECTOR('',#7432,3.);
#7434=LINE('',#7431,#7433);
#7435=EDGE_CURVE('',#7422,#7430,#7434,.T.);
#7436=ORIENTED_EDGE('',*,*,#7435,.T.);
#7437=CARTESIAN_POINT('',(-22.7932,7.067386625,42.));
#7438=DIRECTION('',(0.5,-0.866025404,0.));
#7439=VECTOR('',#7438,3.);
#7440=LINE('',#7437,#7439);
#7441=EDGE_CURVE('',#7430,#7396,#7440,.T.);
#7442=ORIENTED_EDGE('',*,*,#7441,.T.);
#7443=EDGE_LOOP('',(#7404,#7412,#7420,#7428,#7436,#7442));
#7444=FACE_BOUND('',#7443,.T.);
#7445=CARTESIAN_POINT('',(-21.2932,-23.119289586,42.));
#7446=VERTEX_POINT('',#7445);
#7447=CARTESIAN_POINT('',(-18.2932,-23.119289586,42.));
#7448=VERTEX_POINT('',#7447);
#7449=CARTESIAN_POINT('',(-21.2932,-23.119289586,42.));
#7450=DIRECTION('',(1.,0.,0.));
#7451=VECTOR('',#7450,3.);
#7452=LINE('',#7449,#7451);
#7453=EDGE_CURVE('',#7446,#7448,#7452,.T.);
#7454=ORIENTED_EDGE('',*,*,#7453,.T.);
#7455=CARTESIAN_POINT('',(-16.7932,-20.521213375,42.));
#7456=VERTEX_POINT('',#7455);
#7457=CARTESIAN_POINT('',(-18.2932,-23.119289586,42.));
#7458=DIRECTION('',(0.5,0.866025404,0.));
#7459=VECTOR('',#7458,3.);
#7460=LINE('',#7457,#7459);
#7461=EDGE_CURVE('',#7448,#7456,#7460,.T.);
#7462=ORIENTED_EDGE('',*,*,#7461,.T.);
#7463=CARTESIAN_POINT('',(-18.2932,-17.923137164,42.));
#7464=VERTEX_POINT('',#7463);
#7465=CARTESIAN_POINT('',(-16.7932,-20.521213375,42.));
#7466=DIRECTION('',(-0.5,0.866025404,0.));
#7467=VECTOR('',#7466,3.);
#7468=LINE('',#7465,#7467);
#7469=EDGE_CURVE('',#7456,#7464,#7468,.T.);
#7470=ORIENTED_EDGE('',*,*,#7469,.T.);
#7471=CARTESIAN_POINT('',(-21.2932,-17.923137164,42.));
#7472=VERTEX_POINT('',#7471);
#7473=CARTESIAN_POINT('',(-18.2932,-17.923137164,42.));
#7474=DIRECTION('',(-1.,0.,0.));
#7475=VECTOR('',#7474,3.);
#7476=LINE('',#7473,#7475);
#7477=EDGE_CURVE('',#7464,#7472,#7476,.T.);
#7478=ORIENTED_EDGE('',*,*,#7477,.T.);
#7479=CARTESIAN_POINT('',(-22.7932,-20.521213375,42.));
#7480=VERTEX_POINT('',#7479);
#7481=CARTESIAN_POINT('',(-21.2932,-17.923137164,42.));
#7482=DIRECTION('',(-0.5,-0.866025404,0.));
#7483=VECTOR('',#7482,3.);
#7484=LINE('',#7481,#7483);
#7485=EDGE_CURVE('',#7472,#7480,#7484,.T.);
#7486=ORIENTED_EDGE('',*,*,#7485,.T.);
#7487=CARTESIAN_POINT('',(-22.7932,-20.521213375,42.));
#7488=DIRECTION('',(0.5,-0.866025404,0.));
#7489=VECTOR('',#7488,3.);
#7490=LINE('',#7487,#7489);
#7491=EDGE_CURVE('',#7480,#7446,#7490,.T.);
#7492=ORIENTED_EDGE('',*,*,#7491,.T.);
#7493=EDGE_LOOP('',(#7454,#7462,#7470,#7478,#7486,#7492));
#7494=FACE_BOUND('',#7493,.T.);
#7495=CARTESIAN_POINT('',(-4.3276,-9.324965798,42.));
#7496=VERTEX_POINT('',#7495);
#7497=CARTESIAN_POINT('',(-1.3276,-9.324965798,42.));
#7498=VERTEX_POINT('',#7497);
#7499=CARTESIAN_POINT('',(-4.3276,-9.324965798,42.));
#7500=DIRECTION('',(1.,0.,0.));
#7501=VECTOR('',#7500,3.);
#7502=LINE('',#7499,#7501);
#7503=EDGE_CURVE('',#7496,#7498,#7502,.T.);
#7504=ORIENTED_EDGE('',*,*,#7503,.T.);
#7505=CARTESIAN_POINT('',(0.1724,-6.726889586,42.));
#7506=VERTEX_POINT('',#7505);
#7507=CARTESIAN_POINT('',(-1.3276,-9.324965798,42.));
#7508=DIRECTION('',(0.5,0.866025404,0.));
#7509=VECTOR('',#7508,3.);
#7510=LINE('',#7507,#7509);
#7511=EDGE_CURVE('',#7498,#7506,#7510,.T.);
#7512=ORIENTED_EDGE('',*,*,#7511,.T.);
#7513=CARTESIAN_POINT('',(-1.3276,-4.128813375,42.));
#7514=VERTEX_POINT('',#7513);
#7515=CARTESIAN_POINT('',(0.1724,-6.726889586,42.));
#7516=DIRECTION('',(-0.5,0.866025404,0.));
#7517=VECTOR('',#7516,3.);
#7518=LINE('',#7515,#7517);
#7519=EDGE_CURVE('',#7506,#7514,#7518,.T.);
#7520=ORIENTED_EDGE('',*,*,#7519,.T.);
#7521=CARTESIAN_POINT('',(-4.3276,-4.128813375,42.));
#7522=VERTEX_POINT('',#7521);
#7523=CARTESIAN_POINT('',(-1.3276,-4.128813375,42.));
#7524=DIRECTION('',(-1.,0.,0.));
#7525=VECTOR('',#7524,3.);
#7526=LINE('',#7523,#7525);
#7527=EDGE_CURVE('',#7514,#7522,#7526,.T.);
#7528=ORIENTED_EDGE('',*,*,#7527,.T.);
#7529=CARTESIAN_POINT('',(-5.8276,-6.726889586,42.));
#7530=VERTEX_POINT('',#7529);
#7531=CARTESIAN_POINT('',(-4.3276,-4.128813375,42.));
#7532=DIRECTION('',(-0.5,-0.866025404,0.));
#7533=VECTOR('',#7532,3.);
#7534=LINE('',#7531,#7533);
#7535=EDGE_CURVE('',#7522,#7530,#7534,.T.);
#7536=ORIENTED_EDGE('',*,*,#7535,.T.);
#7537=CARTESIAN_POINT('',(-5.8276,-6.726889586,42.));
#7538=DIRECTION('',(0.5,-0.866025404,0.));
#7539=VECTOR('',#7538,3.);
#7540=LINE('',#7537,#7539);
#7541=EDGE_CURVE('',#7530,#7496,#7540,.T.);
#7542=ORIENTED_EDGE('',*,*,#7541,.T.);
#7543=EDGE_LOOP('',(#7504,#7512,#7520,#7528,#7536,#7542));
#7544=FACE_BOUND('',#7543,.T.);
#7545=CARTESIAN_POINT('',(-21.2932,-41.511689586,42.));
#7546=VERTEX_POINT('',#7545);
#7547=CARTESIAN_POINT('',(-18.2932,-41.511689586,42.));
#7548=VERTEX_POINT('',#7547);
#7549=CARTESIAN_POINT('',(-21.2932,-41.511689586,42.));
#7550=DIRECTION('',(1.,0.,0.));
#7551=VECTOR('',#7550,3.);
#7552=LINE('',#7549,#7551);
#7553=EDGE_CURVE('',#7546,#7548,#7552,.T.);
#7554=ORIENTED_EDGE('',*,*,#7553,.T.);
#7555=CARTESIAN_POINT('',(-16.7932,-38.913613375,42.));
#7556=VERTEX_POINT('',#7555);
#7557=CARTESIAN_POINT('',(-18.2932,-41.511689586,42.));
#7558=DIRECTION('',(0.5,0.866025404,0.));
#7559=VECTOR('',#7558,3.);
#7560=LINE('',#7557,#7559);
#7561=EDGE_CURVE('',#7548,#7556,#7560,.T.);
#7562=ORIENTED_EDGE('',*,*,#7561,.T.);
#7563=CARTESIAN_POINT('',(-18.2932,-36.315537164,42.));
#7564=VERTEX_POINT('',#7563);
#7565=CARTESIAN_POINT('',(-16.7932,-38.913613375,42.));
#7566=DIRECTION('',(-0.5,0.866025404,0.));
#7567=VECTOR('',#7566,3.);
#7568=LINE('',#7565,#7567);
#7569=EDGE_CURVE('',#7556,#7564,#7568,.T.);
#7570=ORIENTED_EDGE('',*,*,#7569,.T.);
#7571=CARTESIAN_POINT('',(-21.2932,-36.315537164,42.));
#7572=VERTEX_POINT('',#7571);
#7573=CARTESIAN_POINT('',(-18.2932,-36.315537164,42.));
#7574=DIRECTION('',(-1.,0.,0.));
#7575=VECTOR('',#7574,3.);
#7576=LINE('',#7573,#7575);
#7577=EDGE_CURVE('',#7564,#7572,#7576,.T.);
#7578=ORIENTED_EDGE('',*,*,#7577,.T.);
#7579=CARTESIAN_POINT('',(-22.7932,-38.913613375,42.));
#7580=VERTEX_POINT('',#7579);
#7581=CARTESIAN_POINT('',(-21.2932,-36.315537164,42.));
#7582=DIRECTION('',(-0.5,-0.866025404,0.));
#7583=VECTOR('',#7582,3.);
#7584=LINE('',#7581,#7583);
#7585=EDGE_CURVE('',#7572,#7580,#7584,.T.);
#7586=ORIENTED_EDGE('',*,*,#7585,.T.);
#7587=CARTESIAN_POINT('',(-22.7932,-38.913613375,42.));
#7588=DIRECTION('',(0.5,-0.866025404,0.));
#7589=VECTOR('',#7588,3.);
#7590=LINE('',#7587,#7589);
#7591=EDGE_CURVE('',#7580,#7546,#7590,.T.);
#7592=ORIENTED_EDGE('',*,*,#7591,.T.);
#7593=EDGE_LOOP('',(#7554,#7562,#7570,#7578,#7586,#7592));
#7594=FACE_BOUND('',#7593,.T.);
#7595=CARTESIAN_POINT('',(-4.3276,-27.717365798,42.));
#7596=VERTEX_POINT('',#7595);
#7597=CARTESIAN_POINT('',(-1.3276,-27.717365798,42.));
#7598=VERTEX_POINT('',#7597);
#7599=CARTESIAN_POINT('',(-4.3276,-27.717365798,42.));
#7600=DIRECTION('',(1.,0.,0.));
#7601=VECTOR('',#7600,3.);
#7602=LINE('',#7599,#7601);
#7603=EDGE_CURVE('',#7596,#7598,#7602,.T.);
#7604=ORIENTED_EDGE('',*,*,#7603,.T.);
#7605=CARTESIAN_POINT('',(0.1724,-25.119289586,42.));
#7606=VERTEX_POINT('',#7605);
#7607=CARTESIAN_POINT('',(-1.3276,-27.717365798,42.));
#7608=DIRECTION('',(0.5,0.866025404,0.));
#7609=VECTOR('',#7608,3.);
#7610=LINE('',#7607,#7609);
#7611=EDGE_CURVE('',#7598,#7606,#7610,.T.);
#7612=ORIENTED_EDGE('',*,*,#7611,.T.);
#7613=CARTESIAN_POINT('',(-1.3276,-22.521213375,42.));
#7614=VERTEX_POINT('',#7613);
#7615=CARTESIAN_POINT('',(0.1724,-25.119289586,42.));
#7616=DIRECTION('',(-0.5,0.866025404,0.));
#7617=VECTOR('',#7616,3.);
#7618=LINE('',#7615,#7617);
#7619=EDGE_CURVE('',#7606,#7614,#7618,.T.);
#7620=ORIENTED_EDGE('',*,*,#7619,.T.);
#7621=CARTESIAN_POINT('',(-4.3276,-22.521213375,42.));
#7622=VERTEX_POINT('',#7621);
#7623=CARTESIAN_POINT('',(-1.3276,-22.521213375,42.));
#7624=DIRECTION('',(-1.,0.,0.));
#7625=VECTOR('',#7624,3.);
#7626=LINE('',#7623,#7625);
#7627=EDGE_CURVE('',#7614,#7622,#7626,.T.);
#7628=ORIENTED_EDGE('',*,*,#7627,.T.);
#7629=CARTESIAN_POINT('',(-5.8276,-25.119289586,42.));
#7630=VERTEX_POINT('',#7629);
#7631=CARTESIAN_POINT('',(-4.3276,-22.521213375,42.));
#7632=DIRECTION('',(-0.5,-0.866025404,0.));
#7633=VECTOR('',#7632,3.);
#7634=LINE('',#7631,#7633);
#7635=EDGE_CURVE('',#7622,#7630,#7634,.T.);
#7636=ORIENTED_EDGE('',*,*,#7635,.T.);
#7637=CARTESIAN_POINT('',(-5.8276,-25.119289586,42.));
#7638=DIRECTION('',(0.5,-0.866025404,0.));
#7639=VECTOR('',#7638,3.);
#7640=LINE('',#7637,#7639);
#7641=EDGE_CURVE('',#7630,#7596,#7640,.T.);
#7642=ORIENTED_EDGE('',*,*,#7641,.T.);
#7643=EDGE_LOOP('',(#7604,#7612,#7620,#7628,#7636,#7642));
#7644=FACE_BOUND('',#7643,.T.);
#7645=CARTESIAN_POINT('',(-9.9828,-13.923089586,42.));
#7646=VERTEX_POINT('',#7645);
#7647=CARTESIAN_POINT('',(-6.9828,-13.923089586,42.));
#7648=VERTEX_POINT('',#7647);
#7649=CARTESIAN_POINT('',(-9.9828,-13.923089586,42.));
#7650=DIRECTION('',(1.,0.,0.));
#7651=VECTOR('',#7650,3.);
#7652=LINE('',#7649,#7651);
#7653=EDGE_CURVE('',#7646,#7648,#7652,.T.);
#7654=ORIENTED_EDGE('',*,*,#7653,.T.);
#7655=CARTESIAN_POINT('',(-5.4828,-11.325013375,42.));
#7656=VERTEX_POINT('',#7655);
#7657=CARTESIAN_POINT('',(-6.9828,-13.923089586,42.));
#7658=DIRECTION('',(0.5,0.866025404,0.));
#7659=VECTOR('',#7658,3.);
#7660=LINE('',#7657,#7659);
#7661=EDGE_CURVE('',#7648,#7656,#7660,.T.);
#7662=ORIENTED_EDGE('',*,*,#7661,.T.);
#7663=CARTESIAN_POINT('',(-6.9828,-8.726937164,42.));
#7664=VERTEX_POINT('',#7663);
#7665=CARTESIAN_POINT('',(-5.4828,-11.325013375,42.));
#7666=DIRECTION('',(-0.5,0.866025404,0.));
#7667=VECTOR('',#7666,3.);
#7668=LINE('',#7665,#7667);
#7669=EDGE_CURVE('',#7656,#7664,#7668,.T.);
#7670=ORIENTED_EDGE('',*,*,#7669,.T.);
#7671=CARTESIAN_POINT('',(-9.9828,-8.726937164,42.));
#7672=VERTEX_POINT('',#7671);
#7673=CARTESIAN_POINT('',(-6.9828,-8.726937164,42.));
#7674=DIRECTION('',(-1.,0.,0.));
#7675=VECTOR('',#7674,3.);
#7676=LINE('',#7673,#7675);
#7677=EDGE_CURVE('',#7664,#7672,#7676,.T.);
#7678=ORIENTED_EDGE('',*,*,#7677,.T.);
#7679=CARTESIAN_POINT('',(-11.4828,-11.325013375,42.));
#7680=VERTEX_POINT('',#7679);
#7681=CARTESIAN_POINT('',(-9.9828,-8.726937164,42.));
#7682=DIRECTION('',(-0.5,-0.866025404,0.));
#7683=VECTOR('',#7682,3.);
#7684=LINE('',#7681,#7683);
#7685=EDGE_CURVE('',#7672,#7680,#7684,.T.);
#7686=ORIENTED_EDGE('',*,*,#7685,.T.);
#7687=CARTESIAN_POINT('',(-11.4828,-11.325013375,42.));
#7688=DIRECTION('',(0.5,-0.866025404,0.));
#7689=VECTOR('',#7688,3.);
#7690=LINE('',#7687,#7689);
#7691=EDGE_CURVE('',#7680,#7646,#7690,.T.);
#7692=ORIENTED_EDGE('',*,*,#7691,.T.);
#7693=EDGE_LOOP('',(#7654,#7662,#7670,#7678,#7686,#7692));
#7694=FACE_BOUND('',#7693,.T.);
#7695=CARTESIAN_POINT('',(6.9828,-46.109765798,42.));
#7696=VERTEX_POINT('',#7695);
#7697=CARTESIAN_POINT('',(9.9828,-46.109765798,42.));
#7698=VERTEX_POINT('',#7697);
#7699=CARTESIAN_POINT('',(6.9828,-46.109765798,42.));
#7700=DIRECTION('',(1.,0.,0.));
#7701=VECTOR('',#7700,3.);
#7702=LINE('',#7699,#7701);
#7703=EDGE_CURVE('',#7696,#7698,#7702,.T.);
#7704=ORIENTED_EDGE('',*,*,#7703,.T.);
#7705=CARTESIAN_POINT('',(11.4828,-43.511689586,42.));
#7706=VERTEX_POINT('',#7705);
#7707=CARTESIAN_POINT('',(9.9828,-46.109765798,42.));
#7708=DIRECTION('',(0.5,0.866025404,0.));
#7709=VECTOR('',#7708,3.);
#7710=LINE('',#7707,#7709);
#7711=EDGE_CURVE('',#7698,#7706,#7710,.T.);
#7712=ORIENTED_EDGE('',*,*,#7711,.T.);
#7713=CARTESIAN_POINT('',(9.9828,-40.913613375,42.));
#7714=VERTEX_POINT('',#7713);
#7715=CARTESIAN_POINT('',(11.4828,-43.511689586,42.));
#7716=DIRECTION('',(-0.5,0.866025404,0.));
#7717=VECTOR('',#7716,3.);
#7718=LINE('',#7715,#7717);
#7719=EDGE_CURVE('',#7706,#7714,#7718,.T.);
#7720=ORIENTED_EDGE('',*,*,#7719,.T.);
#7721=CARTESIAN_POINT('',(6.9828,-40.913613375,42.));
#7722=VERTEX_POINT('',#7721);
#7723=CARTESIAN_POINT('',(9.9828,-40.913613375,42.));
#7724=DIRECTION('',(-1.,0.,0.));
#7725=VECTOR('',#7724,3.);
#7726=LINE('',#7723,#7725);
#7727=EDGE_CURVE('',#7714,#7722,#7726,.T.);
#7728=ORIENTED_EDGE('',*,*,#7727,.T.);
#7729=CARTESIAN_POINT('',(5.4828,-43.511689586,42.));
#7730=VERTEX_POINT('',#7729);
#7731=CARTESIAN_POINT('',(6.9828,-40.913613375,42.));
#7732=DIRECTION('',(-0.5,-0.866025404,0.));
#7733=VECTOR('',#7732,3.);
#7734=LINE('',#7731,#7733);
#7735=EDGE_CURVE('',#7722,#7730,#7734,.T.);
#7736=ORIENTED_EDGE('',*,*,#7735,.T.);
#7737=CARTESIAN_POINT('',(5.4828,-43.511689586,42.));
#7738=DIRECTION('',(0.5,-0.866025404,0.));
#7739=VECTOR('',#7738,3.);
#7740=LINE('',#7737,#7739);
#7741=EDGE_CURVE('',#7730,#7696,#7740,.T.);
#7742=ORIENTED_EDGE('',*,*,#7741,.T.);
#7743=EDGE_LOOP('',(#7704,#7712,#7720,#7728,#7736,#7742));
#7744=FACE_BOUND('',#7743,.T.);
#7745=CARTESIAN_POINT('',(1.3276,-13.923089586,42.));
#7746=VERTEX_POINT('',#7745);
#7747=CARTESIAN_POINT('',(4.3276,-13.923089586,42.));
#7748=VERTEX_POINT('',#7747);
#7749=CARTESIAN_POINT('',(1.3276,-13.923089586,42.));
#7750=DIRECTION('',(1.,0.,0.));
#7751=VECTOR('',#7750,3.);
#7752=LINE('',#7749,#7751);
#7753=EDGE_CURVE('',#7746,#7748,#7752,.T.);
#7754=ORIENTED_EDGE('',*,*,#7753,.T.);
#7755=CARTESIAN_POINT('',(5.8276,-11.325013375,42.));
#7756=VERTEX_POINT('',#7755);
#7757=CARTESIAN_POINT('',(4.3276,-13.923089586,42.));
#7758=DIRECTION('',(0.5,0.866025404,0.));
#7759=VECTOR('',#7758,3.);
#7760=LINE('',#7757,#7759);
#7761=EDGE_CURVE('',#7748,#7756,#7760,.T.);
#7762=ORIENTED_EDGE('',*,*,#7761,.T.);
#7763=CARTESIAN_POINT('',(4.3276,-8.726937164,42.));
#7764=VERTEX_POINT('',#7763);
#7765=CARTESIAN_POINT('',(5.8276,-11.325013375,42.));
#7766=DIRECTION('',(-0.5,0.866025404,0.));
#7767=VECTOR('',#7766,3.);
#7768=LINE('',#7765,#7767);
#7769=EDGE_CURVE('',#7756,#7764,#7768,.T.);
#7770=ORIENTED_EDGE('',*,*,#7769,.T.);
#7771=CARTESIAN_POINT('',(1.3276,-8.726937164,42.));
#7772=VERTEX_POINT('',#7771);
#7773=CARTESIAN_POINT('',(4.3276,-8.726937164,42.));
#7774=DIRECTION('',(-1.,0.,0.));
#7775=VECTOR('',#7774,3.);
#7776=LINE('',#7773,#7775);
#7777=EDGE_CURVE('',#7764,#7772,#7776,.T.);
#7778=ORIENTED_EDGE('',*,*,#7777,.T.);
#7779=CARTESIAN_POINT('',(-0.1724,-11.325013375,42.));
#7780=VERTEX_POINT('',#7779);
#7781=CARTESIAN_POINT('',(1.3276,-8.726937164,42.));
#7782=DIRECTION('',(-0.5,-0.866025404,0.));
#7783=VECTOR('',#7782,3.);
#7784=LINE('',#7781,#7783);
#7785=EDGE_CURVE('',#7772,#7780,#7784,.T.);
#7786=ORIENTED_EDGE('',*,*,#7785,.T.);
#7787=CARTESIAN_POINT('',(-0.1724,-11.325013375,42.));
#7788=DIRECTION('',(0.5,-0.866025404,0.));
#7789=VECTOR('',#7788,3.);
#7790=LINE('',#7787,#7789);
#7791=EDGE_CURVE('',#7780,#7746,#7790,.T.);
#7792=ORIENTED_EDGE('',*,*,#7791,.T.);
#7793=EDGE_LOOP('',(#7754,#7762,#7770,#7778,#7786,#7792));
#7794=FACE_BOUND('',#7793,.T.);
#7795=CARTESIAN_POINT('',(-4.3276,-18.521165798,42.));
#7796=VERTEX_POINT('',#7795);
#7797=CARTESIAN_POINT('',(-1.3276,-18.521165798,42.));
#7798=VERTEX_POINT('',#7797);
#7799=CARTESIAN_POINT('',(-4.3276,-18.521165798,42.));
#7800=DIRECTION('',(1.,0.,0.));
#7801=VECTOR('',#7800,3.);
#7802=LINE('',#7799,#7801);
#7803=EDGE_CURVE('',#7796,#7798,#7802,.T.);
#7804=ORIENTED_EDGE('',*,*,#7803,.T.);
#7805=CARTESIAN_POINT('',(0.1724,-15.923089586,42.));
#7806=VERTEX_POINT('',#7805);
#7807=CARTESIAN_POINT('',(-1.3276,-18.521165798,42.));
#7808=DIRECTION('',(0.5,0.866025404,0.));
#7809=VECTOR('',#7808,3.);
#7810=LINE('',#7807,#7809);
#7811=EDGE_CURVE('',#7798,#7806,#7810,.T.);
#7812=ORIENTED_EDGE('',*,*,#7811,.T.);
#7813=CARTESIAN_POINT('',(-1.3276,-13.325013375,42.));
#7814=VERTEX_POINT('',#7813);
#7815=CARTESIAN_POINT('',(0.1724,-15.923089586,42.));
#7816=DIRECTION('',(-0.5,0.866025404,0.));
#7817=VECTOR('',#7816,3.);
#7818=LINE('',#7815,#7817);
#7819=EDGE_CURVE('',#7806,#7814,#7818,.T.);
#7820=ORIENTED_EDGE('',*,*,#7819,.T.);
#7821=CARTESIAN_POINT('',(-4.3276,-13.325013375,42.));
#7822=VERTEX_POINT('',#7821);
#7823=CARTESIAN_POINT('',(-1.3276,-13.325013375,42.));
#7824=DIRECTION('',(-1.,0.,0.));
#7825=VECTOR('',#7824,3.);
#7826=LINE('',#7823,#7825);
#7827=EDGE_CURVE('',#7814,#7822,#7826,.T.);
#7828=ORIENTED_EDGE('',*,*,#7827,.T.);
#7829=CARTESIAN_POINT('',(-5.8276,-15.923089586,42.));
#7830=VERTEX_POINT('',#7829);
#7831=CARTESIAN_POINT('',(-4.3276,-13.325013375,42.));
#7832=DIRECTION('',(-0.5,-0.866025404,0.));
#7833=VECTOR('',#7832,3.);
#7834=LINE('',#7831,#7833);
#7835=EDGE_CURVE('',#7822,#7830,#7834,.T.);
#7836=ORIENTED_EDGE('',*,*,#7835,.T.);
#7837=CARTESIAN_POINT('',(-5.8276,-15.923089586,42.));
#7838=DIRECTION('',(0.5,-0.866025404,0.));
#7839=VECTOR('',#7838,3.);
#7840=LINE('',#7837,#7839);
#7841=EDGE_CURVE('',#7830,#7796,#7840,.T.);
#7842=ORIENTED_EDGE('',*,*,#7841,.T.);
#7843=EDGE_LOOP('',(#7804,#7812,#7820,#7828,#7836,#7842));
#7844=FACE_BOUND('',#7843,.T.);
#7845=CARTESIAN_POINT('',(1.3276,4.469310414,42.));
#7846=VERTEX_POINT('',#7845);
#7847=CARTESIAN_POINT('',(4.3276,4.469310414,42.));
#7848=VERTEX_POINT('',#7847);
#7849=CARTESIAN_POINT('',(1.3276,4.469310414,42.));
#7850=DIRECTION('',(1.,0.,0.));
#7851=VECTOR('',#7850,3.);
#7852=LINE('',#7849,#7851);
#7853=EDGE_CURVE('',#7846,#7848,#7852,.T.);
#7854=ORIENTED_EDGE('',*,*,#7853,.T.);
#7855=CARTESIAN_POINT('',(5.8276,7.067386625,42.));
#7856=VERTEX_POINT('',#7855);
#7857=CARTESIAN_POINT('',(4.3276,4.469310414,42.));
#7858=DIRECTION('',(0.5,0.866025404,0.));
#7859=VECTOR('',#7858,3.);
#7860=LINE('',#7857,#7859);
#7861=EDGE_CURVE('',#7848,#7856,#7860,.T.);
#7862=ORIENTED_EDGE('',*,*,#7861,.T.);
#7863=CARTESIAN_POINT('',(4.3276,9.665462836,42.));
#7864=VERTEX_POINT('',#7863);
#7865=CARTESIAN_POINT('',(5.8276,7.067386625,42.));
#7866=DIRECTION('',(-0.5,0.866025404,0.));
#7867=VECTOR('',#7866,3.);
#7868=LINE('',#7865,#7867);
#7869=EDGE_CURVE('',#7856,#7864,#7868,.T.);
#7870=ORIENTED_EDGE('',*,*,#7869,.T.);
#7871=CARTESIAN_POINT('',(1.3276,9.665462836,42.));
#7872=VERTEX_POINT('',#7871);
#7873=CARTESIAN_POINT('',(4.3276,9.665462836,42.));
#7874=DIRECTION('',(-1.,0.,0.));
#7875=VECTOR('',#7874,3.);
#7876=LINE('',#7873,#7875);
#7877=EDGE_CURVE('',#7864,#7872,#7876,.T.);
#7878=ORIENTED_EDGE('',*,*,#7877,.T.);
#7879=CARTESIAN_POINT('',(-0.1724,7.067386625,42.));
#7880=VERTEX_POINT('',#7879);
#7881=CARTESIAN_POINT('',(1.3276,9.665462836,42.));
#7882=DIRECTION('',(-0.5,-0.866025404,0.));
#7883=VECTOR('',#7882,3.);
#7884=LINE('',#7881,#7883);
#7885=EDGE_CURVE('',#7872,#7880,#7884,.T.);
#7886=ORIENTED_EDGE('',*,*,#7885,.T.);
#7887=CARTESIAN_POINT('',(-0.1724,7.067386625,42.));
#7888=DIRECTION('',(0.5,-0.866025404,0.));
#7889=VECTOR('',#7888,3.);
#7890=LINE('',#7887,#7889);
#7891=EDGE_CURVE('',#7880,#7846,#7890,.T.);
#7892=ORIENTED_EDGE('',*,*,#7891,.T.);
#7893=EDGE_LOOP('',(#7854,#7862,#7870,#7878,#7886,#7892));
#7894=FACE_BOUND('',#7893,.T.);
#7895=CARTESIAN_POINT('',(-9.9828,-4.726889586,42.));
#7896=VERTEX_POINT('',#7895);
#7897=CARTESIAN_POINT('',(-6.9828,-4.726889586,42.));
#7898=VERTEX_POINT('',#7897);
#7899=CARTESIAN_POINT('',(-9.9828,-4.726889586,42.));
#7900=DIRECTION('',(1.,0.,0.));
#7901=VECTOR('',#7900,3.);
#7902=LINE('',#7899,#7901);
#7903=EDGE_CURVE('',#7896,#7898,#7902,.T.);
#7904=ORIENTED_EDGE('',*,*,#7903,.T.);
#7905=CARTESIAN_POINT('',(-5.4828,-2.128813375,42.));
#7906=VERTEX_POINT('',#7905);
#7907=CARTESIAN_POINT('',(-6.9828,-4.726889586,42.));
#7908=DIRECTION('',(0.5,0.866025404,0.));
#7909=VECTOR('',#7908,3.);
#7910=LINE('',#7907,#7909);
#7911=EDGE_CURVE('',#7898,#7906,#7910,.T.);
#7912=ORIENTED_EDGE('',*,*,#7911,.T.);
#7913=CARTESIAN_POINT('',(-6.9828,0.469262836,42.));
#7914=VERTEX_POINT('',#7913);
#7915=CARTESIAN_POINT('',(-5.4828,-2.128813375,42.));
#7916=DIRECTION('',(-0.5,0.866025404,0.));
#7917=VECTOR('',#7916,3.);
#7918=LINE('',#7915,#7917);
#7919=EDGE_CURVE('',#7906,#7914,#7918,.T.);
#7920=ORIENTED_EDGE('',*,*,#7919,.T.);
#7921=CARTESIAN_POINT('',(-9.9828,0.469262836,42.));
#7922=VERTEX_POINT('',#7921);
#7923=CARTESIAN_POINT('',(-6.9828,0.469262836,42.));
#7924=DIRECTION('',(-1.,0.,0.));
#7925=VECTOR('',#7924,3.);
#7926=LINE('',#7923,#7925);
#7927=EDGE_CURVE('',#7914,#7922,#7926,.T.);
#7928=ORIENTED_EDGE('',*,*,#7927,.T.);
#7929=CARTESIAN_POINT('',(-11.4828,-2.128813375,42.));
#7930=VERTEX_POINT('',#7929);
#7931=CARTESIAN_POINT('',(-9.9828,0.469262836,42.));
#7932=DIRECTION('',(-0.5,-0.866025404,0.));
#7933=VECTOR('',#7932,3.);
#7934=LINE('',#7931,#7933);
#7935=EDGE_CURVE('',#7922,#7930,#7934,.T.);
#7936=ORIENTED_EDGE('',*,*,#7935,.T.);
#7937=CARTESIAN_POINT('',(-11.4828,-2.128813375,42.));
#7938=DIRECTION('',(0.5,-0.866025404,0.));
#7939=VECTOR('',#7938,3.);
#7940=LINE('',#7937,#7939);
#7941=EDGE_CURVE('',#7930,#7896,#7940,.T.);
#7942=ORIENTED_EDGE('',*,*,#7941,.T.);
#7943=EDGE_LOOP('',(#7904,#7912,#7920,#7928,#7936,#7942));
#7944=FACE_BOUND('',#7943,.T.);
#7945=CARTESIAN_POINT('',(6.9828,18.263634202,42.));
#7946=VERTEX_POINT('',#7945);
#7947=CARTESIAN_POINT('',(9.9828,18.263634202,42.));
#7948=VERTEX_POINT('',#7947);
#7949=CARTESIAN_POINT('',(6.9828,18.263634202,42.));
#7950=DIRECTION('',(1.,0.,0.));
#7951=VECTOR('',#7950,3.);
#7952=LINE('',#7949,#7951);
#7953=EDGE_CURVE('',#7946,#7948,#7952,.T.);
#7954=ORIENTED_EDGE('',*,*,#7953,.T.);
#7955=CARTESIAN_POINT('',(11.4828,20.861710414,42.));
#7956=VERTEX_POINT('',#7955);
#7957=CARTESIAN_POINT('',(9.9828,18.263634202,42.));
#7958=DIRECTION('',(0.5,0.866025404,0.));
#7959=VECTOR('',#7958,3.);
#7960=LINE('',#7957,#7959);
#7961=EDGE_CURVE('',#7948,#7956,#7960,.T.);
#7962=ORIENTED_EDGE('',*,*,#7961,.T.);
#7963=CARTESIAN_POINT('',(9.9828,23.459786625,42.));
#7964=VERTEX_POINT('',#7963);
#7965=CARTESIAN_POINT('',(11.4828,20.861710414,42.));
#7966=DIRECTION('',(-0.5,0.866025404,0.));
#7967=VECTOR('',#7966,3.);
#7968=LINE('',#7965,#7967);
#7969=EDGE_CURVE('',#7956,#7964,#7968,.T.);
#7970=ORIENTED_EDGE('',*,*,#7969,.T.);
#7971=CARTESIAN_POINT('',(6.9828,23.459786625,42.));
#7972=VERTEX_POINT('',#7971);
#7973=CARTESIAN_POINT('',(9.9828,23.459786625,42.));
#7974=DIRECTION('',(-1.,0.,0.));
#7975=VECTOR('',#7974,3.);
#7976=LINE('',#7973,#7975);
#7977=EDGE_CURVE('',#7964,#7972,#7976,.T.);
#7978=ORIENTED_EDGE('',*,*,#7977,.T.);
#7979=CARTESIAN_POINT('',(5.4828,20.861710414,42.));
#7980=VERTEX_POINT('',#7979);
#7981=CARTESIAN_POINT('',(6.9828,23.459786625,42.));
#7982=DIRECTION('',(-0.5,-0.866025404,0.));
#7983=VECTOR('',#7982,3.);
#7984=LINE('',#7981,#7983);
#7985=EDGE_CURVE('',#7972,#7980,#7984,.T.);
#7986=ORIENTED_EDGE('',*,*,#7985,.T.);
#7987=CARTESIAN_POINT('',(5.4828,20.861710414,42.));
#7988=DIRECTION('',(0.5,-0.866025404,0.));
#7989=VECTOR('',#7988,3.);
#7990=LINE('',#7987,#7989);
#7991=EDGE_CURVE('',#7980,#7946,#7990,.T.);
#7992=ORIENTED_EDGE('',*,*,#7991,.T.);
#7993=EDGE_LOOP('',(#7954,#7962,#7970,#7978,#7986,#7992));
#7994=FACE_BOUND('',#7993,.T.);
#7995=CARTESIAN_POINT('',(-4.3276,9.067434202,42.));
#7996=VERTEX_POINT('',#7995);
#7997=CARTESIAN_POINT('',(-1.3276,9.067434202,42.));
#7998=VERTEX_POINT('',#7997);
#7999=CARTESIAN_POINT('',(-4.3276,9.067434202,42.));
#8000=DIRECTION('',(1.,0.,0.));
#8001=VECTOR('',#8000,3.);
#8002=LINE('',#7999,#8001);
#8003=EDGE_CURVE('',#7996,#7998,#8002,.T.);
#8004=ORIENTED_EDGE('',*,*,#8003,.T.);
#8005=CARTESIAN_POINT('',(0.1724,11.665510414,42.));
#8006=VERTEX_POINT('',#8005);
#8007=CARTESIAN_POINT('',(-1.3276,9.067434202,42.));
#8008=DIRECTION('',(0.5,0.866025404,0.));
#8009=VECTOR('',#8008,3.);
#8010=LINE('',#8007,#8009);
#8011=EDGE_CURVE('',#7998,#8006,#8010,.T.);
#8012=ORIENTED_EDGE('',*,*,#8011,.T.);
#8013=CARTESIAN_POINT('',(-1.3276,14.263586625,42.));
#8014=VERTEX_POINT('',#8013);
#8015=CARTESIAN_POINT('',(0.1724,11.665510414,42.));
#8016=DIRECTION('',(-0.5,0.866025404,0.));
#8017=VECTOR('',#8016,3.);
#8018=LINE('',#8015,#8017);
#8019=EDGE_CURVE('',#8006,#8014,#8018,.T.);
#8020=ORIENTED_EDGE('',*,*,#8019,.T.);
#8021=CARTESIAN_POINT('',(-4.3276,14.263586625,42.));
#8022=VERTEX_POINT('',#8021);
#8023=CARTESIAN_POINT('',(-1.3276,14.263586625,42.));
#8024=DIRECTION('',(-1.,0.,0.));
#8025=VECTOR('',#8024,3.);
#8026=LINE('',#8023,#8025);
#8027=EDGE_CURVE('',#8014,#8022,#8026,.T.);
#8028=ORIENTED_EDGE('',*,*,#8027,.T.);
#8029=CARTESIAN_POINT('',(-5.8276,11.665510414,42.));
#8030=VERTEX_POINT('',#8029);
#8031=CARTESIAN_POINT('',(-4.3276,14.263586625,42.));
#8032=DIRECTION('',(-0.5,-0.866025404,0.));
#8033=VECTOR('',#8032,3.);
#8034=LINE('',#8031,#8033);
#8035=EDGE_CURVE('',#8022,#8030,#8034,.T.);
#8036=ORIENTED_EDGE('',*,*,#8035,.T.);
#8037=CARTESIAN_POINT('',(-5.8276,11.665510414,42.));
#8038=DIRECTION('',(0.5,-0.866025404,0.));
#8039=VECTOR('',#8038,3.);
#8040=LINE('',#8037,#8039);
#8041=EDGE_CURVE('',#8030,#7996,#8040,.T.);
#8042=ORIENTED_EDGE('',*,*,#8041,.T.);
#8043=EDGE_LOOP('',(#8004,#8012,#8020,#8028,#8036,#8042));
#8044=FACE_BOUND('',#8043,.T.);
#8045=CARTESIAN_POINT('',(-4.3276,-0.128765798,42.));
#8046=VERTEX_POINT('',#8045);
#8047=CARTESIAN_POINT('',(-1.3276,-0.128765798,42.));
#8048=VERTEX_POINT('',#8047);
#8049=CARTESIAN_POINT('',(-4.3276,-0.128765798,42.));
#8050=DIRECTION('',(1.,0.,0.));
#8051=VECTOR('',#8050,3.);
#8052=LINE('',#8049,#8051);
#8053=EDGE_CURVE('',#8046,#8048,#8052,.T.);
#8054=ORIENTED_EDGE('',*,*,#8053,.T.);
#8055=CARTESIAN_POINT('',(0.1724,2.469310414,42.));
#8056=VERTEX_POINT('',#8055);
#8057=CARTESIAN_POINT('',(-1.3276,-0.128765798,42.));
#8058=DIRECTION('',(0.5,0.866025404,0.));
#8059=VECTOR('',#8058,3.);
#8060=LINE('',#8057,#8059);
#8061=EDGE_CURVE('',#8048,#8056,#8060,.T.);
#8062=ORIENTED_EDGE('',*,*,#8061,.T.);
#8063=CARTESIAN_POINT('',(-1.3276,5.067386625,42.));
#8064=VERTEX_POINT('',#8063);
#8065=CARTESIAN_POINT('',(0.1724,2.469310414,42.));
#8066=DIRECTION('',(-0.5,0.866025404,0.));
#8067=VECTOR('',#8066,3.);
#8068=LINE('',#8065,#8067);
#8069=EDGE_CURVE('',#8056,#8064,#8068,.T.);
#8070=ORIENTED_EDGE('',*,*,#8069,.T.);
#8071=CARTESIAN_POINT('',(-4.3276,5.067386625,42.));
#8072=VERTEX_POINT('',#8071);
#8073=CARTESIAN_POINT('',(-1.3276,5.067386625,42.));
#8074=DIRECTION('',(-1.,0.,0.));
#8075=VECTOR('',#8074,3.);
#8076=LINE('',#8073,#8075);
#8077=EDGE_CURVE('',#8064,#8072,#8076,.T.);
#8078=ORIENTED_EDGE('',*,*,#8077,.T.);
#8079=CARTESIAN_POINT('',(-5.8276,2.469310414,42.));
#8080=VERTEX_POINT('',#8079);
#8081=CARTESIAN_POINT('',(-4.3276,5.067386625,42.));
#8082=DIRECTION('',(-0.5,-0.866025404,0.));
#8083=VECTOR('',#8082,3.);
#8084=LINE('',#8081,#8083);
#8085=EDGE_CURVE('',#8072,#8080,#8084,.T.);
#8086=ORIENTED_EDGE('',*,*,#8085,.T.);
#8087=CARTESIAN_POINT('',(-5.8276,2.469310414,42.));
#8088=DIRECTION('',(0.5,-0.866025404,0.));
#8089=VECTOR('',#8088,3.);
#8090=LINE('',#8087,#8089);
#8091=EDGE_CURVE('',#8080,#8046,#8090,.T.);
#8092=ORIENTED_EDGE('',*,*,#8091,.T.);
#8093=EDGE_LOOP('',(#8054,#8062,#8070,#8078,#8086,#8092));
#8094=FACE_BOUND('',#8093,.T.);
#8095=CARTESIAN_POINT('',(18.2932,-46.109765798,42.));
#8096=VERTEX_POINT('',#8095);
#8097=CARTESIAN_POINT('',(21.2932,-46.109765798,42.));
#8098=VERTEX_POINT('',#8097);
#8099=CARTESIAN_POINT('',(18.2932,-46.109765798,42.));
#8100=DIRECTION('',(1.,0.,-0.));
#8101=VECTOR('',#8100,3.);
#8102=LINE('',#8099,#8101);
#8103=EDGE_CURVE('',#8096,#8098,#8102,.T.);
#8104=ORIENTED_EDGE('',*,*,#8103,.T.);
#8105=CARTESIAN_POINT('',(22.7932,-43.511689586,42.));
#8106=VERTEX_POINT('',#8105);
#8107=CARTESIAN_POINT('',(21.2932,-46.109765798,42.));
#8108=DIRECTION('',(0.5,0.866025404,0.));
#8109=VECTOR('',#8108,3.);
#8110=LINE('',#8107,#8109);
#8111=EDGE_CURVE('',#8098,#8106,#8110,.T.);
#8112=ORIENTED_EDGE('',*,*,#8111,.T.);
#8113=CARTESIAN_POINT('',(21.2932,-40.913613375,42.));
#8114=VERTEX_POINT('',#8113);
#8115=CARTESIAN_POINT('',(22.7932,-43.511689586,42.));
#8116=DIRECTION('',(-0.5,0.866025404,0.));
#8117=VECTOR('',#8116,3.);
#8118=LINE('',#8115,#8117);
#8119=EDGE_CURVE('',#8106,#8114,#8118,.T.);
#8120=ORIENTED_EDGE('',*,*,#8119,.T.);
#8121=CARTESIAN_POINT('',(18.2932,-40.913613375,42.));
#8122=VERTEX_POINT('',#8121);
#8123=CARTESIAN_POINT('',(21.2932,-40.913613375,42.));
#8124=DIRECTION('',(-1.,0.,0.));
#8125=VECTOR('',#8124,3.);
#8126=LINE('',#8123,#8125);
#8127=EDGE_CURVE('',#8114,#8122,#8126,.T.);
#8128=ORIENTED_EDGE('',*,*,#8127,.T.);
#8129=CARTESIAN_POINT('',(16.7932,-43.511689586,42.));
#8130=VERTEX_POINT('',#8129);
#8131=CARTESIAN_POINT('',(18.2932,-40.913613375,42.));
#8132=DIRECTION('',(-0.5,-0.866025404,0.));
#8133=VECTOR('',#8132,3.);
#8134=LINE('',#8131,#8133);
#8135=EDGE_CURVE('',#8122,#8130,#8134,.T.);
#8136=ORIENTED_EDGE('',*,*,#8135,.T.);
#8137=CARTESIAN_POINT('',(16.7932,-43.511689586,42.));
#8138=DIRECTION('',(0.5,-0.866025404,0.));
#8139=VECTOR('',#8138,3.);
#8140=LINE('',#8137,#8139);
#8141=EDGE_CURVE('',#8130,#8096,#8140,.T.);
#8142=ORIENTED_EDGE('',*,*,#8141,.T.);
#8143=EDGE_LOOP('',(#8104,#8112,#8120,#8128,#8136,#8142));
#8144=FACE_BOUND('',#8143,.T.);
#8145=CARTESIAN_POINT('',(12.638,13.665510414,42.));
#8146=VERTEX_POINT('',#8145);
#8147=CARTESIAN_POINT('',(15.638,13.665510414,42.));
#8148=VERTEX_POINT('',#8147);
#8149=CARTESIAN_POINT('',(12.638,13.665510414,42.));
#8150=DIRECTION('',(1.,0.,0.));
#8151=VECTOR('',#8150,3.);
#8152=LINE('',#8149,#8151);
#8153=EDGE_CURVE('',#8146,#8148,#8152,.T.);
#8154=ORIENTED_EDGE('',*,*,#8153,.T.);
#8155=CARTESIAN_POINT('',(17.138,16.263586625,42.));
#8156=VERTEX_POINT('',#8155);
#8157=CARTESIAN_POINT('',(15.638,13.665510414,42.));
#8158=DIRECTION('',(0.5,0.866025404,0.));
#8159=VECTOR('',#8158,3.);
#8160=LINE('',#8157,#8159);
#8161=EDGE_CURVE('',#8148,#8156,#8160,.T.);
#8162=ORIENTED_EDGE('',*,*,#8161,.T.);
#8163=CARTESIAN_POINT('',(15.638,18.861662836,42.));
#8164=VERTEX_POINT('',#8163);
#8165=CARTESIAN_POINT('',(17.138,16.263586625,42.));
#8166=DIRECTION('',(-0.5,0.866025404,0.));
#8167=VECTOR('',#8166,3.);
#8168=LINE('',#8165,#8167);
#8169=EDGE_CURVE('',#8156,#8164,#8168,.T.);
#8170=ORIENTED_EDGE('',*,*,#8169,.T.);
#8171=CARTESIAN_POINT('',(12.638,18.861662836,42.));
#8172=VERTEX_POINT('',#8171);
#8173=CARTESIAN_POINT('',(15.638,18.861662836,42.));
#8174=DIRECTION('',(-1.,0.,0.));
#8175=VECTOR('',#8174,3.);
#8176=LINE('',#8173,#8175);
#8177=EDGE_CURVE('',#8164,#8172,#8176,.T.);
#8178=ORIENTED_EDGE('',*,*,#8177,.T.);
#8179=CARTESIAN_POINT('',(11.138,16.263586625,42.));
#8180=VERTEX_POINT('',#8179);
#8181=CARTESIAN_POINT('',(12.638,18.861662836,42.));
#8182=DIRECTION('',(-0.5,-0.866025404,0.));
#8183=VECTOR('',#8182,3.);
#8184=LINE('',#8181,#8183);
#8185=EDGE_CURVE('',#8172,#8180,#8184,.T.);
#8186=ORIENTED_EDGE('',*,*,#8185,.T.);
#8187=CARTESIAN_POINT('',(11.138,16.263586625,42.));
#8188=DIRECTION('',(0.5,-0.866025404,0.));
#8189=VECTOR('',#8188,3.);
#8190=LINE('',#8187,#8189);
#8191=EDGE_CURVE('',#8180,#8146,#8190,.T.);
#8192=ORIENTED_EDGE('',*,*,#8191,.T.);
#8193=EDGE_LOOP('',(#8154,#8162,#8170,#8178,#8186,#8192));
#8194=FACE_BOUND('',#8193,.T.);
#8195=CARTESIAN_POINT('',(12.638,-13.923089586,42.));
#8196=VERTEX_POINT('',#8195);
#8197=CARTESIAN_POINT('',(15.638,-13.923089586,42.));
#8198=VERTEX_POINT('',#8197);
#8199=CARTESIAN_POINT('',(12.638,-13.923089586,42.));
#8200=DIRECTION('',(1.,0.,0.));
#8201=VECTOR('',#8200,3.);
#8202=LINE('',#8199,#8201);
#8203=EDGE_CURVE('',#8196,#8198,#8202,.T.);
#8204=ORIENTED_EDGE('',*,*,#8203,.T.);
#8205=CARTESIAN_POINT('',(17.138,-11.325013375,42.));
#8206=VERTEX_POINT('',#8205);
#8207=CARTESIAN_POINT('',(15.638,-13.923089586,42.));
#8208=DIRECTION('',(0.5,0.866025404,0.));
#8209=VECTOR('',#8208,3.);
#8210=LINE('',#8207,#8209);
#8211=EDGE_CURVE('',#8198,#8206,#8210,.T.);
#8212=ORIENTED_EDGE('',*,*,#8211,.T.);
#8213=CARTESIAN_POINT('',(15.638,-8.726937164,42.));
#8214=VERTEX_POINT('',#8213);
#8215=CARTESIAN_POINT('',(17.138,-11.325013375,42.));
#8216=DIRECTION('',(-0.5,0.866025404,0.));
#8217=VECTOR('',#8216,3.);
#8218=LINE('',#8215,#8217);
#8219=EDGE_CURVE('',#8206,#8214,#8218,.T.);
#8220=ORIENTED_EDGE('',*,*,#8219,.T.);
#8221=CARTESIAN_POINT('',(12.638,-8.726937164,42.));
#8222=VERTEX_POINT('',#8221);
#8223=CARTESIAN_POINT('',(15.638,-8.726937164,42.));
#8224=DIRECTION('',(-1.,0.,0.));
#8225=VECTOR('',#8224,3.);
#8226=LINE('',#8223,#8225);
#8227=EDGE_CURVE('',#8214,#8222,#8226,.T.);
#8228=ORIENTED_EDGE('',*,*,#8227,.T.);
#8229=CARTESIAN_POINT('',(11.138,-11.325013375,42.));
#8230=VERTEX_POINT('',#8229);
#8231=CARTESIAN_POINT('',(12.638,-8.726937164,42.));
#8232=DIRECTION('',(-0.5,-0.866025404,0.));
#8233=VECTOR('',#8232,3.);
#8234=LINE('',#8231,#8233);
#8235=EDGE_CURVE('',#8222,#8230,#8234,.T.);
#8236=ORIENTED_EDGE('',*,*,#8235,.T.);
#8237=CARTESIAN_POINT('',(11.138,-11.325013375,42.));
#8238=DIRECTION('',(0.5,-0.866025404,0.));
#8239=VECTOR('',#8238,3.);
#8240=LINE('',#8237,#8239);
#8241=EDGE_CURVE('',#8230,#8196,#8240,.T.);
#8242=ORIENTED_EDGE('',*,*,#8241,.T.);
#8243=EDGE_LOOP('',(#8204,#8212,#8220,#8228,#8236,#8242));
#8244=FACE_BOUND('',#8243,.T.);
#8245=CARTESIAN_POINT('',(1.3276,-41.511689586,42.));
#8246=VERTEX_POINT('',#8245);
#8247=CARTESIAN_POINT('',(4.3276,-41.511689586,42.));
#8248=VERTEX_POINT('',#8247);
#8249=CARTESIAN_POINT('',(1.3276,-41.511689586,42.));
#8250=DIRECTION('',(1.,0.,0.));
#8251=VECTOR('',#8250,3.);
#8252=LINE('',#8249,#8251);
#8253=EDGE_CURVE('',#8246,#8248,#8252,.T.);
#8254=ORIENTED_EDGE('',*,*,#8253,.T.);
#8255=CARTESIAN_POINT('',(5.8276,-38.913613375,42.));
#8256=VERTEX_POINT('',#8255);
#8257=CARTESIAN_POINT('',(4.3276,-41.511689586,42.));
#8258=DIRECTION('',(0.5,0.866025404,0.));
#8259=VECTOR('',#8258,3.);
#8260=LINE('',#8257,#8259);
#8261=EDGE_CURVE('',#8248,#8256,#8260,.T.);
#8262=ORIENTED_EDGE('',*,*,#8261,.T.);
#8263=CARTESIAN_POINT('',(4.3276,-36.315537164,42.));
#8264=VERTEX_POINT('',#8263);
#8265=CARTESIAN_POINT('',(5.8276,-38.913613375,42.));
#8266=DIRECTION('',(-0.5,0.866025404,0.));
#8267=VECTOR('',#8266,3.);
#8268=LINE('',#8265,#8267);
#8269=EDGE_CURVE('',#8256,#8264,#8268,.T.);
#8270=ORIENTED_EDGE('',*,*,#8269,.T.);
#8271=CARTESIAN_POINT('',(1.3276,-36.315537164,42.));
#8272=VERTEX_POINT('',#8271);
#8273=CARTESIAN_POINT('',(4.3276,-36.315537164,42.));
#8274=DIRECTION('',(-1.,0.,0.));
#8275=VECTOR('',#8274,3.);
#8276=LINE('',#8273,#8275);
#8277=EDGE_CURVE('',#8264,#8272,#8276,.T.);
#8278=ORIENTED_EDGE('',*,*,#8277,.T.);
#8279=CARTESIAN_POINT('',(-0.1724,-38.913613375,42.));
#8280=VERTEX_POINT('',#8279);
#8281=CARTESIAN_POINT('',(1.3276,-36.315537164,42.));
#8282=DIRECTION('',(-0.5,-0.866025404,0.));
#8283=VECTOR('',#8282,3.);
#8284=LINE('',#8281,#8283);
#8285=EDGE_CURVE('',#8272,#8280,#8284,.T.);
#8286=ORIENTED_EDGE('',*,*,#8285,.T.);
#8287=CARTESIAN_POINT('',(-0.1724,-38.913613375,42.));
#8288=DIRECTION('',(0.5,-0.866025404,0.));
#8289=VECTOR('',#8288,3.);
#8290=LINE('',#8287,#8289);
#8291=EDGE_CURVE('',#8280,#8246,#8290,.T.);
#8292=ORIENTED_EDGE('',*,*,#8291,.T.);
#8293=EDGE_LOOP('',(#8254,#8262,#8270,#8278,#8286,#8292));
#8294=FACE_BOUND('',#8293,.T.);
#8295=CARTESIAN_POINT('',(1.3276,-32.315489586,42.));
#8296=VERTEX_POINT('',#8295);
#8297=CARTESIAN_POINT('',(4.3276,-32.315489586,42.));
#8298=VERTEX_POINT('',#8297);
#8299=CARTESIAN_POINT('',(1.3276,-32.315489586,42.));
#8300=DIRECTION('',(1.,0.,0.));
#8301=VECTOR('',#8300,3.);
#8302=LINE('',#8299,#8301);
#8303=EDGE_CURVE('',#8296,#8298,#8302,.T.);
#8304=ORIENTED_EDGE('',*,*,#8303,.T.);
#8305=CARTESIAN_POINT('',(5.8276,-29.717413375,42.));
#8306=VERTEX_POINT('',#8305);
#8307=CARTESIAN_POINT('',(4.3276,-32.315489586,42.));
#8308=DIRECTION('',(0.5,0.866025404,0.));
#8309=VECTOR('',#8308,3.);
#8310=LINE('',#8307,#8309);
#8311=EDGE_CURVE('',#8298,#8306,#8310,.T.);
#8312=ORIENTED_EDGE('',*,*,#8311,.T.);
#8313=CARTESIAN_POINT('',(4.3276,-27.119337164,42.));
#8314=VERTEX_POINT('',#8313);
#8315=CARTESIAN_POINT('',(5.8276,-29.717413375,42.));
#8316=DIRECTION('',(-0.5,0.866025404,0.));
#8317=VECTOR('',#8316,3.);
#8318=LINE('',#8315,#8317);
#8319=EDGE_CURVE('',#8306,#8314,#8318,.T.);
#8320=ORIENTED_EDGE('',*,*,#8319,.T.);
#8321=CARTESIAN_POINT('',(1.3276,-27.119337164,42.));
#8322=VERTEX_POINT('',#8321);
#8323=CARTESIAN_POINT('',(4.3276,-27.119337164,42.));
#8324=DIRECTION('',(-1.,0.,0.));
#8325=VECTOR('',#8324,3.);
#8326=LINE('',#8323,#8325);
#8327=EDGE_CURVE('',#8314,#8322,#8326,.T.);
#8328=ORIENTED_EDGE('',*,*,#8327,.T.);
#8329=CARTESIAN_POINT('',(-0.1724,-29.717413375,42.));
#8330=VERTEX_POINT('',#8329);
#8331=CARTESIAN_POINT('',(1.3276,-27.119337164,42.));
#8332=DIRECTION('',(-0.5,-0.866025404,0.));
#8333=VECTOR('',#8332,3.);
#8334=LINE('',#8331,#8333);
#8335=EDGE_CURVE('',#8322,#8330,#8334,.T.);
#8336=ORIENTED_EDGE('',*,*,#8335,.T.);
#8337=CARTESIAN_POINT('',(-0.1724,-29.717413375,42.));
#8338=DIRECTION('',(0.5,-0.866025404,0.));
#8339=VECTOR('',#8338,3.);
#8340=LINE('',#8337,#8339);
#8341=EDGE_CURVE('',#8330,#8296,#8340,.T.);
#8342=ORIENTED_EDGE('',*,*,#8341,.T.);
#8343=EDGE_LOOP('',(#8304,#8312,#8320,#8328,#8336,#8342));
#8344=FACE_BOUND('',#8343,.T.);
#8345=CARTESIAN_POINT('',(18.2932,9.067434202,42.));
#8346=VERTEX_POINT('',#8345);
#8347=CARTESIAN_POINT('',(21.2932,9.067434202,42.));
#8348=VERTEX_POINT('',#8347);
#8349=CARTESIAN_POINT('',(18.2932,9.067434202,42.));
#8350=DIRECTION('',(1.,0.,0.));
#8351=VECTOR('',#8350,3.);
#8352=LINE('',#8349,#8351);
#8353=EDGE_CURVE('',#8346,#8348,#8352,.T.);
#8354=ORIENTED_EDGE('',*,*,#8353,.T.);
#8355=CARTESIAN_POINT('',(22.7932,11.665510414,42.));
#8356=VERTEX_POINT('',#8355);
#8357=CARTESIAN_POINT('',(21.2932,9.067434202,42.));
#8358=DIRECTION('',(0.5,0.866025404,0.));
#8359=VECTOR('',#8358,3.);
#8360=LINE('',#8357,#8359);
#8361=EDGE_CURVE('',#8348,#8356,#8360,.T.);
#8362=ORIENTED_EDGE('',*,*,#8361,.T.);
#8363=CARTESIAN_POINT('',(21.2932,14.263586625,42.));
#8364=VERTEX_POINT('',#8363);
#8365=CARTESIAN_POINT('',(22.7932,11.665510414,42.));
#8366=DIRECTION('',(-0.5,0.866025404,0.));
#8367=VECTOR('',#8366,3.);
#8368=LINE('',#8365,#8367);
#8369=EDGE_CURVE('',#8356,#8364,#8368,.T.);
#8370=ORIENTED_EDGE('',*,*,#8369,.T.);
#8371=CARTESIAN_POINT('',(18.2932,14.263586625,42.));
#8372=VERTEX_POINT('',#8371);
#8373=CARTESIAN_POINT('',(21.2932,14.263586625,42.));
#8374=DIRECTION('',(-1.,0.,0.));
#8375=VECTOR('',#8374,3.);
#8376=LINE('',#8373,#8375);
#8377=EDGE_CURVE('',#8364,#8372,#8376,.T.);
#8378=ORIENTED_EDGE('',*,*,#8377,.T.);
#8379=CARTESIAN_POINT('',(16.7932,11.665510414,42.));
#8380=VERTEX_POINT('',#8379);
#8381=CARTESIAN_POINT('',(18.2932,14.263586625,42.));
#8382=DIRECTION('',(-0.5,-0.866025404,0.));
#8383=VECTOR('',#8382,3.);
#8384=LINE('',#8381,#8383);
#8385=EDGE_CURVE('',#8372,#8380,#8384,.T.);
#8386=ORIENTED_EDGE('',*,*,#8385,.T.);
#8387=CARTESIAN_POINT('',(16.7932,11.665510414,42.));
#8388=DIRECTION('',(0.5,-0.866025404,0.));
#8389=VECTOR('',#8388,3.);
#8390=LINE('',#8387,#8389);
#8391=EDGE_CURVE('',#8380,#8346,#8390,.T.);
#8392=ORIENTED_EDGE('',*,*,#8391,.T.);
#8393=EDGE_LOOP('',(#8354,#8362,#8370,#8378,#8386,#8392));
#8394=FACE_BOUND('',#8393,.T.);
#8395=CARTESIAN_POINT('',(-4.3276,-36.913565798,42.));
#8396=VERTEX_POINT('',#8395);
#8397=CARTESIAN_POINT('',(-1.3276,-36.913565798,42.));
#8398=VERTEX_POINT('',#8397);
#8399=CARTESIAN_POINT('',(-4.3276,-36.913565798,42.));
#8400=DIRECTION('',(1.,0.,0.));
#8401=VECTOR('',#8400,3.);
#8402=LINE('',#8399,#8401);
#8403=EDGE_CURVE('',#8396,#8398,#8402,.T.);
#8404=ORIENTED_EDGE('',*,*,#8403,.T.);
#8405=CARTESIAN_POINT('',(0.1724,-34.315489586,42.));
#8406=VERTEX_POINT('',#8405);
#8407=CARTESIAN_POINT('',(-1.3276,-36.913565798,42.));
#8408=DIRECTION('',(0.5,0.866025404,0.));
#8409=VECTOR('',#8408,3.);
#8410=LINE('',#8407,#8409);
#8411=EDGE_CURVE('',#8398,#8406,#8410,.T.);
#8412=ORIENTED_EDGE('',*,*,#8411,.T.);
#8413=CARTESIAN_POINT('',(-1.3276,-31.717413375,42.));
#8414=VERTEX_POINT('',#8413);
#8415=CARTESIAN_POINT('',(0.1724,-34.315489586,42.));
#8416=DIRECTION('',(-0.5,0.866025404,0.));
#8417=VECTOR('',#8416,3.);
#8418=LINE('',#8415,#8417);
#8419=EDGE_CURVE('',#8406,#8414,#8418,.T.);
#8420=ORIENTED_EDGE('',*,*,#8419,.T.);
#8421=CARTESIAN_POINT('',(-4.3276,-31.717413375,42.));
#8422=VERTEX_POINT('',#8421);
#8423=CARTESIAN_POINT('',(-1.3276,-31.717413375,42.));
#8424=DIRECTION('',(-1.,0.,0.));
#8425=VECTOR('',#8424,3.);
#8426=LINE('',#8423,#8425);
#8427=EDGE_CURVE('',#8414,#8422,#8426,.T.);
#8428=ORIENTED_EDGE('',*,*,#8427,.T.);
#8429=CARTESIAN_POINT('',(-5.8276,-34.315489586,42.));
#8430=VERTEX_POINT('',#8429);
#8431=CARTESIAN_POINT('',(-4.3276,-31.717413375,42.));
#8432=DIRECTION('',(-0.5,-0.866025404,0.));
#8433=VECTOR('',#8432,3.);
#8434=LINE('',#8431,#8433);
#8435=EDGE_CURVE('',#8422,#8430,#8434,.T.);
#8436=ORIENTED_EDGE('',*,*,#8435,.T.);
#8437=CARTESIAN_POINT('',(-5.8276,-34.315489586,42.));
#8438=DIRECTION('',(0.5,-0.866025404,0.));
#8439=VECTOR('',#8438,3.);
#8440=LINE('',#8437,#8439);
#8441=EDGE_CURVE('',#8430,#8396,#8440,.T.);
#8442=ORIENTED_EDGE('',*,*,#8441,.T.);
#8443=EDGE_LOOP('',(#8404,#8412,#8420,#8428,#8436,#8442));
#8444=FACE_BOUND('',#8443,.T.);
#8445=CARTESIAN_POINT('',(-15.638,-9.324965798,42.));
#8446=VERTEX_POINT('',#8445);
#8447=CARTESIAN_POINT('',(-12.638,-9.324965798,42.));
#8448=VERTEX_POINT('',#8447);
#8449=CARTESIAN_POINT('',(-15.638,-9.324965798,42.));
#8450=DIRECTION('',(1.,0.,0.));
#8451=VECTOR('',#8450,3.);
#8452=LINE('',#8449,#8451);
#8453=EDGE_CURVE('',#8446,#8448,#8452,.T.);
#8454=ORIENTED_EDGE('',*,*,#8453,.T.);
#8455=CARTESIAN_POINT('',(-11.138,-6.726889586,42.));
#8456=VERTEX_POINT('',#8455);
#8457=CARTESIAN_POINT('',(-12.638,-9.324965798,42.));
#8458=DIRECTION('',(0.5,0.866025404,0.));
#8459=VECTOR('',#8458,3.);
#8460=LINE('',#8457,#8459);
#8461=EDGE_CURVE('',#8448,#8456,#8460,.T.);
#8462=ORIENTED_EDGE('',*,*,#8461,.T.);
#8463=CARTESIAN_POINT('',(-12.638,-4.128813375,42.));
#8464=VERTEX_POINT('',#8463);
#8465=CARTESIAN_POINT('',(-11.138,-6.726889586,42.));
#8466=DIRECTION('',(-0.5,0.866025404,0.));
#8467=VECTOR('',#8466,3.);
#8468=LINE('',#8465,#8467);
#8469=EDGE_CURVE('',#8456,#8464,#8468,.T.);
#8470=ORIENTED_EDGE('',*,*,#8469,.T.);
#8471=CARTESIAN_POINT('',(-15.638,-4.128813375,42.));
#8472=VERTEX_POINT('',#8471);
#8473=CARTESIAN_POINT('',(-12.638,-4.128813375,42.));
#8474=DIRECTION('',(-1.,0.,0.));
#8475=VECTOR('',#8474,3.);
#8476=LINE('',#8473,#8475);
#8477=EDGE_CURVE('',#8464,#8472,#8476,.T.);
#8478=ORIENTED_EDGE('',*,*,#8477,.T.);
#8479=CARTESIAN_POINT('',(-17.138,-6.726889586,42.));
#8480=VERTEX_POINT('',#8479);
#8481=CARTESIAN_POINT('',(-15.638,-4.128813375,42.));
#8482=DIRECTION('',(-0.5,-0.866025404,0.));
#8483=VECTOR('',#8482,3.);
#8484=LINE('',#8481,#8483);
#8485=EDGE_CURVE('',#8472,#8480,#8484,.T.);
#8486=ORIENTED_EDGE('',*,*,#8485,.T.);
#8487=CARTESIAN_POINT('',(-17.138,-6.726889586,42.));
#8488=DIRECTION('',(0.5,-0.866025404,0.));
#8489=VECTOR('',#8488,3.);
#8490=LINE('',#8487,#8489);
#8491=EDGE_CURVE('',#8480,#8446,#8490,.T.);
#8492=ORIENTED_EDGE('',*,*,#8491,.T.);
#8493=EDGE_LOOP('',(#8454,#8462,#8470,#8478,#8486,#8492));
#8494=FACE_BOUND('',#8493,.T.);
#8495=CARTESIAN_POINT('',(6.9828,-0.128765798,42.));
#8496=VERTEX_POINT('',#8495);
#8497=CARTESIAN_POINT('',(9.9828,-0.128765798,42.));
#8498=VERTEX_POINT('',#8497);
#8499=CARTESIAN_POINT('',(6.9828,-0.128765798,42.));
#8500=DIRECTION('',(1.,0.,0.));
#8501=VECTOR('',#8500,3.);
#8502=LINE('',#8499,#8501);
#8503=EDGE_CURVE('',#8496,#8498,#8502,.T.);
#8504=ORIENTED_EDGE('',*,*,#8503,.T.);
#8505=CARTESIAN_POINT('',(11.4828,2.469310414,42.));
#8506=VERTEX_POINT('',#8505);
#8507=CARTESIAN_POINT('',(9.9828,-0.128765798,42.));
#8508=DIRECTION('',(0.5,0.866025404,0.));
#8509=VECTOR('',#8508,3.);
#8510=LINE('',#8507,#8509);
#8511=EDGE_CURVE('',#8498,#8506,#8510,.T.);
#8512=ORIENTED_EDGE('',*,*,#8511,.T.);
#8513=CARTESIAN_POINT('',(9.9828,5.067386625,42.));
#8514=VERTEX_POINT('',#8513);
#8515=CARTESIAN_POINT('',(11.4828,2.469310414,42.));
#8516=DIRECTION('',(-0.5,0.866025404,0.));
#8517=VECTOR('',#8516,3.);
#8518=LINE('',#8515,#8517);
#8519=EDGE_CURVE('',#8506,#8514,#8518,.T.);
#8520=ORIENTED_EDGE('',*,*,#8519,.T.);
#8521=CARTESIAN_POINT('',(6.9828,5.067386625,42.));
#8522=VERTEX_POINT('',#8521);
#8523=CARTESIAN_POINT('',(9.9828,5.067386625,42.));
#8524=DIRECTION('',(-1.,0.,0.));
#8525=VECTOR('',#8524,3.);
#8526=LINE('',#8523,#8525);
#8527=EDGE_CURVE('',#8514,#8522,#8526,.T.);
#8528=ORIENTED_EDGE('',*,*,#8527,.T.);
#8529=CARTESIAN_POINT('',(5.4828,2.469310414,42.));
#8530=VERTEX_POINT('',#8529);
#8531=CARTESIAN_POINT('',(6.9828,5.067386625,42.));
#8532=DIRECTION('',(-0.5,-0.866025404,0.));
#8533=VECTOR('',#8532,3.);
#8534=LINE('',#8531,#8533);
#8535=EDGE_CURVE('',#8522,#8530,#8534,.T.);
#8536=ORIENTED_EDGE('',*,*,#8535,.T.);
#8537=CARTESIAN_POINT('',(5.4828,2.469310414,42.));
#8538=DIRECTION('',(0.5,-0.866025404,0.));
#8539=VECTOR('',#8538,3.);
#8540=LINE('',#8537,#8539);
#8541=EDGE_CURVE('',#8530,#8496,#8540,.T.);
#8542=ORIENTED_EDGE('',*,*,#8541,.T.);
#8543=EDGE_LOOP('',(#8504,#8512,#8520,#8528,#8536,#8542));
#8544=FACE_BOUND('',#8543,.T.);
#8545=CARTESIAN_POINT('',(-21.2932,13.665510414,42.));
#8546=VERTEX_POINT('',#8545);
#8547=CARTESIAN_POINT('',(-18.2932,13.665510414,42.));
#8548=VERTEX_POINT('',#8547);
#8549=CARTESIAN_POINT('',(-21.2932,13.665510414,42.));
#8550=DIRECTION('',(1.,0.,0.));
#8551=VECTOR('',#8550,3.);
#8552=LINE('',#8549,#8551);
#8553=EDGE_CURVE('',#8546,#8548,#8552,.T.);
#8554=ORIENTED_EDGE('',*,*,#8553,.T.);
#8555=CARTESIAN_POINT('',(-16.7932,16.263586625,42.));
#8556=VERTEX_POINT('',#8555);
#8557=CARTESIAN_POINT('',(-18.2932,13.665510414,42.));
#8558=DIRECTION('',(0.5,0.866025404,0.));
#8559=VECTOR('',#8558,3.);
#8560=LINE('',#8557,#8559);
#8561=EDGE_CURVE('',#8548,#8556,#8560,.T.);
#8562=ORIENTED_EDGE('',*,*,#8561,.T.);
#8563=CARTESIAN_POINT('',(-18.2932,18.861662836,42.));
#8564=VERTEX_POINT('',#8563);
#8565=CARTESIAN_POINT('',(-16.7932,16.263586625,42.));
#8566=DIRECTION('',(-0.5,0.866025404,0.));
#8567=VECTOR('',#8566,3.);
#8568=LINE('',#8565,#8567);
#8569=EDGE_CURVE('',#8556,#8564,#8568,.T.);
#8570=ORIENTED_EDGE('',*,*,#8569,.T.);
#8571=CARTESIAN_POINT('',(-21.2932,18.861662836,42.));
#8572=VERTEX_POINT('',#8571);
#8573=CARTESIAN_POINT('',(-18.2932,18.861662836,42.));
#8574=DIRECTION('',(-1.,0.,0.));
#8575=VECTOR('',#8574,3.);
#8576=LINE('',#8573,#8575);
#8577=EDGE_CURVE('',#8564,#8572,#8576,.T.);
#8578=ORIENTED_EDGE('',*,*,#8577,.T.);
#8579=CARTESIAN_POINT('',(-22.7932,16.263586625,42.));
#8580=VERTEX_POINT('',#8579);
#8581=CARTESIAN_POINT('',(-21.2932,18.861662836,42.));
#8582=DIRECTION('',(-0.5,-0.866025404,0.));
#8583=VECTOR('',#8582,3.);
#8584=LINE('',#8581,#8583);
#8585=EDGE_CURVE('',#8572,#8580,#8584,.T.);
#8586=ORIENTED_EDGE('',*,*,#8585,.T.);
#8587=CARTESIAN_POINT('',(-22.7932,16.263586625,42.));
#8588=DIRECTION('',(0.5,-0.866025404,0.));
#8589=VECTOR('',#8588,3.);
#8590=LINE('',#8587,#8589);
#8591=EDGE_CURVE('',#8580,#8546,#8590,.T.);
#8592=ORIENTED_EDGE('',*,*,#8591,.T.);
#8593=EDGE_LOOP('',(#8554,#8562,#8570,#8578,#8586,#8592));
#8594=FACE_BOUND('',#8593,.T.);
#8595=CARTESIAN_POINT('',(-21.2932,22.861710414,42.));
#8596=VERTEX_POINT('',#8595);
#8597=CARTESIAN_POINT('',(-18.2932,22.861710414,42.));
#8598=VERTEX_POINT('',#8597);
#8599=CARTESIAN_POINT('',(-21.2932,22.861710414,42.));
#8600=DIRECTION('',(1.,0.,0.));
#8601=VECTOR('',#8600,3.);
#8602=LINE('',#8599,#8601);
#8603=EDGE_CURVE('',#8596,#8598,#8602,.T.);
#8604=ORIENTED_EDGE('',*,*,#8603,.T.);
#8605=CARTESIAN_POINT('',(-16.7932,25.459786625,42.));
#8606=VERTEX_POINT('',#8605);
#8607=CARTESIAN_POINT('',(-18.2932,22.861710414,42.));
#8608=DIRECTION('',(0.5,0.866025404,0.));
#8609=VECTOR('',#8608,3.);
#8610=LINE('',#8607,#8609);
#8611=EDGE_CURVE('',#8598,#8606,#8610,.T.);
#8612=ORIENTED_EDGE('',*,*,#8611,.T.);
#8613=CARTESIAN_POINT('',(-18.2932,28.057862836,42.));
#8614=VERTEX_POINT('',#8613);
#8615=CARTESIAN_POINT('',(-16.7932,25.459786625,42.));
#8616=DIRECTION('',(-0.5,0.866025404,0.));
#8617=VECTOR('',#8616,3.);
#8618=LINE('',#8615,#8617);
#8619=EDGE_CURVE('',#8606,#8614,#8618,.T.);
#8620=ORIENTED_EDGE('',*,*,#8619,.T.);
#8621=CARTESIAN_POINT('',(-21.2932,28.057862836,42.));
#8622=VERTEX_POINT('',#8621);
#8623=CARTESIAN_POINT('',(-18.2932,28.057862836,42.));
#8624=DIRECTION('',(-1.,0.,0.));
#8625=VECTOR('',#8624,3.);
#8626=LINE('',#8623,#8625);
#8627=EDGE_CURVE('',#8614,#8622,#8626,.T.);
#8628=ORIENTED_EDGE('',*,*,#8627,.T.);
#8629=CARTESIAN_POINT('',(-22.7932,25.459786625,42.));
#8630=VERTEX_POINT('',#8629);
#8631=CARTESIAN_POINT('',(-21.2932,28.057862836,42.));
#8632=DIRECTION('',(-0.5,-0.866025404,0.));
#8633=VECTOR('',#8632,3.);
#8634=LINE('',#8631,#8633);
#8635=EDGE_CURVE('',#8622,#8630,#8634,.T.);
#8636=ORIENTED_EDGE('',*,*,#8635,.T.);
#8637=CARTESIAN_POINT('',(-22.7932,25.459786625,42.));
#8638=DIRECTION('',(0.5,-0.866025404,0.));
#8639=VECTOR('',#8638,3.);
#8640=LINE('',#8637,#8639);
#8641=EDGE_CURVE('',#8630,#8596,#8640,.T.);
#8642=ORIENTED_EDGE('',*,*,#8641,.T.);
#8643=EDGE_LOOP('',(#8604,#8612,#8620,#8628,#8636,#8642));
#8644=FACE_BOUND('',#8643,.T.);
#8645=CARTESIAN_POINT('',(1.3276,13.665510414,42.));
#8646=VERTEX_POINT('',#8645);
#8647=CARTESIAN_POINT('',(4.3276,13.665510414,42.));
#8648=VERTEX_POINT('',#8647);
#8649=CARTESIAN_POINT('',(1.3276,13.665510414,42.));
#8650=DIRECTION('',(1.,0.,0.));
#8651=VECTOR('',#8650,3.);
#8652=LINE('',#8649,#8651);
#8653=EDGE_CURVE('',#8646,#8648,#8652,.T.);
#8654=ORIENTED_EDGE('',*,*,#8653,.T.);
#8655=CARTESIAN_POINT('',(5.8276,16.263586625,42.));
#8656=VERTEX_POINT('',#8655);
#8657=CARTESIAN_POINT('',(4.3276,13.665510414,42.));
#8658=DIRECTION('',(0.5,0.866025404,0.));
#8659=VECTOR('',#8658,3.);
#8660=LINE('',#8657,#8659);
#8661=EDGE_CURVE('',#8648,#8656,#8660,.T.);
#8662=ORIENTED_EDGE('',*,*,#8661,.T.);
#8663=CARTESIAN_POINT('',(4.3276,18.861662836,42.));
#8664=VERTEX_POINT('',#8663);
#8665=CARTESIAN_POINT('',(5.8276,16.263586625,42.));
#8666=DIRECTION('',(-0.5,0.866025404,0.));
#8667=VECTOR('',#8666,3.);
#8668=LINE('',#8665,#8667);
#8669=EDGE_CURVE('',#8656,#8664,#8668,.T.);
#8670=ORIENTED_EDGE('',*,*,#8669,.T.);
#8671=CARTESIAN_POINT('',(1.3276,18.861662836,42.));
#8672=VERTEX_POINT('',#8671);
#8673=CARTESIAN_POINT('',(4.3276,18.861662836,42.));
#8674=DIRECTION('',(-1.,0.,0.));
#8675=VECTOR('',#8674,3.);
#8676=LINE('',#8673,#8675);
#8677=EDGE_CURVE('',#8664,#8672,#8676,.T.);
#8678=ORIENTED_EDGE('',*,*,#8677,.T.);
#8679=CARTESIAN_POINT('',(-0.1724,16.263586625,42.));
#8680=VERTEX_POINT('',#8679);
#8681=CARTESIAN_POINT('',(1.3276,18.861662836,42.));
#8682=DIRECTION('',(-0.5,-0.866025404,0.));
#8683=VECTOR('',#8682,3.);
#8684=LINE('',#8681,#8683);
#8685=EDGE_CURVE('',#8672,#8680,#8684,.T.);
#8686=ORIENTED_EDGE('',*,*,#8685,.T.);
#8687=CARTESIAN_POINT('',(-0.1724,16.263586625,42.));
#8688=DIRECTION('',(0.5,-0.866025404,0.));
#8689=VECTOR('',#8688,3.);
#8690=LINE('',#8687,#8689);
#8691=EDGE_CURVE('',#8680,#8646,#8690,.T.);
#8692=ORIENTED_EDGE('',*,*,#8691,.T.);
#8693=EDGE_LOOP('',(#8654,#8662,#8670,#8678,#8686,#8692));
#8694=FACE_BOUND('',#8693,.T.);
#8695=CARTESIAN_POINT('',(6.9828,-18.521165798,42.));
#8696=VERTEX_POINT('',#8695);
#8697=CARTESIAN_POINT('',(9.9828,-18.521165798,42.));
#8698=VERTEX_POINT('',#8697);
#8699=CARTESIAN_POINT('',(6.9828,-18.521165798,42.));
#8700=DIRECTION('',(1.,0.,0.));
#8701=VECTOR('',#8700,3.);
#8702=LINE('',#8699,#8701);
#8703=EDGE_CURVE('',#8696,#8698,#8702,.T.);
#8704=ORIENTED_EDGE('',*,*,#8703,.T.);
#8705=CARTESIAN_POINT('',(11.4828,-15.923089586,42.));
#8706=VERTEX_POINT('',#8705);
#8707=CARTESIAN_POINT('',(9.9828,-18.521165798,42.));
#8708=DIRECTION('',(0.5,0.866025404,0.));
#8709=VECTOR('',#8708,3.);
#8710=LINE('',#8707,#8709);
#8711=EDGE_CURVE('',#8698,#8706,#8710,.T.);
#8712=ORIENTED_EDGE('',*,*,#8711,.T.);
#8713=CARTESIAN_POINT('',(9.9828,-13.325013375,42.));
#8714=VERTEX_POINT('',#8713);
#8715=CARTESIAN_POINT('',(11.4828,-15.923089586,42.));
#8716=DIRECTION('',(-0.5,0.866025404,0.));
#8717=VECTOR('',#8716,3.);
#8718=LINE('',#8715,#8717);
#8719=EDGE_CURVE('',#8706,#8714,#8718,.T.);
#8720=ORIENTED_EDGE('',*,*,#8719,.T.);
#8721=CARTESIAN_POINT('',(6.9828,-13.325013375,42.));
#8722=VERTEX_POINT('',#8721);
#8723=CARTESIAN_POINT('',(9.9828,-13.325013375,42.));
#8724=DIRECTION('',(-1.,0.,0.));
#8725=VECTOR('',#8724,3.);
#8726=LINE('',#8723,#8725);
#8727=EDGE_CURVE('',#8714,#8722,#8726,.T.);
#8728=ORIENTED_EDGE('',*,*,#8727,.T.);
#8729=CARTESIAN_POINT('',(5.4828,-15.923089586,42.));
#8730=VERTEX_POINT('',#8729);
#8731=CARTESIAN_POINT('',(6.9828,-13.325013375,42.));
#8732=DIRECTION('',(-0.5,-0.866025404,0.));
#8733=VECTOR('',#8732,3.);
#8734=LINE('',#8731,#8733);
#8735=EDGE_CURVE('',#8722,#8730,#8734,.T.);
#8736=ORIENTED_EDGE('',*,*,#8735,.T.);
#8737=CARTESIAN_POINT('',(5.4828,-15.923089586,42.));
#8738=DIRECTION('',(0.5,-0.866025404,0.));
#8739=VECTOR('',#8738,3.);
#8740=LINE('',#8737,#8739);
#8741=EDGE_CURVE('',#8730,#8696,#8740,.T.);
#8742=ORIENTED_EDGE('',*,*,#8741,.T.);
#8743=EDGE_LOOP('',(#8704,#8712,#8720,#8728,#8736,#8742));
#8744=FACE_BOUND('',#8743,.T.);
#8745=CARTESIAN_POINT('',(12.638,-41.511689586,42.));
#8746=VERTEX_POINT('',#8745);
#8747=CARTESIAN_POINT('',(15.638,-41.511689586,42.));
#8748=VERTEX_POINT('',#8747);
#8749=CARTESIAN_POINT('',(12.638,-41.511689586,42.));
#8750=DIRECTION('',(1.,0.,-0.));
#8751=VECTOR('',#8750,3.);
#8752=LINE('',#8749,#8751);
#8753=EDGE_CURVE('',#8746,#8748,#8752,.T.);
#8754=ORIENTED_EDGE('',*,*,#8753,.T.);
#8755=CARTESIAN_POINT('',(17.138,-38.913613375,42.));
#8756=VERTEX_POINT('',#8755);
#8757=CARTESIAN_POINT('',(15.638,-41.511689586,42.));
#8758=DIRECTION('',(0.5,0.866025404,0.));
#8759=VECTOR('',#8758,3.);
#8760=LINE('',#8757,#8759);
#8761=EDGE_CURVE('',#8748,#8756,#8760,.T.);
#8762=ORIENTED_EDGE('',*,*,#8761,.T.);
#8763=CARTESIAN_POINT('',(15.638,-36.315537164,42.));
#8764=VERTEX_POINT('',#8763);
#8765=CARTESIAN_POINT('',(17.138,-38.913613375,42.));
#8766=DIRECTION('',(-0.5,0.866025404,0.));
#8767=VECTOR('',#8766,3.);
#8768=LINE('',#8765,#8767);
#8769=EDGE_CURVE('',#8756,#8764,#8768,.T.);
#8770=ORIENTED_EDGE('',*,*,#8769,.T.);
#8771=CARTESIAN_POINT('',(12.638,-36.315537164,42.));
#8772=VERTEX_POINT('',#8771);
#8773=CARTESIAN_POINT('',(15.638,-36.315537164,42.));
#8774=DIRECTION('',(-1.,0.,0.));
#8775=VECTOR('',#8774,3.);
#8776=LINE('',#8773,#8775);
#8777=EDGE_CURVE('',#8764,#8772,#8776,.T.);
#8778=ORIENTED_EDGE('',*,*,#8777,.T.);
#8779=CARTESIAN_POINT('',(11.138,-38.913613375,42.));
#8780=VERTEX_POINT('',#8779);
#8781=CARTESIAN_POINT('',(12.638,-36.315537164,42.));
#8782=DIRECTION('',(-0.5,-0.866025404,0.));
#8783=VECTOR('',#8782,3.);
#8784=LINE('',#8781,#8783);
#8785=EDGE_CURVE('',#8772,#8780,#8784,.T.);
#8786=ORIENTED_EDGE('',*,*,#8785,.T.);
#8787=CARTESIAN_POINT('',(11.138,-38.913613375,42.));
#8788=DIRECTION('',(0.5,-0.866025404,0.));
#8789=VECTOR('',#8788,3.);
#8790=LINE('',#8787,#8789);
#8791=EDGE_CURVE('',#8780,#8746,#8790,.T.);
#8792=ORIENTED_EDGE('',*,*,#8791,.T.);
#8793=EDGE_LOOP('',(#8754,#8762,#8770,#8778,#8786,#8792));
#8794=FACE_BOUND('',#8793,.T.);
#8795=CARTESIAN_POINT('',(-9.9828,22.861710414,42.));
#8796=VERTEX_POINT('',#8795);
#8797=CARTESIAN_POINT('',(-6.9828,22.861710414,42.));
#8798=VERTEX_POINT('',#8797);
#8799=CARTESIAN_POINT('',(-9.9828,22.861710414,42.));
#8800=DIRECTION('',(1.,0.,0.));
#8801=VECTOR('',#8800,3.);
#8802=LINE('',#8799,#8801);
#8803=EDGE_CURVE('',#8796,#8798,#8802,.T.);
#8804=ORIENTED_EDGE('',*,*,#8803,.T.);
#8805=CARTESIAN_POINT('',(-5.4828,25.459786625,42.));
#8806=VERTEX_POINT('',#8805);
#8807=CARTESIAN_POINT('',(-6.9828,22.861710414,42.));
#8808=DIRECTION('',(0.5,0.866025404,0.));
#8809=VECTOR('',#8808,3.);
#8810=LINE('',#8807,#8809);
#8811=EDGE_CURVE('',#8798,#8806,#8810,.T.);
#8812=ORIENTED_EDGE('',*,*,#8811,.T.);
#8813=CARTESIAN_POINT('',(-6.9828,28.057862836,42.));
#8814=VERTEX_POINT('',#8813);
#8815=CARTESIAN_POINT('',(-5.4828,25.459786625,42.));
#8816=DIRECTION('',(-0.5,0.866025404,0.));
#8817=VECTOR('',#8816,3.);
#8818=LINE('',#8815,#8817);
#8819=EDGE_CURVE('',#8806,#8814,#8818,.T.);
#8820=ORIENTED_EDGE('',*,*,#8819,.T.);
#8821=CARTESIAN_POINT('',(-9.9828,28.057862836,42.));
#8822=VERTEX_POINT('',#8821);
#8823=CARTESIAN_POINT('',(-6.9828,28.057862836,42.));
#8824=DIRECTION('',(-1.,0.,0.));
#8825=VECTOR('',#8824,3.);
#8826=LINE('',#8823,#8825);
#8827=EDGE_CURVE('',#8814,#8822,#8826,.T.);
#8828=ORIENTED_EDGE('',*,*,#8827,.T.);
#8829=CARTESIAN_POINT('',(-11.4828,25.459786625,42.));
#8830=VERTEX_POINT('',#8829);
#8831=CARTESIAN_POINT('',(-9.9828,28.057862836,42.));
#8832=DIRECTION('',(-0.5,-0.866025404,0.));
#8833=VECTOR('',#8832,3.);
#8834=LINE('',#8831,#8833);
#8835=EDGE_CURVE('',#8822,#8830,#8834,.T.);
#8836=ORIENTED_EDGE('',*,*,#8835,.T.);
#8837=CARTESIAN_POINT('',(-11.4828,25.459786625,42.));
#8838=DIRECTION('',(0.5,-0.866025404,0.));
#8839=VECTOR('',#8838,3.);
#8840=LINE('',#8837,#8839);
#8841=EDGE_CURVE('',#8830,#8796,#8840,.T.);
#8842=ORIENTED_EDGE('',*,*,#8841,.T.);
#8843=EDGE_LOOP('',(#8804,#8812,#8820,#8828,#8836,#8842));
#8844=FACE_BOUND('',#8843,.T.);
#8845=CARTESIAN_POINT('',(-9.9828,-32.315489586,42.));
#8846=VERTEX_POINT('',#8845);
#8847=CARTESIAN_POINT('',(-6.9828,-32.315489586,42.));
#8848=VERTEX_POINT('',#8847);
#8849=CARTESIAN_POINT('',(-9.9828,-32.315489586,42.));
#8850=DIRECTION('',(1.,0.,0.));
#8851=VECTOR('',#8850,3.);
#8852=LINE('',#8849,#8851);
#8853=EDGE_CURVE('',#8846,#8848,#8852,.T.);
#8854=ORIENTED_EDGE('',*,*,#8853,.T.);
#8855=CARTESIAN_POINT('',(-5.4828,-29.717413375,42.));
#8856=VERTEX_POINT('',#8855);
#8857=CARTESIAN_POINT('',(-6.9828,-32.315489586,42.));
#8858=DIRECTION('',(0.5,0.866025404,0.));
#8859=VECTOR('',#8858,3.);
#8860=LINE('',#8857,#8859);
#8861=EDGE_CURVE('',#8848,#8856,#8860,.T.);
#8862=ORIENTED_EDGE('',*,*,#8861,.T.);
#8863=CARTESIAN_POINT('',(-6.9828,-27.119337164,42.));
#8864=VERTEX_POINT('',#8863);
#8865=CARTESIAN_POINT('',(-5.4828,-29.717413375,42.));
#8866=DIRECTION('',(-0.5,0.866025404,0.));
#8867=VECTOR('',#8866,3.);
#8868=LINE('',#8865,#8867);
#8869=EDGE_CURVE('',#8856,#8864,#8868,.T.);
#8870=ORIENTED_EDGE('',*,*,#8869,.T.);
#8871=CARTESIAN_POINT('',(-9.9828,-27.119337164,42.));
#8872=VERTEX_POINT('',#8871);
#8873=CARTESIAN_POINT('',(-6.9828,-27.119337164,42.));
#8874=DIRECTION('',(-1.,0.,0.));
#8875=VECTOR('',#8874,3.);
#8876=LINE('',#8873,#8875);
#8877=EDGE_CURVE('',#8864,#8872,#8876,.T.);
#8878=ORIENTED_EDGE('',*,*,#8877,.T.);
#8879=CARTESIAN_POINT('',(-11.4828,-29.717413375,42.));
#8880=VERTEX_POINT('',#8879);
#8881=CARTESIAN_POINT('',(-9.9828,-27.119337164,42.));
#8882=DIRECTION('',(-0.5,-0.866025404,0.));
#8883=VECTOR('',#8882,3.);
#8884=LINE('',#8881,#8883);
#8885=EDGE_CURVE('',#8872,#8880,#8884,.T.);
#8886=ORIENTED_EDGE('',*,*,#8885,.T.);
#8887=CARTESIAN_POINT('',(-11.4828,-29.717413375,42.));
#8888=DIRECTION('',(0.5,-0.866025404,0.));
#8889=VECTOR('',#8888,3.);
#8890=LINE('',#8887,#8889);
#8891=EDGE_CURVE('',#8880,#8846,#8890,.T.);
#8892=ORIENTED_EDGE('',*,*,#8891,.T.);
#8893=EDGE_LOOP('',(#8854,#8862,#8870,#8878,#8886,#8892));
#8894=FACE_BOUND('',#8893,.T.);
#8895=CARTESIAN_POINT('',(18.2932,-9.324965798,42.));
#8896=VERTEX_POINT('',#8895);
#8897=CARTESIAN_POINT('',(21.2932,-9.324965798,42.));
#8898=VERTEX_POINT('',#8897);
#8899=CARTESIAN_POINT('',(18.2932,-9.324965798,42.));
#8900=DIRECTION('',(1.,0.,0.));
#8901=VECTOR('',#8900,3.);
#8902=LINE('',#8899,#8901);
#8903=EDGE_CURVE('',#8896,#8898,#8902,.T.);
#8904=ORIENTED_EDGE('',*,*,#8903,.T.);
#8905=CARTESIAN_POINT('',(22.7932,-6.726889586,42.));
#8906=VERTEX_POINT('',#8905);
#8907=CARTESIAN_POINT('',(21.2932,-9.324965798,42.));
#8908=DIRECTION('',(0.5,0.866025404,0.));
#8909=VECTOR('',#8908,3.);
#8910=LINE('',#8907,#8909);
#8911=EDGE_CURVE('',#8898,#8906,#8910,.T.);
#8912=ORIENTED_EDGE('',*,*,#8911,.T.);
#8913=CARTESIAN_POINT('',(21.2932,-4.128813375,42.));
#8914=VERTEX_POINT('',#8913);
#8915=CARTESIAN_POINT('',(22.7932,-6.726889586,42.));
#8916=DIRECTION('',(-0.5,0.866025404,0.));
#8917=VECTOR('',#8916,3.);
#8918=LINE('',#8915,#8917);
#8919=EDGE_CURVE('',#8906,#8914,#8918,.T.);
#8920=ORIENTED_EDGE('',*,*,#8919,.T.);
#8921=CARTESIAN_POINT('',(18.2932,-4.128813375,42.));
#8922=VERTEX_POINT('',#8921);
#8923=CARTESIAN_POINT('',(21.2932,-4.128813375,42.));
#8924=DIRECTION('',(-1.,0.,0.));
#8925=VECTOR('',#8924,3.);
#8926=LINE('',#8923,#8925);
#8927=EDGE_CURVE('',#8914,#8922,#8926,.T.);
#8928=ORIENTED_EDGE('',*,*,#8927,.T.);
#8929=CARTESIAN_POINT('',(16.7932,-6.726889586,42.));
#8930=VERTEX_POINT('',#8929);
#8931=CARTESIAN_POINT('',(18.2932,-4.128813375,42.));
#8932=DIRECTION('',(-0.5,-0.866025404,0.));
#8933=VECTOR('',#8932,3.);
#8934=LINE('',#8931,#8933);
#8935=EDGE_CURVE('',#8922,#8930,#8934,.T.);
#8936=ORIENTED_EDGE('',*,*,#8935,.T.);
#8937=CARTESIAN_POINT('',(16.7932,-6.726889586,42.));
#8938=DIRECTION('',(0.5,-0.866025404,0.));
#8939=VECTOR('',#8938,3.);
#8940=LINE('',#8937,#8939);
#8941=EDGE_CURVE('',#8930,#8896,#8940,.T.);
#8942=ORIENTED_EDGE('',*,*,#8941,.T.);
#8943=EDGE_LOOP('',(#8904,#8912,#8920,#8928,#8936,#8942));
#8944=FACE_BOUND('',#8943,.T.);
#8945=CARTESIAN_POINT('',(-4.3276,18.263634202,42.));
#8946=VERTEX_POINT('',#8945);
#8947=CARTESIAN_POINT('',(-1.3276,18.263634202,42.));
#8948=VERTEX_POINT('',#8947);
#8949=CARTESIAN_POINT('',(-4.3276,18.263634202,42.));
#8950=DIRECTION('',(1.,0.,0.));
#8951=VECTOR('',#8950,3.);
#8952=LINE('',#8949,#8951);
#8953=EDGE_CURVE('',#8946,#8948,#8952,.T.);
#8954=ORIENTED_EDGE('',*,*,#8953,.T.);
#8955=CARTESIAN_POINT('',(0.1724,20.861710414,42.));
#8956=VERTEX_POINT('',#8955);
#8957=CARTESIAN_POINT('',(-1.3276,18.263634202,42.));
#8958=DIRECTION('',(0.5,0.866025404,0.));
#8959=VECTOR('',#8958,3.);
#8960=LINE('',#8957,#8959);
#8961=EDGE_CURVE('',#8948,#8956,#8960,.T.);
#8962=ORIENTED_EDGE('',*,*,#8961,.T.);
#8963=CARTESIAN_POINT('',(-1.3276,23.459786625,42.));
#8964=VERTEX_POINT('',#8963);
#8965=CARTESIAN_POINT('',(0.1724,20.861710414,42.));
#8966=DIRECTION('',(-0.5,0.866025404,0.));
#8967=VECTOR('',#8966,3.);
#8968=LINE('',#8965,#8967);
#8969=EDGE_CURVE('',#8956,#8964,#8968,.T.);
#8970=ORIENTED_EDGE('',*,*,#8969,.T.);
#8971=CARTESIAN_POINT('',(-4.3276,23.459786625,42.));
#8972=VERTEX_POINT('',#8971);
#8973=CARTESIAN_POINT('',(-1.3276,23.459786625,42.));
#8974=DIRECTION('',(-1.,0.,0.));
#8975=VECTOR('',#8974,3.);
#8976=LINE('',#8973,#8975);
#8977=EDGE_CURVE('',#8964,#8972,#8976,.T.);
#8978=ORIENTED_EDGE('',*,*,#8977,.T.);
#8979=CARTESIAN_POINT('',(-5.8276,20.861710414,42.));
#8980=VERTEX_POINT('',#8979);
#8981=CARTESIAN_POINT('',(-4.3276,23.459786625,42.));
#8982=DIRECTION('',(-0.5,-0.866025404,0.));
#8983=VECTOR('',#8982,3.);
#8984=LINE('',#8981,#8983);
#8985=EDGE_CURVE('',#8972,#8980,#8984,.T.);
#8986=ORIENTED_EDGE('',*,*,#8985,.T.);
#8987=CARTESIAN_POINT('',(-5.8276,20.861710414,42.));
#8988=DIRECTION('',(0.5,-0.866025404,0.));
#8989=VECTOR('',#8988,3.);
#8990=LINE('',#8987,#8989);
#8991=EDGE_CURVE('',#8980,#8946,#8990,.T.);
#8992=ORIENTED_EDGE('',*,*,#8991,.T.);
#8993=EDGE_LOOP('',(#8954,#8962,#8970,#8978,#8986,#8992));
#8994=FACE_BOUND('',#8993,.T.);
#8995=CARTESIAN_POINT('',(-9.9828,-23.119289586,42.));
#8996=VERTEX_POINT('',#8995);
#8997=CARTESIAN_POINT('',(-6.9828,-23.119289586,42.));
#8998=VERTEX_POINT('',#8997);
#8999=CARTESIAN_POINT('',(-9.9828,-23.119289586,42.));
#9000=DIRECTION('',(1.,0.,0.));
#9001=VECTOR('',#9000,3.);
#9002=LINE('',#8999,#9001);
#9003=EDGE_CURVE('',#8996,#8998,#9002,.T.);
#9004=ORIENTED_EDGE('',*,*,#9003,.T.);
#9005=CARTESIAN_POINT('',(-5.4828,-20.521213375,42.));
#9006=VERTEX_POINT('',#9005);
#9007=CARTESIAN_POINT('',(-6.9828,-23.119289586,42.));
#9008=DIRECTION('',(0.5,0.866025404,0.));
#9009=VECTOR('',#9008,3.);
#9010=LINE('',#9007,#9009);
#9011=EDGE_CURVE('',#8998,#9006,#9010,.T.);
#9012=ORIENTED_EDGE('',*,*,#9011,.T.);
#9013=CARTESIAN_POINT('',(-6.9828,-17.923137164,42.));
#9014=VERTEX_POINT('',#9013);
#9015=CARTESIAN_POINT('',(-5.4828,-20.521213375,42.));
#9016=DIRECTION('',(-0.5,0.866025404,0.));
#9017=VECTOR('',#9016,3.);
#9018=LINE('',#9015,#9017);
#9019=EDGE_CURVE('',#9006,#9014,#9018,.T.);
#9020=ORIENTED_EDGE('',*,*,#9019,.T.);
#9021=CARTESIAN_POINT('',(-9.9828,-17.923137164,42.));
#9022=VERTEX_POINT('',#9021);
#9023=CARTESIAN_POINT('',(-6.9828,-17.923137164,42.));
#9024=DIRECTION('',(-1.,0.,0.));
#9025=VECTOR('',#9024,3.);
#9026=LINE('',#9023,#9025);
#9027=EDGE_CURVE('',#9014,#9022,#9026,.T.);
#9028=ORIENTED_EDGE('',*,*,#9027,.T.);
#9029=CARTESIAN_POINT('',(-11.4828,-20.521213375,42.));
#9030=VERTEX_POINT('',#9029);
#9031=CARTESIAN_POINT('',(-9.9828,-17.923137164,42.));
#9032=DIRECTION('',(-0.5,-0.866025404,0.));
#9033=VECTOR('',#9032,3.);
#9034=LINE('',#9031,#9033);
#9035=EDGE_CURVE('',#9022,#9030,#9034,.T.);
#9036=ORIENTED_EDGE('',*,*,#9035,.T.);
#9037=CARTESIAN_POINT('',(-11.4828,-20.521213375,42.));
#9038=DIRECTION('',(0.5,-0.866025404,0.));
#9039=VECTOR('',#9038,3.);
#9040=LINE('',#9037,#9039);
#9041=EDGE_CURVE('',#9030,#8996,#9040,.T.);
#9042=ORIENTED_EDGE('',*,*,#9041,.T.);
#9043=EDGE_LOOP('',(#9004,#9012,#9020,#9028,#9036,#9042));
#9044=FACE_BOUND('',#9043,.T.);
#9045=CARTESIAN_POINT('',(-21.2932,-4.726889586,42.));
#9046=VERTEX_POINT('',#9045);
#9047=CARTESIAN_POINT('',(-18.2932,-4.726889586,42.));
#9048=VERTEX_POINT('',#9047);
#9049=CARTESIAN_POINT('',(-21.2932,-4.726889586,42.));
#9050=DIRECTION('',(1.,0.,0.));
#9051=VECTOR('',#9050,3.);
#9052=LINE('',#9049,#9051);
#9053=EDGE_CURVE('',#9046,#9048,#9052,.T.);
#9054=ORIENTED_EDGE('',*,*,#9053,.T.);
#9055=CARTESIAN_POINT('',(-16.7932,-2.128813375,42.));
#9056=VERTEX_POINT('',#9055);
#9057=CARTESIAN_POINT('',(-18.2932,-4.726889586,42.));
#9058=DIRECTION('',(0.5,0.866025404,0.));
#9059=VECTOR('',#9058,3.);
#9060=LINE('',#9057,#9059);
#9061=EDGE_CURVE('',#9048,#9056,#9060,.T.);
#9062=ORIENTED_EDGE('',*,*,#9061,.T.);
#9063=CARTESIAN_POINT('',(-18.2932,0.469262836,42.));
#9064=VERTEX_POINT('',#9063);
#9065=CARTESIAN_POINT('',(-16.7932,-2.128813375,42.));
#9066=DIRECTION('',(-0.5,0.866025404,0.));
#9067=VECTOR('',#9066,3.);
#9068=LINE('',#9065,#9067);
#9069=EDGE_CURVE('',#9056,#9064,#9068,.T.);
#9070=ORIENTED_EDGE('',*,*,#9069,.T.);
#9071=CARTESIAN_POINT('',(-21.2932,0.469262836,42.));
#9072=VERTEX_POINT('',#9071);
#9073=CARTESIAN_POINT('',(-18.2932,0.469262836,42.));
#9074=DIRECTION('',(-1.,0.,0.));
#9075=VECTOR('',#9074,3.);
#9076=LINE('',#9073,#9075);
#9077=EDGE_CURVE('',#9064,#9072,#9076,.T.);
#9078=ORIENTED_EDGE('',*,*,#9077,.T.);
#9079=CARTESIAN_POINT('',(-22.7932,-2.128813375,42.));
#9080=VERTEX_POINT('',#9079);
#9081=CARTESIAN_POINT('',(-21.2932,0.469262836,42.));
#9082=DIRECTION('',(-0.5,-0.866025404,0.));
#9083=VECTOR('',#9082,3.);
#9084=LINE('',#9081,#9083);
#9085=EDGE_CURVE('',#9072,#9080,#9084,.T.);
#9086=ORIENTED_EDGE('',*,*,#9085,.T.);
#9087=CARTESIAN_POINT('',(-22.7932,-2.128813375,42.));
#9088=DIRECTION('',(0.5,-0.866025404,0.));
#9089=VECTOR('',#9088,3.);
#9090=LINE('',#9087,#9089);
#9091=EDGE_CURVE('',#9080,#9046,#9090,.T.);
#9092=ORIENTED_EDGE('',*,*,#9091,.T.);
#9093=EDGE_LOOP('',(#9054,#9062,#9070,#9078,#9086,#9092));
#9094=FACE_BOUND('',#9093,.T.);
#9095=CARTESIAN_POINT('',(6.9828,-27.717365798,42.));
#9096=VERTEX_POINT('',#9095);
#9097=CARTESIAN_POINT('',(9.9828,-27.717365798,42.));
#9098=VERTEX_POINT('',#9097);
#9099=CARTESIAN_POINT('',(6.9828,-27.717365798,42.));
#9100=DIRECTION('',(1.,0.,0.));
#9101=VECTOR('',#9100,3.);
#9102=LINE('',#9099,#9101);
#9103=EDGE_CURVE('',#9096,#9098,#9102,.T.);
#9104=ORIENTED_EDGE('',*,*,#9103,.T.);
#9105=CARTESIAN_POINT('',(11.4828,-25.119289586,42.));
#9106=VERTEX_POINT('',#9105);
#9107=CARTESIAN_POINT('',(9.9828,-27.717365798,42.));
#9108=DIRECTION('',(0.5,0.866025404,0.));
#9109=VECTOR('',#9108,3.);
#9110=LINE('',#9107,#9109);
#9111=EDGE_CURVE('',#9098,#9106,#9110,.T.);
#9112=ORIENTED_EDGE('',*,*,#9111,.T.);
#9113=CARTESIAN_POINT('',(9.9828,-22.521213375,42.));
#9114=VERTEX_POINT('',#9113);
#9115=CARTESIAN_POINT('',(11.4828,-25.119289586,42.));
#9116=DIRECTION('',(-0.5,0.866025404,0.));
#9117=VECTOR('',#9116,3.);
#9118=LINE('',#9115,#9117);
#9119=EDGE_CURVE('',#9106,#9114,#9118,.T.);
#9120=ORIENTED_EDGE('',*,*,#9119,.T.);
#9121=CARTESIAN_POINT('',(6.9828,-22.521213375,42.));
#9122=VERTEX_POINT('',#9121);
#9123=CARTESIAN_POINT('',(9.9828,-22.521213375,42.));
#9124=DIRECTION('',(-1.,0.,0.));
#9125=VECTOR('',#9124,3.);
#9126=LINE('',#9123,#9125);
#9127=EDGE_CURVE('',#9114,#9122,#9126,.T.);
#9128=ORIENTED_EDGE('',*,*,#9127,.T.);
#9129=CARTESIAN_POINT('',(5.4828,-25.119289586,42.));
#9130=VERTEX_POINT('',#9129);
#9131=CARTESIAN_POINT('',(6.9828,-22.521213375,42.));
#9132=DIRECTION('',(-0.5,-0.866025404,0.));
#9133=VECTOR('',#9132,3.);
#9134=LINE('',#9131,#9133);
#9135=EDGE_CURVE('',#9122,#9130,#9134,.T.);
#9136=ORIENTED_EDGE('',*,*,#9135,.T.);
#9137=CARTESIAN_POINT('',(5.4828,-25.119289586,42.));
#9138=DIRECTION('',(0.5,-0.866025404,0.));
#9139=VECTOR('',#9138,3.);
#9140=LINE('',#9137,#9139);
#9141=EDGE_CURVE('',#9130,#9096,#9140,.T.);
#9142=ORIENTED_EDGE('',*,*,#9141,.T.);
#9143=EDGE_LOOP('',(#9104,#9112,#9120,#9128,#9136,#9142));
#9144=FACE_BOUND('',#9143,.T.);
#9145=CARTESIAN_POINT('',(12.638,-23.119289586,42.));
#9146=VERTEX_POINT('',#9145);
#9147=CARTESIAN_POINT('',(15.638,-23.119289586,42.));
#9148=VERTEX_POINT('',#9147);
#9149=CARTESIAN_POINT('',(12.638,-23.119289586,42.));
#9150=DIRECTION('',(1.,0.,0.));
#9151=VECTOR('',#9150,3.);
#9152=LINE('',#9149,#9151);
#9153=EDGE_CURVE('',#9146,#9148,#9152,.T.);
#9154=ORIENTED_EDGE('',*,*,#9153,.T.);
#9155=CARTESIAN_POINT('',(17.138,-20.521213375,42.));
#9156=VERTEX_POINT('',#9155);
#9157=CARTESIAN_POINT('',(15.638,-23.119289586,42.));
#9158=DIRECTION('',(0.5,0.866025404,0.));
#9159=VECTOR('',#9158,3.);
#9160=LINE('',#9157,#9159);
#9161=EDGE_CURVE('',#9148,#9156,#9160,.T.);
#9162=ORIENTED_EDGE('',*,*,#9161,.T.);
#9163=CARTESIAN_POINT('',(15.638,-17.923137164,42.));
#9164=VERTEX_POINT('',#9163);
#9165=CARTESIAN_POINT('',(17.138,-20.521213375,42.));
#9166=DIRECTION('',(-0.5,0.866025404,0.));
#9167=VECTOR('',#9166,3.);
#9168=LINE('',#9165,#9167);
#9169=EDGE_CURVE('',#9156,#9164,#9168,.T.);
#9170=ORIENTED_EDGE('',*,*,#9169,.T.);
#9171=CARTESIAN_POINT('',(12.638,-17.923137164,42.));
#9172=VERTEX_POINT('',#9171);
#9173=CARTESIAN_POINT('',(15.638,-17.923137164,42.));
#9174=DIRECTION('',(-1.,0.,0.));
#9175=VECTOR('',#9174,3.);
#9176=LINE('',#9173,#9175);
#9177=EDGE_CURVE('',#9164,#9172,#9176,.T.);
#9178=ORIENTED_EDGE('',*,*,#9177,.T.);
#9179=CARTESIAN_POINT('',(11.138,-20.521213375,42.));
#9180=VERTEX_POINT('',#9179);
#9181=CARTESIAN_POINT('',(12.638,-17.923137164,42.));
#9182=DIRECTION('',(-0.5,-0.866025404,0.));
#9183=VECTOR('',#9182,3.);
#9184=LINE('',#9181,#9183);
#9185=EDGE_CURVE('',#9172,#9180,#9184,.T.);
#9186=ORIENTED_EDGE('',*,*,#9185,.T.);
#9187=CARTESIAN_POINT('',(11.138,-20.521213375,42.));
#9188=DIRECTION('',(0.5,-0.866025404,0.));
#9189=VECTOR('',#9188,3.);
#9190=LINE('',#9187,#9189);
#9191=EDGE_CURVE('',#9180,#9146,#9190,.T.);
#9192=ORIENTED_EDGE('',*,*,#9191,.T.);
#9193=EDGE_LOOP('',(#9154,#9162,#9170,#9178,#9186,#9192));
#9194=FACE_BOUND('',#9193,.T.);
#9195=CARTESIAN_POINT('',(-4.3276,-46.109765798,42.));
#9196=VERTEX_POINT('',#9195);
#9197=CARTESIAN_POINT('',(-1.3276,-46.109765798,42.));
#9198=VERTEX_POINT('',#9197);
#9199=CARTESIAN_POINT('',(-4.3276,-46.109765798,42.));
#9200=DIRECTION('',(1.,0.,0.));
#9201=VECTOR('',#9200,3.);
#9202=LINE('',#9199,#9201);
#9203=EDGE_CURVE('',#9196,#9198,#9202,.T.);
#9204=ORIENTED_EDGE('',*,*,#9203,.T.);
#9205=CARTESIAN_POINT('',(0.1724,-43.511689586,42.));
#9206=VERTEX_POINT('',#9205);
#9207=CARTESIAN_POINT('',(-1.3276,-46.109765798,42.));
#9208=DIRECTION('',(0.5,0.866025404,0.));
#9209=VECTOR('',#9208,3.);
#9210=LINE('',#9207,#9209);
#9211=EDGE_CURVE('',#9198,#9206,#9210,.T.);
#9212=ORIENTED_EDGE('',*,*,#9211,.T.);
#9213=CARTESIAN_POINT('',(-1.3276,-40.913613375,42.));
#9214=VERTEX_POINT('',#9213);
#9215=CARTESIAN_POINT('',(0.1724,-43.511689586,42.));
#9216=DIRECTION('',(-0.5,0.866025404,0.));
#9217=VECTOR('',#9216,3.);
#9218=LINE('',#9215,#9217);
#9219=EDGE_CURVE('',#9206,#9214,#9218,.T.);
#9220=ORIENTED_EDGE('',*,*,#9219,.T.);
#9221=CARTESIAN_POINT('',(-4.3276,-40.913613375,42.));
#9222=VERTEX_POINT('',#9221);
#9223=CARTESIAN_POINT('',(-1.3276,-40.913613375,42.));
#9224=DIRECTION('',(-1.,0.,0.));
#9225=VECTOR('',#9224,3.);
#9226=LINE('',#9223,#9225);
#9227=EDGE_CURVE('',#9214,#9222,#9226,.T.);
#9228=ORIENTED_EDGE('',*,*,#9227,.T.);
#9229=CARTESIAN_POINT('',(-5.8276,-43.511689586,42.));
#9230=VERTEX_POINT('',#9229);
#9231=CARTESIAN_POINT('',(-4.3276,-40.913613375,42.));
#9232=DIRECTION('',(-0.5,-0.866025404,0.));
#9233=VECTOR('',#9232,3.);
#9234=LINE('',#9231,#9233);
#9235=EDGE_CURVE('',#9222,#9230,#9234,.T.);
#9236=ORIENTED_EDGE('',*,*,#9235,.T.);
#9237=CARTESIAN_POINT('',(-5.8276,-43.511689586,42.));
#9238=DIRECTION('',(0.5,-0.866025404,0.));
#9239=VECTOR('',#9238,3.);
#9240=LINE('',#9237,#9239);
#9241=EDGE_CURVE('',#9230,#9196,#9240,.T.);
#9242=ORIENTED_EDGE('',*,*,#9241,.T.);
#9243=EDGE_LOOP('',(#9204,#9212,#9220,#9228,#9236,#9242));
#9244=FACE_BOUND('',#9243,.T.);
#9245=CARTESIAN_POINT('',(-21.2932,-32.315489586,42.));
#9246=VERTEX_POINT('',#9245);
#9247=CARTESIAN_POINT('',(-18.2932,-32.315489586,42.));
#9248=VERTEX_POINT('',#9247);
#9249=CARTESIAN_POINT('',(-21.2932,-32.315489586,42.));
#9250=DIRECTION('',(1.,0.,0.));
#9251=VECTOR('',#9250,3.);
#9252=LINE('',#9249,#9251);
#9253=EDGE_CURVE('',#9246,#9248,#9252,.T.);
#9254=ORIENTED_EDGE('',*,*,#9253,.T.);
#9255=CARTESIAN_POINT('',(-16.7932,-29.717413375,42.));
#9256=VERTEX_POINT('',#9255);
#9257=CARTESIAN_POINT('',(-18.2932,-32.315489586,42.));
#9258=DIRECTION('',(0.5,0.866025404,0.));
#9259=VECTOR('',#9258,3.);
#9260=LINE('',#9257,#9259);
#9261=EDGE_CURVE('',#9248,#9256,#9260,.T.);
#9262=ORIENTED_EDGE('',*,*,#9261,.T.);
#9263=CARTESIAN_POINT('',(-18.2932,-27.119337164,42.));
#9264=VERTEX_POINT('',#9263);
#9265=CARTESIAN_POINT('',(-16.7932,-29.717413375,42.));
#9266=DIRECTION('',(-0.5,0.866025404,0.));
#9267=VECTOR('',#9266,3.);
#9268=LINE('',#9265,#9267);
#9269=EDGE_CURVE('',#9256,#9264,#9268,.T.);
#9270=ORIENTED_EDGE('',*,*,#9269,.T.);
#9271=CARTESIAN_POINT('',(-21.2932,-27.119337164,42.));
#9272=VERTEX_POINT('',#9271);
#9273=CARTESIAN_POINT('',(-18.2932,-27.119337164,42.));
#9274=DIRECTION('',(-1.,0.,0.));
#9275=VECTOR('',#9274,3.);
#9276=LINE('',#9273,#9275);
#9277=EDGE_CURVE('',#9264,#9272,#9276,.T.);
#9278=ORIENTED_EDGE('',*,*,#9277,.T.);
#9279=CARTESIAN_POINT('',(-22.7932,-29.717413375,42.));
#9280=VERTEX_POINT('',#9279);
#9281=CARTESIAN_POINT('',(-21.2932,-27.119337164,42.));
#9282=DIRECTION('',(-0.5,-0.866025404,0.));
#9283=VECTOR('',#9282,3.);
#9284=LINE('',#9281,#9283);
#9285=EDGE_CURVE('',#9272,#9280,#9284,.T.);
#9286=ORIENTED_EDGE('',*,*,#9285,.T.);
#9287=CARTESIAN_POINT('',(-22.7932,-29.717413375,42.));
#9288=DIRECTION('',(0.5,-0.866025404,0.));
#9289=VECTOR('',#9288,3.);
#9290=LINE('',#9287,#9289);
#9291=EDGE_CURVE('',#9280,#9246,#9290,.T.);
#9292=ORIENTED_EDGE('',*,*,#9291,.T.);
#9293=EDGE_LOOP('',(#9254,#9262,#9270,#9278,#9286,#9292));
#9294=FACE_BOUND('',#9293,.T.);
#9295=CARTESIAN_POINT('',(-15.638,-18.521165798,42.));
#9296=VERTEX_POINT('',#9295);
#9297=CARTESIAN_POINT('',(-12.638,-18.521165798,42.));
#9298=VERTEX_POINT('',#9297);
#9299=CARTESIAN_POINT('',(-15.638,-18.521165798,42.));
#9300=DIRECTION('',(1.,0.,0.));
#9301=VECTOR('',#9300,3.);
#9302=LINE('',#9299,#9301);
#9303=EDGE_CURVE('',#9296,#9298,#9302,.T.);
#9304=ORIENTED_EDGE('',*,*,#9303,.T.);
#9305=CARTESIAN_POINT('',(-11.138,-15.923089586,42.));
#9306=VERTEX_POINT('',#9305);
#9307=CARTESIAN_POINT('',(-12.638,-18.521165798,42.));
#9308=DIRECTION('',(0.5,0.866025404,0.));
#9309=VECTOR('',#9308,3.);
#9310=LINE('',#9307,#9309);
#9311=EDGE_CURVE('',#9298,#9306,#9310,.T.);
#9312=ORIENTED_EDGE('',*,*,#9311,.T.);
#9313=CARTESIAN_POINT('',(-12.638,-13.325013375,42.));
#9314=VERTEX_POINT('',#9313);
#9315=CARTESIAN_POINT('',(-11.138,-15.923089586,42.));
#9316=DIRECTION('',(-0.5,0.866025404,0.));
#9317=VECTOR('',#9316,3.);
#9318=LINE('',#9315,#9317);
#9319=EDGE_CURVE('',#9306,#9314,#9318,.T.);
#9320=ORIENTED_EDGE('',*,*,#9319,.T.);
#9321=CARTESIAN_POINT('',(-15.638,-13.325013375,42.));
#9322=VERTEX_POINT('',#9321);
#9323=CARTESIAN_POINT('',(-12.638,-13.325013375,42.));
#9324=DIRECTION('',(-1.,0.,0.));
#9325=VECTOR('',#9324,3.);
#9326=LINE('',#9323,#9325);
#9327=EDGE_CURVE('',#9314,#9322,#9326,.T.);
#9328=ORIENTED_EDGE('',*,*,#9327,.T.);
#9329=CARTESIAN_POINT('',(-17.138,-15.923089586,42.));
#9330=VERTEX_POINT('',#9329);
#9331=CARTESIAN_POINT('',(-15.638,-13.325013375,42.));
#9332=DIRECTION('',(-0.5,-0.866025404,0.));
#9333=VECTOR('',#9332,3.);
#9334=LINE('',#9331,#9333);
#9335=EDGE_CURVE('',#9322,#9330,#9334,.T.);
#9336=ORIENTED_EDGE('',*,*,#9335,.T.);
#9337=CARTESIAN_POINT('',(-17.138,-15.923089586,42.));
#9338=DIRECTION('',(0.5,-0.866025404,0.));
#9339=VECTOR('',#9338,3.);
#9340=LINE('',#9337,#9339);
#9341=EDGE_CURVE('',#9330,#9296,#9340,.T.);
#9342=ORIENTED_EDGE('',*,*,#9341,.T.);
#9343=EDGE_LOOP('',(#9304,#9312,#9320,#9328,#9336,#9342));
#9344=FACE_BOUND('',#9343,.T.);
#9345=CARTESIAN_POINT('',(18.2932,-36.913565798,42.));
#9346=VERTEX_POINT('',#9345);
#9347=CARTESIAN_POINT('',(21.2932,-36.913565798,42.));
#9348=VERTEX_POINT('',#9347);
#9349=CARTESIAN_POINT('',(18.2932,-36.913565798,42.));
#9350=DIRECTION('',(1.,0.,0.));
#9351=VECTOR('',#9350,3.);
#9352=LINE('',#9349,#9351);
#9353=EDGE_CURVE('',#9346,#9348,#9352,.T.);
#9354=ORIENTED_EDGE('',*,*,#9353,.T.);
#9355=CARTESIAN_POINT('',(22.7932,-34.315489586,42.));
#9356=VERTEX_POINT('',#9355);
#9357=CARTESIAN_POINT('',(21.2932,-36.913565798,42.));
#9358=DIRECTION('',(0.5,0.866025404,0.));
#9359=VECTOR('',#9358,3.);
#9360=LINE('',#9357,#9359);
#9361=EDGE_CURVE('',#9348,#9356,#9360,.T.);
#9362=ORIENTED_EDGE('',*,*,#9361,.T.);
#9363=CARTESIAN_POINT('',(21.2932,-31.717413375,42.));
#9364=VERTEX_POINT('',#9363);
#9365=CARTESIAN_POINT('',(22.7932,-34.315489586,42.));
#9366=DIRECTION('',(-0.5,0.866025404,0.));
#9367=VECTOR('',#9366,3.);
#9368=LINE('',#9365,#9367);
#9369=EDGE_CURVE('',#9356,#9364,#9368,.T.);
#9370=ORIENTED_EDGE('',*,*,#9369,.T.);
#9371=CARTESIAN_POINT('',(18.2932,-31.717413375,42.));
#9372=VERTEX_POINT('',#9371);
#9373=CARTESIAN_POINT('',(21.2932,-31.717413375,42.));
#9374=DIRECTION('',(-1.,0.,0.));
#9375=VECTOR('',#9374,3.);
#9376=LINE('',#9373,#9375);
#9377=EDGE_CURVE('',#9364,#9372,#9376,.T.);
#9378=ORIENTED_EDGE('',*,*,#9377,.T.);
#9379=CARTESIAN_POINT('',(16.7932,-34.315489586,42.));
#9380=VERTEX_POINT('',#9379);
#9381=CARTESIAN_POINT('',(18.2932,-31.717413375,42.));
#9382=DIRECTION('',(-0.5,-0.866025404,0.));
#9383=VECTOR('',#9382,3.);
#9384=LINE('',#9381,#9383);
#9385=EDGE_CURVE('',#9372,#9380,#9384,.T.);
#9386=ORIENTED_EDGE('',*,*,#9385,.T.);
#9387=CARTESIAN_POINT('',(16.7932,-34.315489586,42.));
#9388=DIRECTION('',(0.5,-0.866025404,0.));
#9389=VECTOR('',#9388,3.);
#9390=LINE('',#9387,#9389);
#9391=EDGE_CURVE('',#9380,#9346,#9390,.T.);
#9392=ORIENTED_EDGE('',*,*,#9391,.T.);
#9393=EDGE_LOOP('',(#9354,#9362,#9370,#9378,#9386,#9392));
#9394=FACE_BOUND('',#9393,.T.);
#9395=CARTESIAN_POINT('',(-15.638,-46.109765798,42.));
#9396=VERTEX_POINT('',#9395);
#9397=CARTESIAN_POINT('',(-12.638,-46.109765798,42.));
#9398=VERTEX_POINT('',#9397);
#9399=CARTESIAN_POINT('',(-15.638,-46.109765798,42.));
#9400=DIRECTION('',(1.,0.,0.));
#9401=VECTOR('',#9400,3.);
#9402=LINE('',#9399,#9401);
#9403=EDGE_CURVE('',#9396,#9398,#9402,.T.);
#9404=ORIENTED_EDGE('',*,*,#9403,.T.);
#9405=CARTESIAN_POINT('',(-11.138,-43.511689586,42.));
#9406=VERTEX_POINT('',#9405);
#9407=CARTESIAN_POINT('',(-12.638,-46.109765798,42.));
#9408=DIRECTION('',(0.5,0.866025404,0.));
#9409=VECTOR('',#9408,3.);
#9410=LINE('',#9407,#9409);
#9411=EDGE_CURVE('',#9398,#9406,#9410,.T.);
#9412=ORIENTED_EDGE('',*,*,#9411,.T.);
#9413=CARTESIAN_POINT('',(-12.638,-40.913613375,42.));
#9414=VERTEX_POINT('',#9413);
#9415=CARTESIAN_POINT('',(-11.138,-43.511689586,42.));
#9416=DIRECTION('',(-0.5,0.866025404,0.));
#9417=VECTOR('',#9416,3.);
#9418=LINE('',#9415,#9417);
#9419=EDGE_CURVE('',#9406,#9414,#9418,.T.);
#9420=ORIENTED_EDGE('',*,*,#9419,.T.);
#9421=CARTESIAN_POINT('',(-15.638,-40.913613375,42.));
#9422=VERTEX_POINT('',#9421);
#9423=CARTESIAN_POINT('',(-12.638,-40.913613375,42.));
#9424=DIRECTION('',(-1.,0.,0.));
#9425=VECTOR('',#9424,3.);
#9426=LINE('',#9423,#9425);
#9427=EDGE_CURVE('',#9414,#9422,#9426,.T.);
#9428=ORIENTED_EDGE('',*,*,#9427,.T.);
#9429=CARTESIAN_POINT('',(-17.138,-43.511689586,42.));
#9430=VERTEX_POINT('',#9429);
#9431=CARTESIAN_POINT('',(-15.638,-40.913613375,42.));
#9432=DIRECTION('',(-0.5,-0.866025404,0.));
#9433=VECTOR('',#9432,3.);
#9434=LINE('',#9431,#9433);
#9435=EDGE_CURVE('',#9422,#9430,#9434,.T.);
#9436=ORIENTED_EDGE('',*,*,#9435,.T.);
#9437=CARTESIAN_POINT('',(-17.138,-43.511689586,42.));
#9438=DIRECTION('',(0.5,-0.866025404,0.));
#9439=VECTOR('',#9438,3.);
#9440=LINE('',#9437,#9439);
#9441=EDGE_CURVE('',#9430,#9396,#9440,.T.);
#9442=ORIENTED_EDGE('',*,*,#9441,.T.);
#9443=EDGE_LOOP('',(#9404,#9412,#9420,#9428,#9436,#9442));
#9444=FACE_BOUND('',#9443,.T.);
#9445=CARTESIAN_POINT('',(-15.638,-0.128765798,42.));
#9446=VERTEX_POINT('',#9445);
#9447=CARTESIAN_POINT('',(-12.638,-0.128765798,42.));
#9448=VERTEX_POINT('',#9447);
#9449=CARTESIAN_POINT('',(-15.638,-0.128765798,42.));
#9450=DIRECTION('',(1.,0.,0.));
#9451=VECTOR('',#9450,3.);
#9452=LINE('',#9449,#9451);
#9453=EDGE_CURVE('',#9446,#9448,#9452,.T.);
#9454=ORIENTED_EDGE('',*,*,#9453,.T.);
#9455=CARTESIAN_POINT('',(-11.138,2.469310414,42.));
#9456=VERTEX_POINT('',#9455);
#9457=CARTESIAN_POINT('',(-12.638,-0.128765798,42.));
#9458=DIRECTION('',(0.5,0.866025404,0.));
#9459=VECTOR('',#9458,3.);
#9460=LINE('',#9457,#9459);
#9461=EDGE_CURVE('',#9448,#9456,#9460,.T.);
#9462=ORIENTED_EDGE('',*,*,#9461,.T.);
#9463=CARTESIAN_POINT('',(-12.638,5.067386625,42.));
#9464=VERTEX_POINT('',#9463);
#9465=CARTESIAN_POINT('',(-11.138,2.469310414,42.));
#9466=DIRECTION('',(-0.5,0.866025404,0.));
#9467=VECTOR('',#9466,3.);
#9468=LINE('',#9465,#9467);
#9469=EDGE_CURVE('',#9456,#9464,#9468,.T.);
#9470=ORIENTED_EDGE('',*,*,#9469,.T.);
#9471=CARTESIAN_POINT('',(-15.638,5.067386625,42.));
#9472=VERTEX_POINT('',#9471);
#9473=CARTESIAN_POINT('',(-12.638,5.067386625,42.));
#9474=DIRECTION('',(-1.,0.,0.));
#9475=VECTOR('',#9474,3.);
#9476=LINE('',#9473,#9475);
#9477=EDGE_CURVE('',#9464,#9472,#9476,.T.);
#9478=ORIENTED_EDGE('',*,*,#9477,.T.);
#9479=CARTESIAN_POINT('',(-17.138,2.469310414,42.));
#9480=VERTEX_POINT('',#9479);
#9481=CARTESIAN_POINT('',(-15.638,5.067386625,42.));
#9482=DIRECTION('',(-0.5,-0.866025404,0.));
#9483=VECTOR('',#9482,3.);
#9484=LINE('',#9481,#9483);
#9485=EDGE_CURVE('',#9472,#9480,#9484,.T.);
#9486=ORIENTED_EDGE('',*,*,#9485,.T.);
#9487=CARTESIAN_POINT('',(-17.138,2.469310414,42.));
#9488=DIRECTION('',(0.5,-0.866025404,0.));
#9489=VECTOR('',#9488,3.);
#9490=LINE('',#9487,#9489);
#9491=EDGE_CURVE('',#9480,#9446,#9490,.T.);
#9492=ORIENTED_EDGE('',*,*,#9491,.T.);
#9493=EDGE_LOOP('',(#9454,#9462,#9470,#9478,#9486,#9492));
#9494=FACE_BOUND('',#9493,.T.);
#9495=CARTESIAN_POINT('',(-9.9828,-41.511689586,42.));
#9496=VERTEX_POINT('',#9495);
#9497=CARTESIAN_POINT('',(-6.9828,-41.511689586,42.));
#9498=VERTEX_POINT('',#9497);
#9499=CARTESIAN_POINT('',(-9.9828,-41.511689586,42.));
#9500=DIRECTION('',(1.,0.,0.));
#9501=VECTOR('',#9500,3.);
#9502=LINE('',#9499,#9501);
#9503=EDGE_CURVE('',#9496,#9498,#9502,.T.);
#9504=ORIENTED_EDGE('',*,*,#9503,.T.);
#9505=CARTESIAN_POINT('',(-5.4828,-38.913613375,42.));
#9506=VERTEX_POINT('',#9505);
#9507=CARTESIAN_POINT('',(-6.9828,-41.511689586,42.));
#9508=DIRECTION('',(0.5,0.866025404,0.));
#9509=VECTOR('',#9508,3.);
#9510=LINE('',#9507,#9509);
#9511=EDGE_CURVE('',#9498,#9506,#9510,.T.);
#9512=ORIENTED_EDGE('',*,*,#9511,.T.);
#9513=CARTESIAN_POINT('',(-6.9828,-36.315537164,42.));
#9514=VERTEX_POINT('',#9513);
#9515=CARTESIAN_POINT('',(-5.4828,-38.913613375,42.));
#9516=DIRECTION('',(-0.5,0.866025404,0.));
#9517=VECTOR('',#9516,3.);
#9518=LINE('',#9515,#9517);
#9519=EDGE_CURVE('',#9506,#9514,#9518,.T.);
#9520=ORIENTED_EDGE('',*,*,#9519,.T.);
#9521=CARTESIAN_POINT('',(-9.9828,-36.315537164,42.));
#9522=VERTEX_POINT('',#9521);
#9523=CARTESIAN_POINT('',(-6.9828,-36.315537164,42.));
#9524=DIRECTION('',(-1.,0.,0.));
#9525=VECTOR('',#9524,3.);
#9526=LINE('',#9523,#9525);
#9527=EDGE_CURVE('',#9514,#9522,#9526,.T.);
#9528=ORIENTED_EDGE('',*,*,#9527,.T.);
#9529=CARTESIAN_POINT('',(-11.4828,-38.913613375,42.));
#9530=VERTEX_POINT('',#9529);
#9531=CARTESIAN_POINT('',(-9.9828,-36.315537164,42.));
#9532=DIRECTION('',(-0.5,-0.866025404,0.));
#9533=VECTOR('',#9532,3.);
#9534=LINE('',#9531,#9533);
#9535=EDGE_CURVE('',#9522,#9530,#9534,.T.);
#9536=ORIENTED_EDGE('',*,*,#9535,.T.);
#9537=CARTESIAN_POINT('',(-11.4828,-38.913613375,42.));
#9538=DIRECTION('',(0.5,-0.866025404,0.));
#9539=VECTOR('',#9538,3.);
#9540=LINE('',#9537,#9539);
#9541=EDGE_CURVE('',#9530,#9496,#9540,.T.);
#9542=ORIENTED_EDGE('',*,*,#9541,.T.);
#9543=EDGE_LOOP('',(#9504,#9512,#9520,#9528,#9536,#9542));
#9544=FACE_BOUND('',#9543,.T.);
#9545=CARTESIAN_POINT('',(6.9828,9.067434202,42.));
#9546=VERTEX_POINT('',#9545);
#9547=CARTESIAN_POINT('',(9.9828,9.067434202,42.));
#9548=VERTEX_POINT('',#9547);
#9549=CARTESIAN_POINT('',(6.9828,9.067434202,42.));
#9550=DIRECTION('',(1.,0.,0.));
#9551=VECTOR('',#9550,3.);
#9552=LINE('',#9549,#9551);
#9553=EDGE_CURVE('',#9546,#9548,#9552,.T.);
#9554=ORIENTED_EDGE('',*,*,#9553,.T.);
#9555=CARTESIAN_POINT('',(11.4828,11.665510414,42.));
#9556=VERTEX_POINT('',#9555);
#9557=CARTESIAN_POINT('',(9.9828,9.067434202,42.));
#9558=DIRECTION('',(0.5,0.866025404,0.));
#9559=VECTOR('',#9558,3.);
#9560=LINE('',#9557,#9559);
#9561=EDGE_CURVE('',#9548,#9556,#9560,.T.);
#9562=ORIENTED_EDGE('',*,*,#9561,.T.);
#9563=CARTESIAN_POINT('',(9.9828,14.263586625,42.));
#9564=VERTEX_POINT('',#9563);
#9565=CARTESIAN_POINT('',(11.4828,11.665510414,42.));
#9566=DIRECTION('',(-0.5,0.866025404,0.));
#9567=VECTOR('',#9566,3.);
#9568=LINE('',#9565,#9567);
#9569=EDGE_CURVE('',#9556,#9564,#9568,.T.);
#9570=ORIENTED_EDGE('',*,*,#9569,.T.);
#9571=CARTESIAN_POINT('',(6.9828,14.263586625,42.));
#9572=VERTEX_POINT('',#9571);
#9573=CARTESIAN_POINT('',(9.9828,14.263586625,42.));
#9574=DIRECTION('',(-1.,0.,0.));
#9575=VECTOR('',#9574,3.);
#9576=LINE('',#9573,#9575);
#9577=EDGE_CURVE('',#9564,#9572,#9576,.T.);
#9578=ORIENTED_EDGE('',*,*,#9577,.T.);
#9579=CARTESIAN_POINT('',(5.4828,11.665510414,42.));
#9580=VERTEX_POINT('',#9579);
#9581=CARTESIAN_POINT('',(6.9828,14.263586625,42.));
#9582=DIRECTION('',(-0.5,-0.866025404,0.));
#9583=VECTOR('',#9582,3.);
#9584=LINE('',#9581,#9583);
#9585=EDGE_CURVE('',#9572,#9580,#9584,.T.);
#9586=ORIENTED_EDGE('',*,*,#9585,.T.);
#9587=CARTESIAN_POINT('',(5.4828,11.665510414,42.));
#9588=DIRECTION('',(0.5,-0.866025404,0.));
#9589=VECTOR('',#9588,3.);
#9590=LINE('',#9587,#9589);
#9591=EDGE_CURVE('',#9580,#9546,#9590,.T.);
#9592=ORIENTED_EDGE('',*,*,#9591,.T.);
#9593=EDGE_LOOP('',(#9554,#9562,#9570,#9578,#9586,#9592));
#9594=FACE_BOUND('',#9593,.T.);
#9595=CARTESIAN_POINT('',(18.2932,-18.521165798,42.));
#9596=VERTEX_POINT('',#9595);
#9597=CARTESIAN_POINT('',(21.2932,-18.521165798,42.));
#9598=VERTEX_POINT('',#9597);
#9599=CARTESIAN_POINT('',(18.2932,-18.521165798,42.));
#9600=DIRECTION('',(1.,0.,0.));
#9601=VECTOR('',#9600,3.);
#9602=LINE('',#9599,#9601);
#9603=EDGE_CURVE('',#9596,#9598,#9602,.T.);
#9604=ORIENTED_EDGE('',*,*,#9603,.T.);
#9605=CARTESIAN_POINT('',(22.7932,-15.923089586,42.));
#9606=VERTEX_POINT('',#9605);
#9607=CARTESIAN_POINT('',(21.2932,-18.521165798,42.));
#9608=DIRECTION('',(0.5,0.866025404,0.));
#9609=VECTOR('',#9608,3.);
#9610=LINE('',#9607,#9609);
#9611=EDGE_CURVE('',#9598,#9606,#9610,.T.);
#9612=ORIENTED_EDGE('',*,*,#9611,.T.);
#9613=CARTESIAN_POINT('',(21.2932,-13.325013375,42.));
#9614=VERTEX_POINT('',#9613);
#9615=CARTESIAN_POINT('',(22.7932,-15.923089586,42.));
#9616=DIRECTION('',(-0.5,0.866025404,0.));
#9617=VECTOR('',#9616,3.);
#9618=LINE('',#9615,#9617);
#9619=EDGE_CURVE('',#9606,#9614,#9618,.T.);
#9620=ORIENTED_EDGE('',*,*,#9619,.T.);
#9621=CARTESIAN_POINT('',(18.2932,-13.325013375,42.));
#9622=VERTEX_POINT('',#9621);
#9623=CARTESIAN_POINT('',(21.2932,-13.325013375,42.));
#9624=DIRECTION('',(-1.,0.,0.));
#9625=VECTOR('',#9624,3.);
#9626=LINE('',#9623,#9625);
#9627=EDGE_CURVE('',#9614,#9622,#9626,.T.);
#9628=ORIENTED_EDGE('',*,*,#9627,.T.);
#9629=CARTESIAN_POINT('',(16.7932,-15.923089586,42.));
#9630=VERTEX_POINT('',#9629);
#9631=CARTESIAN_POINT('',(18.2932,-13.325013375,42.));
#9632=DIRECTION('',(-0.5,-0.866025404,0.));
#9633=VECTOR('',#9632,3.);
#9634=LINE('',#9631,#9633);
#9635=EDGE_CURVE('',#9622,#9630,#9634,.T.);
#9636=ORIENTED_EDGE('',*,*,#9635,.T.);
#9637=CARTESIAN_POINT('',(16.7932,-15.923089586,42.));
#9638=DIRECTION('',(0.5,-0.866025404,0.));
#9639=VECTOR('',#9638,3.);
#9640=LINE('',#9637,#9639);
#9641=EDGE_CURVE('',#9630,#9596,#9640,.T.);
#9642=ORIENTED_EDGE('',*,*,#9641,.T.);
#9643=EDGE_LOOP('',(#9604,#9612,#9620,#9628,#9636,#9642));
#9644=FACE_BOUND('',#9643,.T.);
#9645=CARTESIAN_POINT('',(-15.638,9.067434202,42.));
#9646=VERTEX_POINT('',#9645);
#9647=CARTESIAN_POINT('',(-12.638,9.067434202,42.));
#9648=VERTEX_POINT('',#9647);
#9649=CARTESIAN_POINT('',(-15.638,9.067434202,42.));
#9650=DIRECTION('',(1.,0.,0.));
#9651=VECTOR('',#9650,3.);
#9652=LINE('',#9649,#9651);
#9653=EDGE_CURVE('',#9646,#9648,#9652,.T.);
#9654=ORIENTED_EDGE('',*,*,#9653,.T.);
#9655=CARTESIAN_POINT('',(-11.138,11.665510414,42.));
#9656=VERTEX_POINT('',#9655);
#9657=CARTESIAN_POINT('',(-12.638,9.067434202,42.));
#9658=DIRECTION('',(0.5,0.866025404,0.));
#9659=VECTOR('',#9658,3.);
#9660=LINE('',#9657,#9659);
#9661=EDGE_CURVE('',#9648,#9656,#9660,.T.);
#9662=ORIENTED_EDGE('',*,*,#9661,.T.);
#9663=CARTESIAN_POINT('',(-12.638,14.263586625,42.));
#9664=VERTEX_POINT('',#9663);
#9665=CARTESIAN_POINT('',(-11.138,11.665510414,42.));
#9666=DIRECTION('',(-0.5,0.866025404,0.));
#9667=VECTOR('',#9666,3.);
#9668=LINE('',#9665,#9667);
#9669=EDGE_CURVE('',#9656,#9664,#9668,.T.);
#9670=ORIENTED_EDGE('',*,*,#9669,.T.);
#9671=CARTESIAN_POINT('',(-15.638,14.263586625,42.));
#9672=VERTEX_POINT('',#9671);
#9673=CARTESIAN_POINT('',(-12.638,14.263586625,42.));
#9674=DIRECTION('',(-1.,0.,0.));
#9675=VECTOR('',#9674,3.);
#9676=LINE('',#9673,#9675);
#9677=EDGE_CURVE('',#9664,#9672,#9676,.T.);
#9678=ORIENTED_EDGE('',*,*,#9677,.T.);
#9679=CARTESIAN_POINT('',(-17.138,11.665510414,42.));
#9680=VERTEX_POINT('',#9679);
#9681=CARTESIAN_POINT('',(-15.638,14.263586625,42.));
#9682=DIRECTION('',(-0.5,-0.866025404,0.));
#9683=VECTOR('',#9682,3.);
#9684=LINE('',#9681,#9683);
#9685=EDGE_CURVE('',#9672,#9680,#9684,.T.);
#9686=ORIENTED_EDGE('',*,*,#9685,.T.);
#9687=CARTESIAN_POINT('',(-17.138,11.665510414,42.));
#9688=DIRECTION('',(0.5,-0.866025404,0.));
#9689=VECTOR('',#9688,3.);
#9690=LINE('',#9687,#9689);
#9691=EDGE_CURVE('',#9680,#9646,#9690,.T.);
#9692=ORIENTED_EDGE('',*,*,#9691,.T.);
#9693=EDGE_LOOP('',(#9654,#9662,#9670,#9678,#9686,#9692));
#9694=FACE_BOUND('',#9693,.T.);
#9695=CARTESIAN_POINT('',(18.2932,-27.717365798,42.));
#9696=VERTEX_POINT('',#9695);
#9697=CARTESIAN_POINT('',(21.2932,-27.717365798,42.));
#9698=VERTEX_POINT('',#9697);
#9699=CARTESIAN_POINT('',(18.2932,-27.717365798,42.));
#9700=DIRECTION('',(1.,0.,0.));
#9701=VECTOR('',#9700,3.);
#9702=LINE('',#9699,#9701);
#9703=EDGE_CURVE('',#9696,#9698,#9702,.T.);
#9704=ORIENTED_EDGE('',*,*,#9703,.T.);
#9705=CARTESIAN_POINT('',(22.7932,-25.119289586,42.));
#9706=VERTEX_POINT('',#9705);
#9707=CARTESIAN_POINT('',(21.2932,-27.717365798,42.));
#9708=DIRECTION('',(0.5,0.866025404,0.));
#9709=VECTOR('',#9708,3.);
#9710=LINE('',#9707,#9709);
#9711=EDGE_CURVE('',#9698,#9706,#9710,.T.);
#9712=ORIENTED_EDGE('',*,*,#9711,.T.);
#9713=CARTESIAN_POINT('',(21.2932,-22.521213375,42.));
#9714=VERTEX_POINT('',#9713);
#9715=CARTESIAN_POINT('',(22.7932,-25.119289586,42.));
#9716=DIRECTION('',(-0.5,0.866025404,0.));
#9717=VECTOR('',#9716,3.);
#9718=LINE('',#9715,#9717);
#9719=EDGE_CURVE('',#9706,#9714,#9718,.T.);
#9720=ORIENTED_EDGE('',*,*,#9719,.T.);
#9721=CARTESIAN_POINT('',(18.2932,-22.521213375,42.));
#9722=VERTEX_POINT('',#9721);
#9723=CARTESIAN_POINT('',(21.2932,-22.521213375,42.));
#9724=DIRECTION('',(-1.,0.,0.));
#9725=VECTOR('',#9724,3.);
#9726=LINE('',#9723,#9725);
#9727=EDGE_CURVE('',#9714,#9722,#9726,.T.);
#9728=ORIENTED_EDGE('',*,*,#9727,.T.);
#9729=CARTESIAN_POINT('',(16.7932,-25.119289586,42.));
#9730=VERTEX_POINT('',#9729);
#9731=CARTESIAN_POINT('',(18.2932,-22.521213375,42.));
#9732=DIRECTION('',(-0.5,-0.866025404,0.));
#9733=VECTOR('',#9732,3.);
#9734=LINE('',#9731,#9733);
#9735=EDGE_CURVE('',#9722,#9730,#9734,.T.);
#9736=ORIENTED_EDGE('',*,*,#9735,.T.);
#9737=CARTESIAN_POINT('',(16.7932,-25.119289586,42.));
#9738=DIRECTION('',(0.5,-0.866025404,0.));
#9739=VECTOR('',#9738,3.);
#9740=LINE('',#9737,#9739);
#9741=EDGE_CURVE('',#9730,#9696,#9740,.T.);
#9742=ORIENTED_EDGE('',*,*,#9741,.T.);
#9743=EDGE_LOOP('',(#9704,#9712,#9720,#9728,#9736,#9742));
#9744=FACE_BOUND('',#9743,.T.);
#9745=CARTESIAN_POINT('',(12.638,-32.315489586,42.));
#9746=VERTEX_POINT('',#9745);
#9747=CARTESIAN_POINT('',(15.638,-32.315489586,42.));
#9748=VERTEX_POINT('',#9747);
#9749=CARTESIAN_POINT('',(12.638,-32.315489586,42.));
#9750=DIRECTION('',(1.,0.,-0.));
#9751=VECTOR('',#9750,3.);
#9752=LINE('',#9749,#9751);
#9753=EDGE_CURVE('',#9746,#9748,#9752,.T.);
#9754=ORIENTED_EDGE('',*,*,#9753,.T.);
#9755=CARTESIAN_POINT('',(17.138,-29.717413375,42.));
#9756=VERTEX_POINT('',#9755);
#9757=CARTESIAN_POINT('',(15.638,-32.315489586,42.));
#9758=DIRECTION('',(0.5,0.866025404,0.));
#9759=VECTOR('',#9758,3.);
#9760=LINE('',#9757,#9759);
#9761=EDGE_CURVE('',#9748,#9756,#9760,.T.);
#9762=ORIENTED_EDGE('',*,*,#9761,.T.);
#9763=CARTESIAN_POINT('',(15.638,-27.119337164,42.));
#9764=VERTEX_POINT('',#9763);
#9765=CARTESIAN_POINT('',(17.138,-29.717413375,42.));
#9766=DIRECTION('',(-0.5,0.866025404,0.));
#9767=VECTOR('',#9766,3.);
#9768=LINE('',#9765,#9767);
#9769=EDGE_CURVE('',#9756,#9764,#9768,.T.);
#9770=ORIENTED_EDGE('',*,*,#9769,.T.);
#9771=CARTESIAN_POINT('',(12.638,-27.119337164,42.));
#9772=VERTEX_POINT('',#9771);
#9773=CARTESIAN_POINT('',(15.638,-27.119337164,42.));
#9774=DIRECTION('',(-1.,0.,0.));
#9775=VECTOR('',#9774,3.);
#9776=LINE('',#9773,#9775);
#9777=EDGE_CURVE('',#9764,#9772,#9776,.T.);
#9778=ORIENTED_EDGE('',*,*,#9777,.T.);
#9779=CARTESIAN_POINT('',(11.138,-29.717413375,42.));
#9780=VERTEX_POINT('',#9779);
#9781=CARTESIAN_POINT('',(12.638,-27.119337164,42.));
#9782=DIRECTION('',(-0.5,-0.866025404,0.));
#9783=VECTOR('',#9782,3.);
#9784=LINE('',#9781,#9783);
#9785=EDGE_CURVE('',#9772,#9780,#9784,.T.);
#9786=ORIENTED_EDGE('',*,*,#9785,.T.);
#9787=CARTESIAN_POINT('',(11.138,-29.717413375,42.));
#9788=DIRECTION('',(0.5,-0.866025404,0.));
#9789=VECTOR('',#9788,3.);
#9790=LINE('',#9787,#9789);
#9791=EDGE_CURVE('',#9780,#9746,#9790,.T.);
#9792=ORIENTED_EDGE('',*,*,#9791,.T.);
#9793=EDGE_LOOP('',(#9754,#9762,#9770,#9778,#9786,#9792));
#9794=FACE_BOUND('',#9793,.T.);
#9795=CARTESIAN_POINT('',(12.638,22.861710414,42.));
#9796=VERTEX_POINT('',#9795);
#9797=CARTESIAN_POINT('',(15.638,22.861710414,42.));
#9798=VERTEX_POINT('',#9797);
#9799=CARTESIAN_POINT('',(12.638,22.861710414,42.));
#9800=DIRECTION('',(1.,0.,0.));
#9801=VECTOR('',#9800,3.);
#9802=LINE('',#9799,#9801);
#9803=EDGE_CURVE('',#9796,#9798,#9802,.T.);
#9804=ORIENTED_EDGE('',*,*,#9803,.T.);
#9805=CARTESIAN_POINT('',(17.138,25.459786625,42.));
#9806=VERTEX_POINT('',#9805);
#9807=CARTESIAN_POINT('',(15.638,22.861710414,42.));
#9808=DIRECTION('',(0.5,0.866025404,0.));
#9809=VECTOR('',#9808,3.);
#9810=LINE('',#9807,#9809);
#9811=EDGE_CURVE('',#9798,#9806,#9810,.T.);
#9812=ORIENTED_EDGE('',*,*,#9811,.T.);
#9813=CARTESIAN_POINT('',(15.638,28.057862836,42.));
#9814=VERTEX_POINT('',#9813);
#9815=CARTESIAN_POINT('',(17.138,25.459786625,42.));
#9816=DIRECTION('',(-0.5,0.866025404,0.));
#9817=VECTOR('',#9816,3.);
#9818=LINE('',#9815,#9817);
#9819=EDGE_CURVE('',#9806,#9814,#9818,.T.);
#9820=ORIENTED_EDGE('',*,*,#9819,.T.);
#9821=CARTESIAN_POINT('',(12.638,28.057862836,42.));
#9822=VERTEX_POINT('',#9821);
#9823=CARTESIAN_POINT('',(15.638,28.057862836,42.));
#9824=DIRECTION('',(-1.,0.,0.));
#9825=VECTOR('',#9824,3.);
#9826=LINE('',#9823,#9825);
#9827=EDGE_CURVE('',#9814,#9822,#9826,.T.);
#9828=ORIENTED_EDGE('',*,*,#9827,.T.);
#9829=CARTESIAN_POINT('',(11.138,25.459786625,42.));
#9830=VERTEX_POINT('',#9829);
#9831=CARTESIAN_POINT('',(12.638,28.057862836,42.));
#9832=DIRECTION('',(-0.5,-0.866025404,0.));
#9833=VECTOR('',#9832,3.);
#9834=LINE('',#9831,#9833);
#9835=EDGE_CURVE('',#9822,#9830,#9834,.T.);
#9836=ORIENTED_EDGE('',*,*,#9835,.T.);
#9837=CARTESIAN_POINT('',(11.138,25.459786625,42.));
#9838=DIRECTION('',(0.5,-0.866025404,0.));
#9839=VECTOR('',#9838,3.);
#9840=LINE('',#9837,#9839);
#9841=EDGE_CURVE('',#9830,#9796,#9840,.T.);
#9842=ORIENTED_EDGE('',*,*,#9841,.T.);
#9843=EDGE_LOOP('',(#9804,#9812,#9820,#9828,#9836,#9842));
#9844=FACE_BOUND('',#9843,.T.);
#9845=CARTESIAN_POINT('',(-15.638,18.263634202,42.));
#9846=VERTEX_POINT('',#9845);
#9847=CARTESIAN_POINT('',(-12.638,18.263634202,42.));
#9848=VERTEX_POINT('',#9847);
#9849=CARTESIAN_POINT('',(-15.638,18.263634202,42.));
#9850=DIRECTION('',(1.,0.,0.));
#9851=VECTOR('',#9850,3.);
#9852=LINE('',#9849,#9851);
#9853=EDGE_CURVE('',#9846,#9848,#9852,.T.);
#9854=ORIENTED_EDGE('',*,*,#9853,.T.);
#9855=CARTESIAN_POINT('',(-11.138,20.861710414,42.));
#9856=VERTEX_POINT('',#9855);
#9857=CARTESIAN_POINT('',(-12.638,18.263634202,42.));
#9858=DIRECTION('',(0.5,0.866025404,0.));
#9859=VECTOR('',#9858,3.);
#9860=LINE('',#9857,#9859);
#9861=EDGE_CURVE('',#9848,#9856,#9860,.T.);
#9862=ORIENTED_EDGE('',*,*,#9861,.T.);
#9863=CARTESIAN_POINT('',(-12.638,23.459786625,42.));
#9864=VERTEX_POINT('',#9863);
#9865=CARTESIAN_POINT('',(-11.138,20.861710414,42.));
#9866=DIRECTION('',(-0.5,0.866025404,0.));
#9867=VECTOR('',#9866,3.);
#9868=LINE('',#9865,#9867);
#9869=EDGE_CURVE('',#9856,#9864,#9868,.T.);
#9870=ORIENTED_EDGE('',*,*,#9869,.T.);
#9871=CARTESIAN_POINT('',(-15.638,23.459786625,42.));
#9872=VERTEX_POINT('',#9871);
#9873=CARTESIAN_POINT('',(-12.638,23.459786625,42.));
#9874=DIRECTION('',(-1.,0.,0.));
#9875=VECTOR('',#9874,3.);
#9876=LINE('',#9873,#9875);
#9877=EDGE_CURVE('',#9864,#9872,#9876,.T.);
#9878=ORIENTED_EDGE('',*,*,#9877,.T.);
#9879=CARTESIAN_POINT('',(-17.138,20.861710414,42.));
#9880=VERTEX_POINT('',#9879);
#9881=CARTESIAN_POINT('',(-15.638,23.459786625,42.));
#9882=DIRECTION('',(-0.5,-0.866025404,0.));
#9883=VECTOR('',#9882,3.);
#9884=LINE('',#9881,#9883);
#9885=EDGE_CURVE('',#9872,#9880,#9884,.T.);
#9886=ORIENTED_EDGE('',*,*,#9885,.T.);
#9887=CARTESIAN_POINT('',(-17.138,20.861710414,42.));
#9888=DIRECTION('',(0.5,-0.866025404,0.));
#9889=VECTOR('',#9888,3.);
#9890=LINE('',#9887,#9889);
#9891=EDGE_CURVE('',#9880,#9846,#9890,.T.);
#9892=ORIENTED_EDGE('',*,*,#9891,.T.);
#9893=EDGE_LOOP('',(#9854,#9862,#9870,#9878,#9886,#9892));
#9894=FACE_BOUND('',#9893,.T.);
#9895=CARTESIAN_POINT('',(-23.375,-52.650951481,42.));
#9896=VERTEX_POINT('',#9895);
#9897=CARTESIAN_POINT('',(-27.375,-52.650951481,42.));
#9898=VERTEX_POINT('',#9897);
#9899=CARTESIAN_POINT('',(-23.375,-52.650951481,42.));
#9900=DIRECTION('',(-1.,0.,0.));
#9901=VECTOR('',#9900,4.);
#9902=LINE('',#9899,#9901);
#9903=EDGE_CURVE('',#9896,#9898,#9902,.T.);
#9904=ORIENTED_EDGE('',*,*,#9903,.F.);
#9905=CARTESIAN_POINT('',(-23.375,28.099048519,42.));
#9906=VERTEX_POINT('',#9905);
#9907=CARTESIAN_POINT('',(-23.375,-52.650951481,42.));
#9908=DIRECTION('',(-0.,1.,-0.));
#9909=VECTOR('',#9908,80.75);
#9910=LINE('',#9907,#9909);
#9911=EDGE_CURVE('',#9896,#9906,#9910,.T.);
#9912=ORIENTED_EDGE('',*,*,#9911,.T.);
#9913=CARTESIAN_POINT('',(-31.5,28.099048519,42.));
#9914=VERTEX_POINT('',#9913);
#9915=CARTESIAN_POINT('',(-23.375,28.099048519,42.));
#9916=DIRECTION('',(-1.,-0.,0.));
#9917=VECTOR('',#9916,8.125);
#9918=LINE('',#9915,#9917);
#9919=EDGE_CURVE('',#9906,#9914,#9918,.T.);
#9920=ORIENTED_EDGE('',*,*,#9919,.T.);
#9921=CARTESIAN_POINT('',(-31.5,33.724048519,42.));
#9922=VERTEX_POINT('',#9921);
#9923=CARTESIAN_POINT('',(-31.5,33.724048519,42.));
#9924=DIRECTION('',(0.,-1.,0.));
#9925=VECTOR('',#9924,5.625);
#9926=LINE('',#9923,#9925);
#9927=EDGE_CURVE('',#9922,#9914,#9926,.T.);
#9928=ORIENTED_EDGE('',*,*,#9927,.F.);
#9929=CARTESIAN_POINT('',(-27.5,37.724048519,42.));
#9930=VERTEX_POINT('',#9929);
#9931=CARTESIAN_POINT('',(-27.5,33.724048519,42.));
#9932=DIRECTION('',(0.,0.,1.));
#9933=DIRECTION('',(1.,0.,-0.));
#9934=AXIS2_PLACEMENT_3D('',#9931,#9932,#9933);
#9935=CIRCLE('',#9934,4.);
#9936=EDGE_CURVE('',#9930,#9922,#9935,.T.);
#9937=ORIENTED_EDGE('',*,*,#9936,.F.);
#9938=CARTESIAN_POINT('',(-25.875,37.724048519,42.));
#9939=VERTEX_POINT('',#9938);
#9940=CARTESIAN_POINT('',(-27.5,37.724048519,42.));
#9941=DIRECTION('',(1.,0.,0.));
#9942=VECTOR('',#9941,1.625);
#9943=LINE('',#9940,#9942);
#9944=EDGE_CURVE('',#9930,#9939,#9943,.T.);
#9945=ORIENTED_EDGE('',*,*,#9944,.T.);
#9946=CARTESIAN_POINT('',(-25.875,34.724048519,42.));
#9947=VERTEX_POINT('',#9946);
#9948=CARTESIAN_POINT('',(-25.875,37.724048519,42.));
#9949=DIRECTION('',(0.,-1.,0.));
#9950=VECTOR('',#9949,3.);
#9951=LINE('',#9948,#9950);
#9952=EDGE_CURVE('',#9939,#9947,#9951,.T.);
#9953=ORIENTED_EDGE('',*,*,#9952,.T.);
#9954=CARTESIAN_POINT('',(-0.125,34.724048519,42.));
#9955=VERTEX_POINT('',#9954);
#9956=CARTESIAN_POINT('',(-25.875,34.724048519,42.));
#9957=DIRECTION('',(1.,0.,-0.));
#9958=VECTOR('',#9957,25.75);
#9959=LINE('',#9956,#9958);
#9960=EDGE_CURVE('',#9947,#9955,#9959,.T.);
#9961=ORIENTED_EDGE('',*,*,#9960,.T.);
#9962=CARTESIAN_POINT('',(-0.125,37.724048519,42.));
#9963=VERTEX_POINT('',#9962);
#9964=CARTESIAN_POINT('',(-0.125,34.724048519,42.));
#9965=DIRECTION('',(0.,1.,0.));
#9966=VECTOR('',#9965,3.);
#9967=LINE('',#9964,#9966);
#9968=EDGE_CURVE('',#9955,#9963,#9967,.T.);
#9969=ORIENTED_EDGE('',*,*,#9968,.T.);
#9970=CARTESIAN_POINT('',(27.5,37.724048519,42.));
#9971=VERTEX_POINT('',#9970);
#9972=CARTESIAN_POINT('',(-0.125,37.724048519,42.));
#9973=DIRECTION('',(1.,0.,0.));
#9974=VECTOR('',#9973,27.625);
#9975=LINE('',#9972,#9974);
#9976=EDGE_CURVE('',#9963,#9971,#9975,.T.);
#9977=ORIENTED_EDGE('',*,*,#9976,.T.);
#9978=CARTESIAN_POINT('',(31.5,33.724048519,42.));
#9979=VERTEX_POINT('',#9978);
#9980=CARTESIAN_POINT('',(27.5,33.724048519,42.));
#9981=DIRECTION('',(0.,0.,1.));
#9982=DIRECTION('',(1.,0.,-0.));
#9983=AXIS2_PLACEMENT_3D('',#9980,#9981,#9982);
#9984=CIRCLE('',#9983,4.);
#9985=EDGE_CURVE('',#9979,#9971,#9984,.T.);
#9986=ORIENTED_EDGE('',*,*,#9985,.F.);
#9987=CARTESIAN_POINT('',(31.5,-51.775951481,42.));
#9988=VERTEX_POINT('',#9987);
#9989=CARTESIAN_POINT('',(31.5,-51.775951481,42.));
#9990=DIRECTION('',(-0.,1.,0.));
#9991=VECTOR('',#9990,85.5);
#9992=LINE('',#9989,#9991);
#9993=EDGE_CURVE('',#9988,#9979,#9992,.T.);
#9994=ORIENTED_EDGE('',*,*,#9993,.F.);
#9995=CARTESIAN_POINT('',(27.5,-55.775951481,42.));
#9996=VERTEX_POINT('',#9995);
#9997=CARTESIAN_POINT('',(27.5,-51.775951481,42.));
#9998=DIRECTION('',(0.,0.,1.));
#9999=DIRECTION('',(1.,0.,-0.));
#10000=AXIS2_PLACEMENT_3D('',#9997,#9998,#9999);
#10001=CIRCLE('',#10000,4.);
#10002=EDGE_CURVE('',#9996,#9988,#10001,.T.);
#10003=ORIENTED_EDGE('',*,*,#10002,.F.);
#10004=CARTESIAN_POINT('',(-27.5,-55.775951481,42.));
#10005=VERTEX_POINT('',#10004);
#10006=CARTESIAN_POINT('',(-27.5,-55.775951481,42.));
#10007=DIRECTION('',(1.,0.,0.));
#10008=VECTOR('',#10007,55.);
#10009=LINE('',#10006,#10008);
#10010=EDGE_CURVE('',#10005,#9996,#10009,.T.);
#10011=ORIENTED_EDGE('',*,*,#10010,.F.);
#10012=CARTESIAN_POINT('',(-31.5,-51.775951481,42.));
#10013=VERTEX_POINT('',#10012);
#10014=CARTESIAN_POINT('',(-27.5,-51.775951481,42.));
#10015=DIRECTION('',(0.,0.,1.));
#10016=DIRECTION('',(1.,0.,-0.));
#10017=AXIS2_PLACEMENT_3D('',#10014,#10015,#10016);
#10018=CIRCLE('',#10017,4.);
#10019=EDGE_CURVE('',#10013,#10005,#10018,.T.);
#10020=ORIENTED_EDGE('',*,*,#10019,.F.);
#10021=CARTESIAN_POINT('',(-31.5,-13.150951481,42.));
#10022=VERTEX_POINT('',#10021);
#10023=CARTESIAN_POINT('',(-31.5,-13.150951481,42.));
#10024=DIRECTION('',(0.,-1.,0.));
#10025=VECTOR('',#10024,38.625);
#10026=LINE('',#10023,#10025);
#10027=EDGE_CURVE('',#10022,#10013,#10026,.T.);
#10028=ORIENTED_EDGE('',*,*,#10027,.F.);
#10029=CARTESIAN_POINT('',(-28.375,-13.150951481,42.));
#10030=VERTEX_POINT('',#10029);
#10031=CARTESIAN_POINT('',(-31.5,-13.150951481,42.));
#10032=DIRECTION('',(1.,0.,-0.));
#10033=VECTOR('',#10032,3.125);
#10034=LINE('',#10031,#10033);
#10035=EDGE_CURVE('',#10022,#10030,#10034,.T.);
#10036=ORIENTED_EDGE('',*,*,#10035,.T.);
#10037=CARTESIAN_POINT('',(-28.375,-51.650951481,42.));
#10038=VERTEX_POINT('',#10037);
#10039=CARTESIAN_POINT('',(-28.375,-13.150951481,42.));
#10040=DIRECTION('',(0.,-1.,0.));
#10041=VECTOR('',#10040,38.5);
#10042=LINE('',#10039,#10041);
#10043=EDGE_CURVE('',#10030,#10038,#10042,.T.);
#10044=ORIENTED_EDGE('',*,*,#10043,.T.);
#10045=CARTESIAN_POINT('',(-27.375,-51.650951481,42.));
#10046=DIRECTION('',(0.,0.,1.));
#10047=DIRECTION('',(1.,0.,-0.));
#10048=AXIS2_PLACEMENT_3D('',#10045,#10046,#10047);
#10049=CIRCLE('',#10048,1.);
#10050=EDGE_CURVE('',#10038,#9898,#10049,.T.);
#10051=ORIENTED_EDGE('',*,*,#10050,.T.);
#10052=EDGE_LOOP('',(#9904,#9912,#9920,#9928,#9937,#9945,#9953,#9961,#9969,#9977,#9986,#9994,#10003,#10011,#10020,#10028,#10036,#10044,#10051));
#10053=FACE_BOUND('',#10052,.T.);
#10054=ORIENTED_EDGE('',*,*,#6584,.T.);
#10055=CARTESIAN_POINT('',(23.375,-52.650951481,42.));
#10056=VERTEX_POINT('',#10055);
#10057=CARTESIAN_POINT('',(23.375,-42.650951481,42.));
#10058=DIRECTION('',(0.,-1.,-0.));
#10059=VECTOR('',#10058,10.);
#10060=LINE('',#10057,#10059);
#10061=EDGE_CURVE('',#6572,#10056,#10060,.T.);
#10062=ORIENTED_EDGE('',*,*,#10061,.T.);
#10063=CARTESIAN_POINT('',(27.375,-52.650951481,42.));
#10064=VERTEX_POINT('',#10063);
#10065=CARTESIAN_POINT('',(23.375,-52.650951481,42.));
#10066=DIRECTION('',(1.,0.,-0.));
#10067=VECTOR('',#10066,4.);
#10068=LINE('',#10065,#10067);
#10069=EDGE_CURVE('',#10056,#10064,#10068,.T.);
#10070=ORIENTED_EDGE('',*,*,#10069,.T.);
#10071=CARTESIAN_POINT('',(28.375,-51.650951481,42.));
#10072=VERTEX_POINT('',#10071);
#10073=CARTESIAN_POINT('',(27.375,-51.650951481,42.));
#10074=DIRECTION('',(0.,0.,1.));
#10075=DIRECTION('',(1.,0.,-0.));
#10076=AXIS2_PLACEMENT_3D('',#10073,#10074,#10075);
#10077=CIRCLE('',#10076,1.);
#10078=EDGE_CURVE('',#10064,#10072,#10077,.T.);
#10079=ORIENTED_EDGE('',*,*,#10078,.T.);
#10080=CARTESIAN_POINT('',(28.375,-42.650951481,42.));
#10081=DIRECTION('',(0.,-1.,0.));
#10082=VECTOR('',#10081,9.);
#10083=LINE('',#10080,#10082);
#10084=EDGE_CURVE('',#6537,#10072,#10083,.T.);
#10085=ORIENTED_EDGE('',*,*,#10084,.F.);
#10086=EDGE_LOOP('',(#10054,#10062,#10070,#10079,#10085));
#10087=FACE_BOUND('',#10086,.T.);
#10088=CARTESIAN_POINT('',(0.,29.599048519,42.));
#10089=VERTEX_POINT('',#10088);
#10090=CARTESIAN_POINT('',(-0.,34.599048519,42.));
#10091=VERTEX_POINT('',#10090);
#10092=CARTESIAN_POINT('',(0.,29.599048519,42.));
#10093=DIRECTION('',(-0.,1.,0.));
#10094=VECTOR('',#10093,5.);
#10095=LINE('',#10092,#10094);
#10096=EDGE_CURVE('',#10089,#10091,#10095,.T.);
#10097=ORIENTED_EDGE('',*,*,#10096,.F.);
#10098=CARTESIAN_POINT('',(0.,29.599048519,42.));
#10099=DIRECTION('',(1.,0.,-0.));
#10100=VECTOR('',#10099,28.375);
#10101=LINE('',#10098,#10100);
#10102=EDGE_CURVE('',#10089,#6595,#10101,.T.);
#10103=ORIENTED_EDGE('',*,*,#10102,.T.);
#10104=ORIENTED_EDGE('',*,*,#6623,.F.);
#10105=CARTESIAN_POINT('',(27.375,34.599048519,42.));
#10106=VERTEX_POINT('',#10105);
#10107=CARTESIAN_POINT('',(27.375,33.599048519,42.));
#10108=DIRECTION('',(0.,0.,1.));
#10109=DIRECTION('',(1.,0.,-0.));
#10110=AXIS2_PLACEMENT_3D('',#10107,#10108,#10109);
#10111=CIRCLE('',#10110,1.);
#10112=EDGE_CURVE('',#6612,#10106,#10111,.T.);
#10113=ORIENTED_EDGE('',*,*,#10112,.T.);
#10114=CARTESIAN_POINT('',(27.375,34.599048519,42.));
#10115=DIRECTION('',(-1.,-0.,0.));
#10116=VECTOR('',#10115,27.375);
#10117=LINE('',#10114,#10116);
#10118=EDGE_CURVE('',#10106,#10091,#10117,.T.);
#10119=ORIENTED_EDGE('',*,*,#10118,.T.);
#10120=EDGE_LOOP('',(#10097,#10103,#10104,#10113,#10119));
#10121=FACE_BOUND('',#10120,.T.);
#10122=ADVANCED_FACE('',(#6744,#6794,#6844,#6894,#6944,#6994,#7044,#7094,#7144,#7194,#7244,#7294,#7344,#7394,#7444,#7494,#7544,#7594,#7644,#7694,#7744,#7794,#7844,#7894,#7944,#7994,
#8044,#8094,#8144,#8194,#8244,#8294,#8344,#8394,#8444,#8494,#8544,#8594,#8644,#8694,#8744,#8794,#8844,#8894,#8944,#8994,#9044,#9094,#9144,#9194,#9244,
#9294,#9344,#9394,#9444,#9494,#9544,#9594,#9644,#9694,#9744,#9794,#9844,#9894,#10053,#10087,#10121),#6694,.F.);
#10123=CARTESIAN_POINT('',(0.,0.,45.));
#10124=DIRECTION('',(0.,0.,1.));
#10125=DIRECTION('',(1.,0.,0.));
#10126=AXIS2_PLACEMENT_3D('',#10123,#10124,#10125);
#10127=PLANE('',#10126);
#10128=CARTESIAN_POINT('',(4.3276,-23.119289586,45.));
#10129=VERTEX_POINT('',#10128);
#10130=CARTESIAN_POINT('',(5.8276,-20.521213375,45.));
#10131=VERTEX_POINT('',#10130);
#10132=CARTESIAN_POINT('',(4.3276,-23.119289586,45.));
#10133=DIRECTION('',(0.5,0.866025404,0.));
#10134=VECTOR('',#10133,3.);
#10135=LINE('',#10132,#10134);
#10136=EDGE_CURVE('',#10129,#10131,#10135,.T.);
#10137=ORIENTED_EDGE('',*,*,#10136,.F.);
#10138=CARTESIAN_POINT('',(1.3276,-23.119289586,45.));
#10139=VERTEX_POINT('',#10138);
#10140=CARTESIAN_POINT('',(1.3276,-23.119289586,45.));
#10141=DIRECTION('',(1.,0.,0.));
#10142=VECTOR('',#10141,3.);
#10143=LINE('',#10140,#10142);
#10144=EDGE_CURVE('',#10139,#10129,#10143,.T.);
#10145=ORIENTED_EDGE('',*,*,#10144,.F.);
#10146=CARTESIAN_POINT('',(-0.1724,-20.521213375,45.));
#10147=VERTEX_POINT('',#10146);
#10148=CARTESIAN_POINT('',(-0.1724,-20.521213375,45.));
#10149=DIRECTION('',(0.5,-0.866025404,0.));
#10150=VECTOR('',#10149,3.);
#10151=LINE('',#10148,#10150);
#10152=EDGE_CURVE('',#10147,#10139,#10151,.T.);
#10153=ORIENTED_EDGE('',*,*,#10152,.F.);
#10154=CARTESIAN_POINT('',(1.3276,-17.923137164,45.));
#10155=VERTEX_POINT('',#10154);
#10156=CARTESIAN_POINT('',(1.3276,-17.923137164,45.));
#10157=DIRECTION('',(-0.5,-0.866025404,0.));
#10158=VECTOR('',#10157,3.);
#10159=LINE('',#10156,#10158);
#10160=EDGE_CURVE('',#10155,#10147,#10159,.T.);
#10161=ORIENTED_EDGE('',*,*,#10160,.F.);
#10162=CARTESIAN_POINT('',(4.3276,-17.923137164,45.));
#10163=VERTEX_POINT('',#10162);
#10164=CARTESIAN_POINT('',(4.3276,-17.923137164,45.));
#10165=DIRECTION('',(-1.,0.,0.));
#10166=VECTOR('',#10165,3.);
#10167=LINE('',#10164,#10166);
#10168=EDGE_CURVE('',#10163,#10155,#10167,.T.);
#10169=ORIENTED_EDGE('',*,*,#10168,.F.);
#10170=CARTESIAN_POINT('',(5.8276,-20.521213375,45.));
#10171=DIRECTION('',(-0.5,0.866025404,0.));
#10172=VECTOR('',#10171,3.);
#10173=LINE('',#10170,#10172);
#10174=EDGE_CURVE('',#10131,#10163,#10173,.T.);
#10175=ORIENTED_EDGE('',*,*,#10174,.F.);
#10176=EDGE_LOOP('',(#10137,#10145,#10153,#10161,#10169,#10175));
#10177=FACE_BOUND('',#10176,.T.);
#10178=CARTESIAN_POINT('',(-6.9828,4.469310414,45.));
#10179=VERTEX_POINT('',#10178);
#10180=CARTESIAN_POINT('',(-5.4828,7.067386625,45.));
#10181=VERTEX_POINT('',#10180);
#10182=CARTESIAN_POINT('',(-6.9828,4.469310414,45.));
#10183=DIRECTION('',(0.5,0.866025404,0.));
#10184=VECTOR('',#10183,3.);
#10185=LINE('',#10182,#10184);
#10186=EDGE_CURVE('',#10179,#10181,#10185,.T.);
#10187=ORIENTED_EDGE('',*,*,#10186,.F.);
#10188=CARTESIAN_POINT('',(-9.9828,4.469310414,45.));
#10189=VERTEX_POINT('',#10188);
#10190=CARTESIAN_POINT('',(-9.9828,4.469310414,45.));
#10191=DIRECTION('',(1.,0.,0.));
#10192=VECTOR('',#10191,3.);
#10193=LINE('',#10190,#10192);
#10194=EDGE_CURVE('',#10189,#10179,#10193,.T.);
#10195=ORIENTED_EDGE('',*,*,#10194,.F.);
#10196=CARTESIAN_POINT('',(-11.4828,7.067386625,45.));
#10197=VERTEX_POINT('',#10196);
#10198=CARTESIAN_POINT('',(-11.4828,7.067386625,45.));
#10199=DIRECTION('',(0.5,-0.866025404,0.));
#10200=VECTOR('',#10199,3.);
#10201=LINE('',#10198,#10200);
#10202=EDGE_CURVE('',#10197,#10189,#10201,.T.);
#10203=ORIENTED_EDGE('',*,*,#10202,.F.);
#10204=CARTESIAN_POINT('',(-9.9828,9.665462836,45.));
#10205=VERTEX_POINT('',#10204);
#10206=CARTESIAN_POINT('',(-9.9828,9.665462836,45.));
#10207=DIRECTION('',(-0.5,-0.866025404,0.));
#10208=VECTOR('',#10207,3.);
#10209=LINE('',#10206,#10208);
#10210=EDGE_CURVE('',#10205,#10197,#10209,.T.);
#10211=ORIENTED_EDGE('',*,*,#10210,.F.);
#10212=CARTESIAN_POINT('',(-6.9828,9.665462836,45.));
#10213=VERTEX_POINT('',#10212);
#10214=CARTESIAN_POINT('',(-6.9828,9.665462836,45.));
#10215=DIRECTION('',(-1.,0.,0.));
#10216=VECTOR('',#10215,3.);
#10217=LINE('',#10214,#10216);
#10218=EDGE_CURVE('',#10213,#10205,#10217,.T.);
#10219=ORIENTED_EDGE('',*,*,#10218,.F.);
#10220=CARTESIAN_POINT('',(-5.4828,7.067386625,45.));
#10221=DIRECTION('',(-0.5,0.866025404,0.));
#10222=VECTOR('',#10221,3.);
#10223=LINE('',#10220,#10222);
#10224=EDGE_CURVE('',#10181,#10213,#10223,.T.);
#10225=ORIENTED_EDGE('',*,*,#10224,.F.);
#10226=EDGE_LOOP('',(#10187,#10195,#10203,#10211,#10219,#10225));
#10227=FACE_BOUND('',#10226,.T.);
#10228=CARTESIAN_POINT('',(9.9828,-36.913565798,45.));
#10229=VERTEX_POINT('',#10228);
#10230=CARTESIAN_POINT('',(11.4828,-34.315489586,45.));
#10231=VERTEX_POINT('',#10230);
#10232=CARTESIAN_POINT('',(9.9828,-36.913565798,45.));
#10233=DIRECTION('',(0.5,0.866025404,0.));
#10234=VECTOR('',#10233,3.);
#10235=LINE('',#10232,#10234);
#10236=EDGE_CURVE('',#10229,#10231,#10235,.T.);
#10237=ORIENTED_EDGE('',*,*,#10236,.F.);
#10238=CARTESIAN_POINT('',(6.9828,-36.913565798,45.));
#10239=VERTEX_POINT('',#10238);
#10240=CARTESIAN_POINT('',(6.9828,-36.913565798,45.));
#10241=DIRECTION('',(1.,0.,0.));
#10242=VECTOR('',#10241,3.);
#10243=LINE('',#10240,#10242);
#10244=EDGE_CURVE('',#10239,#10229,#10243,.T.);
#10245=ORIENTED_EDGE('',*,*,#10244,.F.);
#10246=CARTESIAN_POINT('',(5.4828,-34.315489586,45.));
#10247=VERTEX_POINT('',#10246);
#10248=CARTESIAN_POINT('',(5.4828,-34.315489586,45.));
#10249=DIRECTION('',(0.5,-0.866025404,0.));
#10250=VECTOR('',#10249,3.);
#10251=LINE('',#10248,#10250);
#10252=EDGE_CURVE('',#10247,#10239,#10251,.T.);
#10253=ORIENTED_EDGE('',*,*,#10252,.F.);
#10254=CARTESIAN_POINT('',(6.9828,-31.717413375,45.));
#10255=VERTEX_POINT('',#10254);
#10256=CARTESIAN_POINT('',(6.9828,-31.717413375,45.));
#10257=DIRECTION('',(-0.5,-0.866025404,0.));
#10258=VECTOR('',#10257,3.);
#10259=LINE('',#10256,#10258);
#10260=EDGE_CURVE('',#10255,#10247,#10259,.T.);
#10261=ORIENTED_EDGE('',*,*,#10260,.F.);
#10262=CARTESIAN_POINT('',(9.9828,-31.717413375,45.));
#10263=VERTEX_POINT('',#10262);
#10264=CARTESIAN_POINT('',(9.9828,-31.717413375,45.));
#10265=DIRECTION('',(-1.,0.,0.));
#10266=VECTOR('',#10265,3.);
#10267=LINE('',#10264,#10266);
#10268=EDGE_CURVE('',#10263,#10255,#10267,.T.);
#10269=ORIENTED_EDGE('',*,*,#10268,.F.);
#10270=CARTESIAN_POINT('',(11.4828,-34.315489586,45.));
#10271=DIRECTION('',(-0.5,0.866025404,0.));
#10272=VECTOR('',#10271,3.);
#10273=LINE('',#10270,#10272);
#10274=EDGE_CURVE('',#10231,#10263,#10273,.T.);
#10275=ORIENTED_EDGE('',*,*,#10274,.F.);
#10276=EDGE_LOOP('',(#10237,#10245,#10253,#10261,#10269,#10275));
#10277=FACE_BOUND('',#10276,.T.);
#10278=CARTESIAN_POINT('',(-6.9828,13.665510414,45.));
#10279=VERTEX_POINT('',#10278);
#10280=CARTESIAN_POINT('',(-5.4828,16.263586625,45.));
#10281=VERTEX_POINT('',#10280);
#10282=CARTESIAN_POINT('',(-6.9828,13.665510414,45.));
#10283=DIRECTION('',(0.5,0.866025404,0.));
#10284=VECTOR('',#10283,3.);
#10285=LINE('',#10282,#10284);
#10286=EDGE_CURVE('',#10279,#10281,#10285,.T.);
#10287=ORIENTED_EDGE('',*,*,#10286,.F.);
#10288=CARTESIAN_POINT('',(-9.9828,13.665510414,45.));
#10289=VERTEX_POINT('',#10288);
#10290=CARTESIAN_POINT('',(-9.9828,13.665510414,45.));
#10291=DIRECTION('',(1.,0.,0.));
#10292=VECTOR('',#10291,3.);
#10293=LINE('',#10290,#10292);
#10294=EDGE_CURVE('',#10289,#10279,#10293,.T.);
#10295=ORIENTED_EDGE('',*,*,#10294,.F.);
#10296=CARTESIAN_POINT('',(-11.4828,16.263586625,45.));
#10297=VERTEX_POINT('',#10296);
#10298=CARTESIAN_POINT('',(-11.4828,16.263586625,45.));
#10299=DIRECTION('',(0.5,-0.866025404,0.));
#10300=VECTOR('',#10299,3.);
#10301=LINE('',#10298,#10300);
#10302=EDGE_CURVE('',#10297,#10289,#10301,.T.);
#10303=ORIENTED_EDGE('',*,*,#10302,.F.);
#10304=CARTESIAN_POINT('',(-9.9828,18.861662836,45.));
#10305=VERTEX_POINT('',#10304);
#10306=CARTESIAN_POINT('',(-9.9828,18.861662836,45.));
#10307=DIRECTION('',(-0.5,-0.866025404,0.));
#10308=VECTOR('',#10307,3.);
#10309=LINE('',#10306,#10308);
#10310=EDGE_CURVE('',#10305,#10297,#10309,.T.);
#10311=ORIENTED_EDGE('',*,*,#10310,.F.);
#10312=CARTESIAN_POINT('',(-6.9828,18.861662836,45.));
#10313=VERTEX_POINT('',#10312);
#10314=CARTESIAN_POINT('',(-6.9828,18.861662836,45.));
#10315=DIRECTION('',(-1.,0.,0.));
#10316=VECTOR('',#10315,3.);
#10317=LINE('',#10314,#10316);
#10318=EDGE_CURVE('',#10313,#10305,#10317,.T.);
#10319=ORIENTED_EDGE('',*,*,#10318,.F.);
#10320=CARTESIAN_POINT('',(-5.4828,16.263586625,45.));
#10321=DIRECTION('',(-0.5,0.866025404,0.));
#10322=VECTOR('',#10321,3.);
#10323=LINE('',#10320,#10322);
#10324=EDGE_CURVE('',#10281,#10313,#10323,.T.);
#10325=ORIENTED_EDGE('',*,*,#10324,.F.);
#10326=EDGE_LOOP('',(#10287,#10295,#10303,#10311,#10319,#10325));
#10327=FACE_BOUND('',#10326,.T.);
#10328=CARTESIAN_POINT('',(4.3276,-4.726889586,45.));
#10329=VERTEX_POINT('',#10328);
#10330=CARTESIAN_POINT('',(5.8276,-2.128813375,45.));
#10331=VERTEX_POINT('',#10330);
#10332=CARTESIAN_POINT('',(4.3276,-4.726889586,45.));
#10333=DIRECTION('',(0.5,0.866025404,0.));
#10334=VECTOR('',#10333,3.);
#10335=LINE('',#10332,#10334);
#10336=EDGE_CURVE('',#10329,#10331,#10335,.T.);
#10337=ORIENTED_EDGE('',*,*,#10336,.F.);
#10338=CARTESIAN_POINT('',(1.3276,-4.726889586,45.));
#10339=VERTEX_POINT('',#10338);
#10340=CARTESIAN_POINT('',(1.3276,-4.726889586,45.));
#10341=DIRECTION('',(1.,0.,0.));
#10342=VECTOR('',#10341,3.);
#10343=LINE('',#10340,#10342);
#10344=EDGE_CURVE('',#10339,#10329,#10343,.T.);
#10345=ORIENTED_EDGE('',*,*,#10344,.F.);
#10346=CARTESIAN_POINT('',(-0.1724,-2.128813375,45.));
#10347=VERTEX_POINT('',#10346);
#10348=CARTESIAN_POINT('',(-0.1724,-2.128813375,45.));
#10349=DIRECTION('',(0.5,-0.866025404,0.));
#10350=VECTOR('',#10349,3.);
#10351=LINE('',#10348,#10350);
#10352=EDGE_CURVE('',#10347,#10339,#10351,.T.);
#10353=ORIENTED_EDGE('',*,*,#10352,.F.);
#10354=CARTESIAN_POINT('',(1.3276,0.469262836,45.));
#10355=VERTEX_POINT('',#10354);
#10356=CARTESIAN_POINT('',(1.3276,0.469262836,45.));
#10357=DIRECTION('',(-0.5,-0.866025404,0.));
#10358=VECTOR('',#10357,3.);
#10359=LINE('',#10356,#10358);
#10360=EDGE_CURVE('',#10355,#10347,#10359,.T.);
#10361=ORIENTED_EDGE('',*,*,#10360,.F.);
#10362=CARTESIAN_POINT('',(4.3276,0.469262836,45.));
#10363=VERTEX_POINT('',#10362);
#10364=CARTESIAN_POINT('',(4.3276,0.469262836,45.));
#10365=DIRECTION('',(-1.,0.,0.));
#10366=VECTOR('',#10365,3.);
#10367=LINE('',#10364,#10366);
#10368=EDGE_CURVE('',#10363,#10355,#10367,.T.);
#10369=ORIENTED_EDGE('',*,*,#10368,.F.);
#10370=CARTESIAN_POINT('',(5.8276,-2.128813375,45.));
#10371=DIRECTION('',(-0.5,0.866025404,0.));
#10372=VECTOR('',#10371,3.);
#10373=LINE('',#10370,#10372);
#10374=EDGE_CURVE('',#10331,#10363,#10373,.T.);
#10375=ORIENTED_EDGE('',*,*,#10374,.F.);
#10376=EDGE_LOOP('',(#10337,#10345,#10353,#10361,#10369,#10375));
#10377=FACE_BOUND('',#10376,.T.);
#10378=CARTESIAN_POINT('',(15.638,4.469310414,45.));
#10379=VERTEX_POINT('',#10378);
#10380=CARTESIAN_POINT('',(17.138,7.067386625,45.));
#10381=VERTEX_POINT('',#10380);
#10382=CARTESIAN_POINT('',(15.638,4.469310414,45.));
#10383=DIRECTION('',(0.5,0.866025404,0.));
#10384=VECTOR('',#10383,3.);
#10385=LINE('',#10382,#10384);
#10386=EDGE_CURVE('',#10379,#10381,#10385,.T.);
#10387=ORIENTED_EDGE('',*,*,#10386,.F.);
#10388=CARTESIAN_POINT('',(12.638,4.469310414,45.));
#10389=VERTEX_POINT('',#10388);
#10390=CARTESIAN_POINT('',(12.638,4.469310414,45.));
#10391=DIRECTION('',(1.,0.,0.));
#10392=VECTOR('',#10391,3.);
#10393=LINE('',#10390,#10392);
#10394=EDGE_CURVE('',#10389,#10379,#10393,.T.);
#10395=ORIENTED_EDGE('',*,*,#10394,.F.);
#10396=CARTESIAN_POINT('',(11.138,7.067386625,45.));
#10397=VERTEX_POINT('',#10396);
#10398=CARTESIAN_POINT('',(11.138,7.067386625,45.));
#10399=DIRECTION('',(0.5,-0.866025404,0.));
#10400=VECTOR('',#10399,3.);
#10401=LINE('',#10398,#10400);
#10402=EDGE_CURVE('',#10397,#10389,#10401,.T.);
#10403=ORIENTED_EDGE('',*,*,#10402,.F.);
#10404=CARTESIAN_POINT('',(12.638,9.665462836,45.));
#10405=VERTEX_POINT('',#10404);
#10406=CARTESIAN_POINT('',(12.638,9.665462836,45.));
#10407=DIRECTION('',(-0.5,-0.866025404,0.));
#10408=VECTOR('',#10407,3.);
#10409=LINE('',#10406,#10408);
#10410=EDGE_CURVE('',#10405,#10397,#10409,.T.);
#10411=ORIENTED_EDGE('',*,*,#10410,.F.);
#10412=CARTESIAN_POINT('',(15.638,9.665462836,45.));
#10413=VERTEX_POINT('',#10412);
#10414=CARTESIAN_POINT('',(15.638,9.665462836,45.));
#10415=DIRECTION('',(-1.,0.,0.));
#10416=VECTOR('',#10415,3.);
#10417=LINE('',#10414,#10416);
#10418=EDGE_CURVE('',#10413,#10405,#10417,.T.);
#10419=ORIENTED_EDGE('',*,*,#10418,.F.);
#10420=CARTESIAN_POINT('',(17.138,7.067386625,45.));
#10421=DIRECTION('',(-0.5,0.866025404,0.));
#10422=VECTOR('',#10421,3.);
#10423=LINE('',#10420,#10422);
#10424=EDGE_CURVE('',#10381,#10413,#10423,.T.);
#10425=ORIENTED_EDGE('',*,*,#10424,.F.);
#10426=EDGE_LOOP('',(#10387,#10395,#10403,#10411,#10419,#10425));
#10427=FACE_BOUND('',#10426,.T.);
#10428=CARTESIAN_POINT('',(-12.638,-36.913565798,45.));
#10429=VERTEX_POINT('',#10428);
#10430=CARTESIAN_POINT('',(-11.138,-34.315489586,45.));
#10431=VERTEX_POINT('',#10430);
#10432=CARTESIAN_POINT('',(-12.638,-36.913565798,45.));
#10433=DIRECTION('',(0.5,0.866025404,0.));
#10434=VECTOR('',#10433,3.);
#10435=LINE('',#10432,#10434);
#10436=EDGE_CURVE('',#10429,#10431,#10435,.T.);
#10437=ORIENTED_EDGE('',*,*,#10436,.F.);
#10438=CARTESIAN_POINT('',(-15.638,-36.913565798,45.));
#10439=VERTEX_POINT('',#10438);
#10440=CARTESIAN_POINT('',(-15.638,-36.913565798,45.));
#10441=DIRECTION('',(1.,0.,0.));
#10442=VECTOR('',#10441,3.);
#10443=LINE('',#10440,#10442);
#10444=EDGE_CURVE('',#10439,#10429,#10443,.T.);
#10445=ORIENTED_EDGE('',*,*,#10444,.F.);
#10446=CARTESIAN_POINT('',(-17.138,-34.315489586,45.));
#10447=VERTEX_POINT('',#10446);
#10448=CARTESIAN_POINT('',(-17.138,-34.315489586,45.));
#10449=DIRECTION('',(0.5,-0.866025404,0.));
#10450=VECTOR('',#10449,3.);
#10451=LINE('',#10448,#10450);
#10452=EDGE_CURVE('',#10447,#10439,#10451,.T.);
#10453=ORIENTED_EDGE('',*,*,#10452,.F.);
#10454=CARTESIAN_POINT('',(-15.638,-31.717413375,45.));
#10455=VERTEX_POINT('',#10454);
#10456=CARTESIAN_POINT('',(-15.638,-31.717413375,45.));
#10457=DIRECTION('',(-0.5,-0.866025404,0.));
#10458=VECTOR('',#10457,3.);
#10459=LINE('',#10456,#10458);
#10460=EDGE_CURVE('',#10455,#10447,#10459,.T.);
#10461=ORIENTED_EDGE('',*,*,#10460,.F.);
#10462=CARTESIAN_POINT('',(-12.638,-31.717413375,45.));
#10463=VERTEX_POINT('',#10462);
#10464=CARTESIAN_POINT('',(-12.638,-31.717413375,45.));
#10465=DIRECTION('',(-1.,0.,0.));
#10466=VECTOR('',#10465,3.);
#10467=LINE('',#10464,#10466);
#10468=EDGE_CURVE('',#10463,#10455,#10467,.T.);
#10469=ORIENTED_EDGE('',*,*,#10468,.F.);
#10470=CARTESIAN_POINT('',(-11.138,-34.315489586,45.));
#10471=DIRECTION('',(-0.5,0.866025404,0.));
#10472=VECTOR('',#10471,3.);
#10473=LINE('',#10470,#10472);
#10474=EDGE_CURVE('',#10431,#10463,#10473,.T.);
#10475=ORIENTED_EDGE('',*,*,#10474,.F.);
#10476=EDGE_LOOP('',(#10437,#10445,#10453,#10461,#10469,#10475));
#10477=FACE_BOUND('',#10476,.T.);
#10478=CARTESIAN_POINT('',(-18.2932,-13.923089586,45.));
#10479=VERTEX_POINT('',#10478);
#10480=CARTESIAN_POINT('',(-16.7932,-11.325013375,45.));
#10481=VERTEX_POINT('',#10480);
#10482=CARTESIAN_POINT('',(-18.2932,-13.923089586,45.));
#10483=DIRECTION('',(0.5,0.866025404,0.));
#10484=VECTOR('',#10483,3.);
#10485=LINE('',#10482,#10484);
#10486=EDGE_CURVE('',#10479,#10481,#10485,.T.);
#10487=ORIENTED_EDGE('',*,*,#10486,.F.);
#10488=CARTESIAN_POINT('',(-21.2932,-13.923089586,45.));
#10489=VERTEX_POINT('',#10488);
#10490=CARTESIAN_POINT('',(-21.2932,-13.923089586,45.));
#10491=DIRECTION('',(1.,0.,0.));
#10492=VECTOR('',#10491,3.);
#10493=LINE('',#10490,#10492);
#10494=EDGE_CURVE('',#10489,#10479,#10493,.T.);
#10495=ORIENTED_EDGE('',*,*,#10494,.F.);
#10496=CARTESIAN_POINT('',(-22.7932,-11.325013375,45.));
#10497=VERTEX_POINT('',#10496);
#10498=CARTESIAN_POINT('',(-22.7932,-11.325013375,45.));
#10499=DIRECTION('',(0.5,-0.866025404,0.));
#10500=VECTOR('',#10499,3.);
#10501=LINE('',#10498,#10500);
#10502=EDGE_CURVE('',#10497,#10489,#10501,.T.);
#10503=ORIENTED_EDGE('',*,*,#10502,.F.);
#10504=CARTESIAN_POINT('',(-21.2932,-8.726937164,45.));
#10505=VERTEX_POINT('',#10504);
#10506=CARTESIAN_POINT('',(-21.2932,-8.726937164,45.));
#10507=DIRECTION('',(-0.5,-0.866025404,0.));
#10508=VECTOR('',#10507,3.);
#10509=LINE('',#10506,#10508);
#10510=EDGE_CURVE('',#10505,#10497,#10509,.T.);
#10511=ORIENTED_EDGE('',*,*,#10510,.F.);
#10512=CARTESIAN_POINT('',(-18.2932,-8.726937164,45.));
#10513=VERTEX_POINT('',#10512);
#10514=CARTESIAN_POINT('',(-18.2932,-8.726937164,45.));
#10515=DIRECTION('',(-1.,0.,0.));
#10516=VECTOR('',#10515,3.);
#10517=LINE('',#10514,#10516);
#10518=EDGE_CURVE('',#10513,#10505,#10517,.T.);
#10519=ORIENTED_EDGE('',*,*,#10518,.F.);
#10520=CARTESIAN_POINT('',(-16.7932,-11.325013375,45.));
#10521=DIRECTION('',(-0.5,0.866025404,0.));
#10522=VECTOR('',#10521,3.);
#10523=LINE('',#10520,#10522);
#10524=EDGE_CURVE('',#10481,#10513,#10523,.T.);
#10525=ORIENTED_EDGE('',*,*,#10524,.F.);
#10526=EDGE_LOOP('',(#10487,#10495,#10503,#10511,#10519,#10525));
#10527=FACE_BOUND('',#10526,.T.);
#10528=CARTESIAN_POINT('',(4.3276,22.861710414,45.));
#10529=VERTEX_POINT('',#10528);
#10530=CARTESIAN_POINT('',(5.8276,25.459786625,45.));
#10531=VERTEX_POINT('',#10530);
#10532=CARTESIAN_POINT('',(4.3276,22.861710414,45.));
#10533=DIRECTION('',(0.5,0.866025404,0.));
#10534=VECTOR('',#10533,3.);
#10535=LINE('',#10532,#10534);
#10536=EDGE_CURVE('',#10529,#10531,#10535,.T.);
#10537=ORIENTED_EDGE('',*,*,#10536,.F.);
#10538=CARTESIAN_POINT('',(1.3276,22.861710414,45.));
#10539=VERTEX_POINT('',#10538);
#10540=CARTESIAN_POINT('',(1.3276,22.861710414,45.));
#10541=DIRECTION('',(1.,0.,0.));
#10542=VECTOR('',#10541,3.);
#10543=LINE('',#10540,#10542);
#10544=EDGE_CURVE('',#10539,#10529,#10543,.T.);
#10545=ORIENTED_EDGE('',*,*,#10544,.F.);
#10546=CARTESIAN_POINT('',(-0.1724,25.459786625,45.));
#10547=VERTEX_POINT('',#10546);
#10548=CARTESIAN_POINT('',(-0.1724,25.459786625,45.));
#10549=DIRECTION('',(0.5,-0.866025404,0.));
#10550=VECTOR('',#10549,3.);
#10551=LINE('',#10548,#10550);
#10552=EDGE_CURVE('',#10547,#10539,#10551,.T.);
#10553=ORIENTED_EDGE('',*,*,#10552,.F.);
#10554=CARTESIAN_POINT('',(1.3276,28.057862836,45.));
#10555=VERTEX_POINT('',#10554);
#10556=CARTESIAN_POINT('',(1.3276,28.057862836,45.));
#10557=DIRECTION('',(-0.5,-0.866025404,0.));
#10558=VECTOR('',#10557,3.);
#10559=LINE('',#10556,#10558);
#10560=EDGE_CURVE('',#10555,#10547,#10559,.T.);
#10561=ORIENTED_EDGE('',*,*,#10560,.F.);
#10562=CARTESIAN_POINT('',(4.3276,28.057862836,45.));
#10563=VERTEX_POINT('',#10562);
#10564=CARTESIAN_POINT('',(4.3276,28.057862836,45.));
#10565=DIRECTION('',(-1.,0.,0.));
#10566=VECTOR('',#10565,3.);
#10567=LINE('',#10564,#10566);
#10568=EDGE_CURVE('',#10563,#10555,#10567,.T.);
#10569=ORIENTED_EDGE('',*,*,#10568,.F.);
#10570=CARTESIAN_POINT('',(5.8276,25.459786625,45.));
#10571=DIRECTION('',(-0.5,0.866025404,0.));
#10572=VECTOR('',#10571,3.);
#10573=LINE('',#10570,#10572);
#10574=EDGE_CURVE('',#10531,#10563,#10573,.T.);
#10575=ORIENTED_EDGE('',*,*,#10574,.F.);
#10576=EDGE_LOOP('',(#10537,#10545,#10553,#10561,#10569,#10575));
#10577=FACE_BOUND('',#10576,.T.);
#10578=CARTESIAN_POINT('',(15.638,-4.726889586,45.));
#10579=VERTEX_POINT('',#10578);
#10580=CARTESIAN_POINT('',(17.138,-2.128813375,45.));
#10581=VERTEX_POINT('',#10580);
#10582=CARTESIAN_POINT('',(15.638,-4.726889586,45.));
#10583=DIRECTION('',(0.5,0.866025404,0.));
#10584=VECTOR('',#10583,3.);
#10585=LINE('',#10582,#10584);
#10586=EDGE_CURVE('',#10579,#10581,#10585,.T.);
#10587=ORIENTED_EDGE('',*,*,#10586,.F.);
#10588=CARTESIAN_POINT('',(12.638,-4.726889586,45.));
#10589=VERTEX_POINT('',#10588);
#10590=CARTESIAN_POINT('',(12.638,-4.726889586,45.));
#10591=DIRECTION('',(1.,0.,0.));
#10592=VECTOR('',#10591,3.);
#10593=LINE('',#10590,#10592);
#10594=EDGE_CURVE('',#10589,#10579,#10593,.T.);
#10595=ORIENTED_EDGE('',*,*,#10594,.F.);
#10596=CARTESIAN_POINT('',(11.138,-2.128813375,45.));
#10597=VERTEX_POINT('',#10596);
#10598=CARTESIAN_POINT('',(11.138,-2.128813375,45.));
#10599=DIRECTION('',(0.5,-0.866025404,0.));
#10600=VECTOR('',#10599,3.);
#10601=LINE('',#10598,#10600);
#10602=EDGE_CURVE('',#10597,#10589,#10601,.T.);
#10603=ORIENTED_EDGE('',*,*,#10602,.F.);
#10604=CARTESIAN_POINT('',(12.638,0.469262836,45.));
#10605=VERTEX_POINT('',#10604);
#10606=CARTESIAN_POINT('',(12.638,0.469262836,45.));
#10607=DIRECTION('',(-0.5,-0.866025404,0.));
#10608=VECTOR('',#10607,3.);
#10609=LINE('',#10606,#10608);
#10610=EDGE_CURVE('',#10605,#10597,#10609,.T.);
#10611=ORIENTED_EDGE('',*,*,#10610,.F.);
#10612=CARTESIAN_POINT('',(15.638,0.469262836,45.));
#10613=VERTEX_POINT('',#10612);
#10614=CARTESIAN_POINT('',(15.638,0.469262836,45.));
#10615=DIRECTION('',(-1.,0.,0.));
#10616=VECTOR('',#10615,3.);
#10617=LINE('',#10614,#10616);
#10618=EDGE_CURVE('',#10613,#10605,#10617,.T.);
#10619=ORIENTED_EDGE('',*,*,#10618,.F.);
#10620=CARTESIAN_POINT('',(17.138,-2.128813375,45.));
#10621=DIRECTION('',(-0.5,0.866025404,0.));
#10622=VECTOR('',#10621,3.);
#10623=LINE('',#10620,#10622);
#10624=EDGE_CURVE('',#10581,#10613,#10623,.T.);
#10625=ORIENTED_EDGE('',*,*,#10624,.F.);
#10626=EDGE_LOOP('',(#10587,#10595,#10603,#10611,#10619,#10625));
#10627=FACE_BOUND('',#10626,.T.);
#10628=CARTESIAN_POINT('',(21.2932,18.263634202,45.));
#10629=VERTEX_POINT('',#10628);
#10630=CARTESIAN_POINT('',(22.7932,20.861710414,45.));
#10631=VERTEX_POINT('',#10630);
#10632=CARTESIAN_POINT('',(21.2932,18.263634202,45.));
#10633=DIRECTION('',(0.5,0.866025404,0.));
#10634=VECTOR('',#10633,3.);
#10635=LINE('',#10632,#10634);
#10636=EDGE_CURVE('',#10629,#10631,#10635,.T.);
#10637=ORIENTED_EDGE('',*,*,#10636,.F.);
#10638=CARTESIAN_POINT('',(18.2932,18.263634202,45.));
#10639=VERTEX_POINT('',#10638);
#10640=CARTESIAN_POINT('',(18.2932,18.263634202,45.));
#10641=DIRECTION('',(1.,0.,0.));
#10642=VECTOR('',#10641,3.);
#10643=LINE('',#10640,#10642);
#10644=EDGE_CURVE('',#10639,#10629,#10643,.T.);
#10645=ORIENTED_EDGE('',*,*,#10644,.F.);
#10646=CARTESIAN_POINT('',(16.7932,20.861710414,45.));
#10647=VERTEX_POINT('',#10646);
#10648=CARTESIAN_POINT('',(16.7932,20.861710414,45.));
#10649=DIRECTION('',(0.5,-0.866025404,0.));
#10650=VECTOR('',#10649,3.);
#10651=LINE('',#10648,#10650);
#10652=EDGE_CURVE('',#10647,#10639,#10651,.T.);
#10653=ORIENTED_EDGE('',*,*,#10652,.F.);
#10654=CARTESIAN_POINT('',(18.2932,23.459786625,45.));
#10655=VERTEX_POINT('',#10654);
#10656=CARTESIAN_POINT('',(18.2932,23.459786625,45.));
#10657=DIRECTION('',(-0.5,-0.866025404,0.));
#10658=VECTOR('',#10657,3.);
#10659=LINE('',#10656,#10658);
#10660=EDGE_CURVE('',#10655,#10647,#10659,.T.);
#10661=ORIENTED_EDGE('',*,*,#10660,.F.);
#10662=CARTESIAN_POINT('',(21.2932,23.459786625,45.));
#10663=VERTEX_POINT('',#10662);
#10664=CARTESIAN_POINT('',(21.2932,23.459786625,45.));
#10665=DIRECTION('',(-1.,0.,0.));
#10666=VECTOR('',#10665,3.);
#10667=LINE('',#10664,#10666);
#10668=EDGE_CURVE('',#10663,#10655,#10667,.T.);
#10669=ORIENTED_EDGE('',*,*,#10668,.F.);
#10670=CARTESIAN_POINT('',(22.7932,20.861710414,45.));
#10671=DIRECTION('',(-0.5,0.866025404,0.));
#10672=VECTOR('',#10671,3.);
#10673=LINE('',#10670,#10672);
#10674=EDGE_CURVE('',#10631,#10663,#10673,.T.);
#10675=ORIENTED_EDGE('',*,*,#10674,.F.);
#10676=EDGE_LOOP('',(#10637,#10645,#10653,#10661,#10669,#10675));
#10677=FACE_BOUND('',#10676,.T.);
#10678=CARTESIAN_POINT('',(21.2932,-0.128765798,45.));
#10679=VERTEX_POINT('',#10678);
#10680=CARTESIAN_POINT('',(22.7932,2.469310414,45.));
#10681=VERTEX_POINT('',#10680);
#10682=CARTESIAN_POINT('',(21.2932,-0.128765798,45.));
#10683=DIRECTION('',(0.5,0.866025404,0.));
#10684=VECTOR('',#10683,3.);
#10685=LINE('',#10682,#10684);
#10686=EDGE_CURVE('',#10679,#10681,#10685,.T.);
#10687=ORIENTED_EDGE('',*,*,#10686,.F.);
#10688=CARTESIAN_POINT('',(18.2932,-0.128765798,45.));
#10689=VERTEX_POINT('',#10688);
#10690=CARTESIAN_POINT('',(18.2932,-0.128765798,45.));
#10691=DIRECTION('',(1.,0.,0.));
#10692=VECTOR('',#10691,3.);
#10693=LINE('',#10690,#10692);
#10694=EDGE_CURVE('',#10689,#10679,#10693,.T.);
#10695=ORIENTED_EDGE('',*,*,#10694,.F.);
#10696=CARTESIAN_POINT('',(16.7932,2.469310414,45.));
#10697=VERTEX_POINT('',#10696);
#10698=CARTESIAN_POINT('',(16.7932,2.469310414,45.));
#10699=DIRECTION('',(0.5,-0.866025404,0.));
#10700=VECTOR('',#10699,3.);
#10701=LINE('',#10698,#10700);
#10702=EDGE_CURVE('',#10697,#10689,#10701,.T.);
#10703=ORIENTED_EDGE('',*,*,#10702,.F.);
#10704=CARTESIAN_POINT('',(18.2932,5.067386625,45.));
#10705=VERTEX_POINT('',#10704);
#10706=CARTESIAN_POINT('',(18.2932,5.067386625,45.));
#10707=DIRECTION('',(-0.5,-0.866025404,0.));
#10708=VECTOR('',#10707,3.);
#10709=LINE('',#10706,#10708);
#10710=EDGE_CURVE('',#10705,#10697,#10709,.T.);
#10711=ORIENTED_EDGE('',*,*,#10710,.F.);
#10712=CARTESIAN_POINT('',(21.2932,5.067386625,45.));
#10713=VERTEX_POINT('',#10712);
#10714=CARTESIAN_POINT('',(21.2932,5.067386625,45.));
#10715=DIRECTION('',(-1.,0.,0.));
#10716=VECTOR('',#10715,3.);
#10717=LINE('',#10714,#10716);
#10718=EDGE_CURVE('',#10713,#10705,#10717,.T.);
#10719=ORIENTED_EDGE('',*,*,#10718,.F.);
#10720=CARTESIAN_POINT('',(22.7932,2.469310414,45.));
#10721=DIRECTION('',(-0.5,0.866025404,0.));
#10722=VECTOR('',#10721,3.);
#10723=LINE('',#10720,#10722);
#10724=EDGE_CURVE('',#10681,#10713,#10723,.T.);
#10725=ORIENTED_EDGE('',*,*,#10724,.F.);
#10726=EDGE_LOOP('',(#10687,#10695,#10703,#10711,#10719,#10725));
#10727=FACE_BOUND('',#10726,.T.);
#10728=CARTESIAN_POINT('',(9.9828,-9.324965798,45.));
#10729=VERTEX_POINT('',#10728);
#10730=CARTESIAN_POINT('',(11.4828,-6.726889586,45.));
#10731=VERTEX_POINT('',#10730);
#10732=CARTESIAN_POINT('',(9.9828,-9.324965798,45.));
#10733=DIRECTION('',(0.5,0.866025404,0.));
#10734=VECTOR('',#10733,3.);
#10735=LINE('',#10732,#10734);
#10736=EDGE_CURVE('',#10729,#10731,#10735,.T.);
#10737=ORIENTED_EDGE('',*,*,#10736,.F.);
#10738=CARTESIAN_POINT('',(6.9828,-9.324965798,45.));
#10739=VERTEX_POINT('',#10738);
#10740=CARTESIAN_POINT('',(6.9828,-9.324965798,45.));
#10741=DIRECTION('',(1.,0.,0.));
#10742=VECTOR('',#10741,3.);
#10743=LINE('',#10740,#10742);
#10744=EDGE_CURVE('',#10739,#10729,#10743,.T.);
#10745=ORIENTED_EDGE('',*,*,#10744,.F.);
#10746=CARTESIAN_POINT('',(5.4828,-6.726889586,45.));
#10747=VERTEX_POINT('',#10746);
#10748=CARTESIAN_POINT('',(5.4828,-6.726889586,45.));
#10749=DIRECTION('',(0.5,-0.866025404,0.));
#10750=VECTOR('',#10749,3.);
#10751=LINE('',#10748,#10750);
#10752=EDGE_CURVE('',#10747,#10739,#10751,.T.);
#10753=ORIENTED_EDGE('',*,*,#10752,.F.);
#10754=CARTESIAN_POINT('',(6.9828,-4.128813375,45.));
#10755=VERTEX_POINT('',#10754);
#10756=CARTESIAN_POINT('',(6.9828,-4.128813375,45.));
#10757=DIRECTION('',(-0.5,-0.866025404,0.));
#10758=VECTOR('',#10757,3.);
#10759=LINE('',#10756,#10758);
#10760=EDGE_CURVE('',#10755,#10747,#10759,.T.);
#10761=ORIENTED_EDGE('',*,*,#10760,.F.);
#10762=CARTESIAN_POINT('',(9.9828,-4.128813375,45.));
#10763=VERTEX_POINT('',#10762);
#10764=CARTESIAN_POINT('',(9.9828,-4.128813375,45.));
#10765=DIRECTION('',(-1.,0.,0.));
#10766=VECTOR('',#10765,3.);
#10767=LINE('',#10764,#10766);
#10768=EDGE_CURVE('',#10763,#10755,#10767,.T.);
#10769=ORIENTED_EDGE('',*,*,#10768,.F.);
#10770=CARTESIAN_POINT('',(11.4828,-6.726889586,45.));
#10771=DIRECTION('',(-0.5,0.866025404,0.));
#10772=VECTOR('',#10771,3.);
#10773=LINE('',#10770,#10772);
#10774=EDGE_CURVE('',#10731,#10763,#10773,.T.);
#10775=ORIENTED_EDGE('',*,*,#10774,.F.);
#10776=EDGE_LOOP('',(#10737,#10745,#10753,#10761,#10769,#10775));
#10777=FACE_BOUND('',#10776,.T.);
#10778=CARTESIAN_POINT('',(-12.638,-27.717365798,45.));
#10779=VERTEX_POINT('',#10778);
#10780=CARTESIAN_POINT('',(-11.138,-25.119289586,45.));
#10781=VERTEX_POINT('',#10780);
#10782=CARTESIAN_POINT('',(-12.638,-27.717365798,45.));
#10783=DIRECTION('',(0.5,0.866025404,0.));
#10784=VECTOR('',#10783,3.);
#10785=LINE('',#10782,#10784);
#10786=EDGE_CURVE('',#10779,#10781,#10785,.T.);
#10787=ORIENTED_EDGE('',*,*,#10786,.F.);
#10788=CARTESIAN_POINT('',(-15.638,-27.717365798,45.));
#10789=VERTEX_POINT('',#10788);
#10790=CARTESIAN_POINT('',(-15.638,-27.717365798,45.));
#10791=DIRECTION('',(1.,0.,0.));
#10792=VECTOR('',#10791,3.);
#10793=LINE('',#10790,#10792);
#10794=EDGE_CURVE('',#10789,#10779,#10793,.T.);
#10795=ORIENTED_EDGE('',*,*,#10794,.F.);
#10796=CARTESIAN_POINT('',(-17.138,-25.119289586,45.));
#10797=VERTEX_POINT('',#10796);
#10798=CARTESIAN_POINT('',(-17.138,-25.119289586,45.));
#10799=DIRECTION('',(0.5,-0.866025404,0.));
#10800=VECTOR('',#10799,3.);
#10801=LINE('',#10798,#10800);
#10802=EDGE_CURVE('',#10797,#10789,#10801,.T.);
#10803=ORIENTED_EDGE('',*,*,#10802,.F.);
#10804=CARTESIAN_POINT('',(-15.638,-22.521213375,45.));
#10805=VERTEX_POINT('',#10804);
#10806=CARTESIAN_POINT('',(-15.638,-22.521213375,45.));
#10807=DIRECTION('',(-0.5,-0.866025404,0.));
#10808=VECTOR('',#10807,3.);
#10809=LINE('',#10806,#10808);
#10810=EDGE_CURVE('',#10805,#10797,#10809,.T.);
#10811=ORIENTED_EDGE('',*,*,#10810,.F.);
#10812=CARTESIAN_POINT('',(-12.638,-22.521213375,45.));
#10813=VERTEX_POINT('',#10812);
#10814=CARTESIAN_POINT('',(-12.638,-22.521213375,45.));
#10815=DIRECTION('',(-1.,0.,0.));
#10816=VECTOR('',#10815,3.);
#10817=LINE('',#10814,#10816);
#10818=EDGE_CURVE('',#10813,#10805,#10817,.T.);
#10819=ORIENTED_EDGE('',*,*,#10818,.F.);
#10820=CARTESIAN_POINT('',(-11.138,-25.119289586,45.));
#10821=DIRECTION('',(-0.5,0.866025404,0.));
#10822=VECTOR('',#10821,3.);
#10823=LINE('',#10820,#10822);
#10824=EDGE_CURVE('',#10781,#10813,#10823,.T.);
#10825=ORIENTED_EDGE('',*,*,#10824,.F.);
#10826=EDGE_LOOP('',(#10787,#10795,#10803,#10811,#10819,#10825));
#10827=FACE_BOUND('',#10826,.T.);
#10828=CARTESIAN_POINT('',(-18.2932,4.469310414,45.));
#10829=VERTEX_POINT('',#10828);
#10830=CARTESIAN_POINT('',(-16.7932,7.067386625,45.));
#10831=VERTEX_POINT('',#10830);
#10832=CARTESIAN_POINT('',(-18.2932,4.469310414,45.));
#10833=DIRECTION('',(0.5,0.866025404,0.));
#10834=VECTOR('',#10833,3.);
#10835=LINE('',#10832,#10834);
#10836=EDGE_CURVE('',#10829,#10831,#10835,.T.);
#10837=ORIENTED_EDGE('',*,*,#10836,.F.);
#10838=CARTESIAN_POINT('',(-21.2932,4.469310414,45.));
#10839=VERTEX_POINT('',#10838);
#10840=CARTESIAN_POINT('',(-21.2932,4.469310414,45.));
#10841=DIRECTION('',(1.,0.,0.));
#10842=VECTOR('',#10841,3.);
#10843=LINE('',#10840,#10842);
#10844=EDGE_CURVE('',#10839,#10829,#10843,.T.);
#10845=ORIENTED_EDGE('',*,*,#10844,.F.);
#10846=CARTESIAN_POINT('',(-22.7932,7.067386625,45.));
#10847=VERTEX_POINT('',#10846);
#10848=CARTESIAN_POINT('',(-22.7932,7.067386625,45.));
#10849=DIRECTION('',(0.5,-0.866025404,0.));
#10850=VECTOR('',#10849,3.);
#10851=LINE('',#10848,#10850);
#10852=EDGE_CURVE('',#10847,#10839,#10851,.T.);
#10853=ORIENTED_EDGE('',*,*,#10852,.F.);
#10854=CARTESIAN_POINT('',(-21.2932,9.665462836,45.));
#10855=VERTEX_POINT('',#10854);
#10856=CARTESIAN_POINT('',(-21.2932,9.665462836,45.));
#10857=DIRECTION('',(-0.5,-0.866025404,0.));
#10858=VECTOR('',#10857,3.);
#10859=LINE('',#10856,#10858);
#10860=EDGE_CURVE('',#10855,#10847,#10859,.T.);
#10861=ORIENTED_EDGE('',*,*,#10860,.F.);
#10862=CARTESIAN_POINT('',(-18.2932,9.665462836,45.));
#10863=VERTEX_POINT('',#10862);
#10864=CARTESIAN_POINT('',(-18.2932,9.665462836,45.));
#10865=DIRECTION('',(-1.,0.,0.));
#10866=VECTOR('',#10865,3.);
#10867=LINE('',#10864,#10866);
#10868=EDGE_CURVE('',#10863,#10855,#10867,.T.);
#10869=ORIENTED_EDGE('',*,*,#10868,.F.);
#10870=CARTESIAN_POINT('',(-16.7932,7.067386625,45.));
#10871=DIRECTION('',(-0.5,0.866025404,0.));
#10872=VECTOR('',#10871,3.);
#10873=LINE('',#10870,#10872);
#10874=EDGE_CURVE('',#10831,#10863,#10873,.T.);
#10875=ORIENTED_EDGE('',*,*,#10874,.F.);
#10876=EDGE_LOOP('',(#10837,#10845,#10853,#10861,#10869,#10875));
#10877=FACE_BOUND('',#10876,.T.);
#10878=CARTESIAN_POINT('',(-18.2932,-23.119289586,45.));
#10879=VERTEX_POINT('',#10878);
#10880=CARTESIAN_POINT('',(-16.7932,-20.521213375,45.));
#10881=VERTEX_POINT('',#10880);
#10882=CARTESIAN_POINT('',(-18.2932,-23.119289586,45.));
#10883=DIRECTION('',(0.5,0.866025404,0.));
#10884=VECTOR('',#10883,3.);
#10885=LINE('',#10882,#10884);
#10886=EDGE_CURVE('',#10879,#10881,#10885,.T.);
#10887=ORIENTED_EDGE('',*,*,#10886,.F.);
#10888=CARTESIAN_POINT('',(-21.2932,-23.119289586,45.));
#10889=VERTEX_POINT('',#10888);
#10890=CARTESIAN_POINT('',(-21.2932,-23.119289586,45.));
#10891=DIRECTION('',(1.,0.,0.));
#10892=VECTOR('',#10891,3.);
#10893=LINE('',#10890,#10892);
#10894=EDGE_CURVE('',#10889,#10879,#10893,.T.);
#10895=ORIENTED_EDGE('',*,*,#10894,.F.);
#10896=CARTESIAN_POINT('',(-22.7932,-20.521213375,45.));
#10897=VERTEX_POINT('',#10896);
#10898=CARTESIAN_POINT('',(-22.7932,-20.521213375,45.));
#10899=DIRECTION('',(0.5,-0.866025404,0.));
#10900=VECTOR('',#10899,3.);
#10901=LINE('',#10898,#10900);
#10902=EDGE_CURVE('',#10897,#10889,#10901,.T.);
#10903=ORIENTED_EDGE('',*,*,#10902,.F.);
#10904=CARTESIAN_POINT('',(-21.2932,-17.923137164,45.));
#10905=VERTEX_POINT('',#10904);
#10906=CARTESIAN_POINT('',(-21.2932,-17.923137164,45.));
#10907=DIRECTION('',(-0.5,-0.866025404,0.));
#10908=VECTOR('',#10907,3.);
#10909=LINE('',#10906,#10908);
#10910=EDGE_CURVE('',#10905,#10897,#10909,.T.);
#10911=ORIENTED_EDGE('',*,*,#10910,.F.);
#10912=CARTESIAN_POINT('',(-18.2932,-17.923137164,45.));
#10913=VERTEX_POINT('',#10912);
#10914=CARTESIAN_POINT('',(-18.2932,-17.923137164,45.));
#10915=DIRECTION('',(-1.,0.,0.));
#10916=VECTOR('',#10915,3.);
#10917=LINE('',#10914,#10916);
#10918=EDGE_CURVE('',#10913,#10905,#10917,.T.);
#10919=ORIENTED_EDGE('',*,*,#10918,.F.);
#10920=CARTESIAN_POINT('',(-16.7932,-20.521213375,45.));
#10921=DIRECTION('',(-0.5,0.866025404,0.));
#10922=VECTOR('',#10921,3.);
#10923=LINE('',#10920,#10922);
#10924=EDGE_CURVE('',#10881,#10913,#10923,.T.);
#10925=ORIENTED_EDGE('',*,*,#10924,.F.);
#10926=EDGE_LOOP('',(#10887,#10895,#10903,#10911,#10919,#10925));
#10927=FACE_BOUND('',#10926,.T.);
#10928=CARTESIAN_POINT('',(-1.3276,-9.324965798,45.));
#10929=VERTEX_POINT('',#10928);
#10930=CARTESIAN_POINT('',(0.1724,-6.726889586,45.));
#10931=VERTEX_POINT('',#10930);
#10932=CARTESIAN_POINT('',(-1.3276,-9.324965798,45.));
#10933=DIRECTION('',(0.5,0.866025404,0.));
#10934=VECTOR('',#10933,3.);
#10935=LINE('',#10932,#10934);
#10936=EDGE_CURVE('',#10929,#10931,#10935,.T.);
#10937=ORIENTED_EDGE('',*,*,#10936,.F.);
#10938=CARTESIAN_POINT('',(-4.3276,-9.324965798,45.));
#10939=VERTEX_POINT('',#10938);
#10940=CARTESIAN_POINT('',(-4.3276,-9.324965798,45.));
#10941=DIRECTION('',(1.,0.,0.));
#10942=VECTOR('',#10941,3.);
#10943=LINE('',#10940,#10942);
#10944=EDGE_CURVE('',#10939,#10929,#10943,.T.);
#10945=ORIENTED_EDGE('',*,*,#10944,.F.);
#10946=CARTESIAN_POINT('',(-5.8276,-6.726889586,45.));
#10947=VERTEX_POINT('',#10946);
#10948=CARTESIAN_POINT('',(-5.8276,-6.726889586,45.));
#10949=DIRECTION('',(0.5,-0.866025404,0.));
#10950=VECTOR('',#10949,3.);
#10951=LINE('',#10948,#10950);
#10952=EDGE_CURVE('',#10947,#10939,#10951,.T.);
#10953=ORIENTED_EDGE('',*,*,#10952,.F.);
#10954=CARTESIAN_POINT('',(-4.3276,-4.128813375,45.));
#10955=VERTEX_POINT('',#10954);
#10956=CARTESIAN_POINT('',(-4.3276,-4.128813375,45.));
#10957=DIRECTION('',(-0.5,-0.866025404,0.));
#10958=VECTOR('',#10957,3.);
#10959=LINE('',#10956,#10958);
#10960=EDGE_CURVE('',#10955,#10947,#10959,.T.);
#10961=ORIENTED_EDGE('',*,*,#10960,.F.);
#10962=CARTESIAN_POINT('',(-1.3276,-4.128813375,45.));
#10963=VERTEX_POINT('',#10962);
#10964=CARTESIAN_POINT('',(-1.3276,-4.128813375,45.));
#10965=DIRECTION('',(-1.,0.,0.));
#10966=VECTOR('',#10965,3.);
#10967=LINE('',#10964,#10966);
#10968=EDGE_CURVE('',#10963,#10955,#10967,.T.);
#10969=ORIENTED_EDGE('',*,*,#10968,.F.);
#10970=CARTESIAN_POINT('',(0.1724,-6.726889586,45.));
#10971=DIRECTION('',(-0.5,0.866025404,0.));
#10972=VECTOR('',#10971,3.);
#10973=LINE('',#10970,#10972);
#10974=EDGE_CURVE('',#10931,#10963,#10973,.T.);
#10975=ORIENTED_EDGE('',*,*,#10974,.F.);
#10976=EDGE_LOOP('',(#10937,#10945,#10953,#10961,#10969,#10975));
#10977=FACE_BOUND('',#10976,.T.);
#10978=CARTESIAN_POINT('',(-18.2932,-41.511689586,45.));
#10979=VERTEX_POINT('',#10978);
#10980=CARTESIAN_POINT('',(-16.7932,-38.913613375,45.));
#10981=VERTEX_POINT('',#10980);
#10982=CARTESIAN_POINT('',(-18.2932,-41.511689586,45.));
#10983=DIRECTION('',(0.5,0.866025404,0.));
#10984=VECTOR('',#10983,3.);
#10985=LINE('',#10982,#10984);
#10986=EDGE_CURVE('',#10979,#10981,#10985,.T.);
#10987=ORIENTED_EDGE('',*,*,#10986,.F.);
#10988=CARTESIAN_POINT('',(-21.2932,-41.511689586,45.));
#10989=VERTEX_POINT('',#10988);
#10990=CARTESIAN_POINT('',(-21.2932,-41.511689586,45.));
#10991=DIRECTION('',(1.,0.,0.));
#10992=VECTOR('',#10991,3.);
#10993=LINE('',#10990,#10992);
#10994=EDGE_CURVE('',#10989,#10979,#10993,.T.);
#10995=ORIENTED_EDGE('',*,*,#10994,.F.);
#10996=CARTESIAN_POINT('',(-22.7932,-38.913613375,45.));
#10997=VERTEX_POINT('',#10996);
#10998=CARTESIAN_POINT('',(-22.7932,-38.913613375,45.));
#10999=DIRECTION('',(0.5,-0.866025404,0.));
#11000=VECTOR('',#10999,3.);
#11001=LINE('',#10998,#11000);
#11002=EDGE_CURVE('',#10997,#10989,#11001,.T.);
#11003=ORIENTED_EDGE('',*,*,#11002,.F.);
#11004=CARTESIAN_POINT('',(-21.2932,-36.315537164,45.));
#11005=VERTEX_POINT('',#11004);
#11006=CARTESIAN_POINT('',(-21.2932,-36.315537164,45.));
#11007=DIRECTION('',(-0.5,-0.866025404,0.));
#11008=VECTOR('',#11007,3.);
#11009=LINE('',#11006,#11008);
#11010=EDGE_CURVE('',#11005,#10997,#11009,.T.);
#11011=ORIENTED_EDGE('',*,*,#11010,.F.);
#11012=CARTESIAN_POINT('',(-18.2932,-36.315537164,45.));
#11013=VERTEX_POINT('',#11012);
#11014=CARTESIAN_POINT('',(-18.2932,-36.315537164,45.));
#11015=DIRECTION('',(-1.,0.,0.));
#11016=VECTOR('',#11015,3.);
#11017=LINE('',#11014,#11016);
#11018=EDGE_CURVE('',#11013,#11005,#11017,.T.);
#11019=ORIENTED_EDGE('',*,*,#11018,.F.);
#11020=CARTESIAN_POINT('',(-16.7932,-38.913613375,45.));
#11021=DIRECTION('',(-0.5,0.866025404,0.));
#11022=VECTOR('',#11021,3.);
#11023=LINE('',#11020,#11022);
#11024=EDGE_CURVE('',#10981,#11013,#11023,.T.);
#11025=ORIENTED_EDGE('',*,*,#11024,.F.);
#11026=EDGE_LOOP('',(#10987,#10995,#11003,#11011,#11019,#11025));
#11027=FACE_BOUND('',#11026,.T.);
#11028=CARTESIAN_POINT('',(-1.3276,-27.717365798,45.));
#11029=VERTEX_POINT('',#11028);
#11030=CARTESIAN_POINT('',(0.1724,-25.119289586,45.));
#11031=VERTEX_POINT('',#11030);
#11032=CARTESIAN_POINT('',(-1.3276,-27.717365798,45.));
#11033=DIRECTION('',(0.5,0.866025404,0.));
#11034=VECTOR('',#11033,3.);
#11035=LINE('',#11032,#11034);
#11036=EDGE_CURVE('',#11029,#11031,#11035,.T.);
#11037=ORIENTED_EDGE('',*,*,#11036,.F.);
#11038=CARTESIAN_POINT('',(-4.3276,-27.717365798,45.));
#11039=VERTEX_POINT('',#11038);
#11040=CARTESIAN_POINT('',(-4.3276,-27.717365798,45.));
#11041=DIRECTION('',(1.,0.,0.));
#11042=VECTOR('',#11041,3.);
#11043=LINE('',#11040,#11042);
#11044=EDGE_CURVE('',#11039,#11029,#11043,.T.);
#11045=ORIENTED_EDGE('',*,*,#11044,.F.);
#11046=CARTESIAN_POINT('',(-5.8276,-25.119289586,45.));
#11047=VERTEX_POINT('',#11046);
#11048=CARTESIAN_POINT('',(-5.8276,-25.119289586,45.));
#11049=DIRECTION('',(0.5,-0.866025404,0.));
#11050=VECTOR('',#11049,3.);
#11051=LINE('',#11048,#11050);
#11052=EDGE_CURVE('',#11047,#11039,#11051,.T.);
#11053=ORIENTED_EDGE('',*,*,#11052,.F.);
#11054=CARTESIAN_POINT('',(-4.3276,-22.521213375,45.));
#11055=VERTEX_POINT('',#11054);
#11056=CARTESIAN_POINT('',(-4.3276,-22.521213375,45.));
#11057=DIRECTION('',(-0.5,-0.866025404,0.));
#11058=VECTOR('',#11057,3.);
#11059=LINE('',#11056,#11058);
#11060=EDGE_CURVE('',#11055,#11047,#11059,.T.);
#11061=ORIENTED_EDGE('',*,*,#11060,.F.);
#11062=CARTESIAN_POINT('',(-1.3276,-22.521213375,45.));
#11063=VERTEX_POINT('',#11062);
#11064=CARTESIAN_POINT('',(-1.3276,-22.521213375,45.));
#11065=DIRECTION('',(-1.,0.,0.));
#11066=VECTOR('',#11065,3.);
#11067=LINE('',#11064,#11066);
#11068=EDGE_CURVE('',#11063,#11055,#11067,.T.);
#11069=ORIENTED_EDGE('',*,*,#11068,.F.);
#11070=CARTESIAN_POINT('',(0.1724,-25.119289586,45.));
#11071=DIRECTION('',(-0.5,0.866025404,0.));
#11072=VECTOR('',#11071,3.);
#11073=LINE('',#11070,#11072);
#11074=EDGE_CURVE('',#11031,#11063,#11073,.T.);
#11075=ORIENTED_EDGE('',*,*,#11074,.F.);
#11076=EDGE_LOOP('',(#11037,#11045,#11053,#11061,#11069,#11075));
#11077=FACE_BOUND('',#11076,.T.);
#11078=CARTESIAN_POINT('',(-6.9828,-13.923089586,45.));
#11079=VERTEX_POINT('',#11078);
#11080=CARTESIAN_POINT('',(-5.4828,-11.325013375,45.));
#11081=VERTEX_POINT('',#11080);
#11082=CARTESIAN_POINT('',(-6.9828,-13.923089586,45.));
#11083=DIRECTION('',(0.5,0.866025404,0.));
#11084=VECTOR('',#11083,3.);
#11085=LINE('',#11082,#11084);
#11086=EDGE_CURVE('',#11079,#11081,#11085,.T.);
#11087=ORIENTED_EDGE('',*,*,#11086,.F.);
#11088=CARTESIAN_POINT('',(-9.9828,-13.923089586,45.));
#11089=VERTEX_POINT('',#11088);
#11090=CARTESIAN_POINT('',(-9.9828,-13.923089586,45.));
#11091=DIRECTION('',(1.,0.,0.));
#11092=VECTOR('',#11091,3.);
#11093=LINE('',#11090,#11092);
#11094=EDGE_CURVE('',#11089,#11079,#11093,.T.);
#11095=ORIENTED_EDGE('',*,*,#11094,.F.);
#11096=CARTESIAN_POINT('',(-11.4828,-11.325013375,45.));
#11097=VERTEX_POINT('',#11096);
#11098=CARTESIAN_POINT('',(-11.4828,-11.325013375,45.));
#11099=DIRECTION('',(0.5,-0.866025404,0.));
#11100=VECTOR('',#11099,3.);
#11101=LINE('',#11098,#11100);
#11102=EDGE_CURVE('',#11097,#11089,#11101,.T.);
#11103=ORIENTED_EDGE('',*,*,#11102,.F.);
#11104=CARTESIAN_POINT('',(-9.9828,-8.726937164,45.));
#11105=VERTEX_POINT('',#11104);
#11106=CARTESIAN_POINT('',(-9.9828,-8.726937164,45.));
#11107=DIRECTION('',(-0.5,-0.866025404,0.));
#11108=VECTOR('',#11107,3.);
#11109=LINE('',#11106,#11108);
#11110=EDGE_CURVE('',#11105,#11097,#11109,.T.);
#11111=ORIENTED_EDGE('',*,*,#11110,.F.);
#11112=CARTESIAN_POINT('',(-6.9828,-8.726937164,45.));
#11113=VERTEX_POINT('',#11112);
#11114=CARTESIAN_POINT('',(-6.9828,-8.726937164,45.));
#11115=DIRECTION('',(-1.,0.,0.));
#11116=VECTOR('',#11115,3.);
#11117=LINE('',#11114,#11116);
#11118=EDGE_CURVE('',#11113,#11105,#11117,.T.);
#11119=ORIENTED_EDGE('',*,*,#11118,.F.);
#11120=CARTESIAN_POINT('',(-5.4828,-11.325013375,45.));
#11121=DIRECTION('',(-0.5,0.866025404,0.));
#11122=VECTOR('',#11121,3.);
#11123=LINE('',#11120,#11122);
#11124=EDGE_CURVE('',#11081,#11113,#11123,.T.);
#11125=ORIENTED_EDGE('',*,*,#11124,.F.);
#11126=EDGE_LOOP('',(#11087,#11095,#11103,#11111,#11119,#11125));
#11127=FACE_BOUND('',#11126,.T.);
#11128=CARTESIAN_POINT('',(9.9828,-46.109765798,45.));
#11129=VERTEX_POINT('',#11128);
#11130=CARTESIAN_POINT('',(11.4828,-43.511689586,45.));
#11131=VERTEX_POINT('',#11130);
#11132=CARTESIAN_POINT('',(9.9828,-46.109765798,45.));
#11133=DIRECTION('',(0.5,0.866025404,0.));
#11134=VECTOR('',#11133,3.);
#11135=LINE('',#11132,#11134);
#11136=EDGE_CURVE('',#11129,#11131,#11135,.T.);
#11137=ORIENTED_EDGE('',*,*,#11136,.F.);
#11138=CARTESIAN_POINT('',(6.9828,-46.109765798,45.));
#11139=VERTEX_POINT('',#11138);
#11140=CARTESIAN_POINT('',(6.9828,-46.109765798,45.));
#11141=DIRECTION('',(1.,0.,0.));
#11142=VECTOR('',#11141,3.);
#11143=LINE('',#11140,#11142);
#11144=EDGE_CURVE('',#11139,#11129,#11143,.T.);
#11145=ORIENTED_EDGE('',*,*,#11144,.F.);
#11146=CARTESIAN_POINT('',(5.4828,-43.511689586,45.));
#11147=VERTEX_POINT('',#11146);
#11148=CARTESIAN_POINT('',(5.4828,-43.511689586,45.));
#11149=DIRECTION('',(0.5,-0.866025404,0.));
#11150=VECTOR('',#11149,3.);
#11151=LINE('',#11148,#11150);
#11152=EDGE_CURVE('',#11147,#11139,#11151,.T.);
#11153=ORIENTED_EDGE('',*,*,#11152,.F.);
#11154=CARTESIAN_POINT('',(6.9828,-40.913613375,45.));
#11155=VERTEX_POINT('',#11154);
#11156=CARTESIAN_POINT('',(6.9828,-40.913613375,45.));
#11157=DIRECTION('',(-0.5,-0.866025404,0.));
#11158=VECTOR('',#11157,3.);
#11159=LINE('',#11156,#11158);
#11160=EDGE_CURVE('',#11155,#11147,#11159,.T.);
#11161=ORIENTED_EDGE('',*,*,#11160,.F.);
#11162=CARTESIAN_POINT('',(9.9828,-40.913613375,45.));
#11163=VERTEX_POINT('',#11162);
#11164=CARTESIAN_POINT('',(9.9828,-40.913613375,45.));
#11165=DIRECTION('',(-1.,0.,0.));
#11166=VECTOR('',#11165,3.);
#11167=LINE('',#11164,#11166);
#11168=EDGE_CURVE('',#11163,#11155,#11167,.T.);
#11169=ORIENTED_EDGE('',*,*,#11168,.F.);
#11170=CARTESIAN_POINT('',(11.4828,-43.511689586,45.));
#11171=DIRECTION('',(-0.5,0.866025404,0.));
#11172=VECTOR('',#11171,3.);
#11173=LINE('',#11170,#11172);
#11174=EDGE_CURVE('',#11131,#11163,#11173,.T.);
#11175=ORIENTED_EDGE('',*,*,#11174,.F.);
#11176=EDGE_LOOP('',(#11137,#11145,#11153,#11161,#11169,#11175));
#11177=FACE_BOUND('',#11176,.T.);
#11178=CARTESIAN_POINT('',(4.3276,-13.923089586,45.));
#11179=VERTEX_POINT('',#11178);
#11180=CARTESIAN_POINT('',(5.8276,-11.325013375,45.));
#11181=VERTEX_POINT('',#11180);
#11182=CARTESIAN_POINT('',(4.3276,-13.923089586,45.));
#11183=DIRECTION('',(0.5,0.866025404,0.));
#11184=VECTOR('',#11183,3.);
#11185=LINE('',#11182,#11184);
#11186=EDGE_CURVE('',#11179,#11181,#11185,.T.);
#11187=ORIENTED_EDGE('',*,*,#11186,.F.);
#11188=CARTESIAN_POINT('',(1.3276,-13.923089586,45.));
#11189=VERTEX_POINT('',#11188);
#11190=CARTESIAN_POINT('',(1.3276,-13.923089586,45.));
#11191=DIRECTION('',(1.,0.,0.));
#11192=VECTOR('',#11191,3.);
#11193=LINE('',#11190,#11192);
#11194=EDGE_CURVE('',#11189,#11179,#11193,.T.);
#11195=ORIENTED_EDGE('',*,*,#11194,.F.);
#11196=CARTESIAN_POINT('',(-0.1724,-11.325013375,45.));
#11197=VERTEX_POINT('',#11196);
#11198=CARTESIAN_POINT('',(-0.1724,-11.325013375,45.));
#11199=DIRECTION('',(0.5,-0.866025404,0.));
#11200=VECTOR('',#11199,3.);
#11201=LINE('',#11198,#11200);
#11202=EDGE_CURVE('',#11197,#11189,#11201,.T.);
#11203=ORIENTED_EDGE('',*,*,#11202,.F.);
#11204=CARTESIAN_POINT('',(1.3276,-8.726937164,45.));
#11205=VERTEX_POINT('',#11204);
#11206=CARTESIAN_POINT('',(1.3276,-8.726937164,45.));
#11207=DIRECTION('',(-0.5,-0.866025404,0.));
#11208=VECTOR('',#11207,3.);
#11209=LINE('',#11206,#11208);
#11210=EDGE_CURVE('',#11205,#11197,#11209,.T.);
#11211=ORIENTED_EDGE('',*,*,#11210,.F.);
#11212=CARTESIAN_POINT('',(4.3276,-8.726937164,45.));
#11213=VERTEX_POINT('',#11212);
#11214=CARTESIAN_POINT('',(4.3276,-8.726937164,45.));
#11215=DIRECTION('',(-1.,0.,0.));
#11216=VECTOR('',#11215,3.);
#11217=LINE('',#11214,#11216);
#11218=EDGE_CURVE('',#11213,#11205,#11217,.T.);
#11219=ORIENTED_EDGE('',*,*,#11218,.F.);
#11220=CARTESIAN_POINT('',(5.8276,-11.325013375,45.));
#11221=DIRECTION('',(-0.5,0.866025404,0.));
#11222=VECTOR('',#11221,3.);
#11223=LINE('',#11220,#11222);
#11224=EDGE_CURVE('',#11181,#11213,#11223,.T.);
#11225=ORIENTED_EDGE('',*,*,#11224,.F.);
#11226=EDGE_LOOP('',(#11187,#11195,#11203,#11211,#11219,#11225));
#11227=FACE_BOUND('',#11226,.T.);
#11228=CARTESIAN_POINT('',(-1.3276,-18.521165798,45.));
#11229=VERTEX_POINT('',#11228);
#11230=CARTESIAN_POINT('',(0.1724,-15.923089586,45.));
#11231=VERTEX_POINT('',#11230);
#11232=CARTESIAN_POINT('',(-1.3276,-18.521165798,45.));
#11233=DIRECTION('',(0.5,0.866025404,0.));
#11234=VECTOR('',#11233,3.);
#11235=LINE('',#11232,#11234);
#11236=EDGE_CURVE('',#11229,#11231,#11235,.T.);
#11237=ORIENTED_EDGE('',*,*,#11236,.F.);
#11238=CARTESIAN_POINT('',(-4.3276,-18.521165798,45.));
#11239=VERTEX_POINT('',#11238);
#11240=CARTESIAN_POINT('',(-4.3276,-18.521165798,45.));
#11241=DIRECTION('',(1.,0.,0.));
#11242=VECTOR('',#11241,3.);
#11243=LINE('',#11240,#11242);
#11244=EDGE_CURVE('',#11239,#11229,#11243,.T.);
#11245=ORIENTED_EDGE('',*,*,#11244,.F.);
#11246=CARTESIAN_POINT('',(-5.8276,-15.923089586,45.));
#11247=VERTEX_POINT('',#11246);
#11248=CARTESIAN_POINT('',(-5.8276,-15.923089586,45.));
#11249=DIRECTION('',(0.5,-0.866025404,0.));
#11250=VECTOR('',#11249,3.);
#11251=LINE('',#11248,#11250);
#11252=EDGE_CURVE('',#11247,#11239,#11251,.T.);
#11253=ORIENTED_EDGE('',*,*,#11252,.F.);
#11254=CARTESIAN_POINT('',(-4.3276,-13.325013375,45.));
#11255=VERTEX_POINT('',#11254);
#11256=CARTESIAN_POINT('',(-4.3276,-13.325013375,45.));
#11257=DIRECTION('',(-0.5,-0.866025404,0.));
#11258=VECTOR('',#11257,3.);
#11259=LINE('',#11256,#11258);
#11260=EDGE_CURVE('',#11255,#11247,#11259,.T.);
#11261=ORIENTED_EDGE('',*,*,#11260,.F.);
#11262=CARTESIAN_POINT('',(-1.3276,-13.325013375,45.));
#11263=VERTEX_POINT('',#11262);
#11264=CARTESIAN_POINT('',(-1.3276,-13.325013375,45.));
#11265=DIRECTION('',(-1.,0.,0.));
#11266=VECTOR('',#11265,3.);
#11267=LINE('',#11264,#11266);
#11268=EDGE_CURVE('',#11263,#11255,#11267,.T.);
#11269=ORIENTED_EDGE('',*,*,#11268,.F.);
#11270=CARTESIAN_POINT('',(0.1724,-15.923089586,45.));
#11271=DIRECTION('',(-0.5,0.866025404,0.));
#11272=VECTOR('',#11271,3.);
#11273=LINE('',#11270,#11272);
#11274=EDGE_CURVE('',#11231,#11263,#11273,.T.);
#11275=ORIENTED_EDGE('',*,*,#11274,.F.);
#11276=EDGE_LOOP('',(#11237,#11245,#11253,#11261,#11269,#11275));
#11277=FACE_BOUND('',#11276,.T.);
#11278=CARTESIAN_POINT('',(4.3276,4.469310414,45.));
#11279=VERTEX_POINT('',#11278);
#11280=CARTESIAN_POINT('',(5.8276,7.067386625,45.));
#11281=VERTEX_POINT('',#11280);
#11282=CARTESIAN_POINT('',(4.3276,4.469310414,45.));
#11283=DIRECTION('',(0.5,0.866025404,0.));
#11284=VECTOR('',#11283,3.);
#11285=LINE('',#11282,#11284);
#11286=EDGE_CURVE('',#11279,#11281,#11285,.T.);
#11287=ORIENTED_EDGE('',*,*,#11286,.F.);
#11288=CARTESIAN_POINT('',(1.3276,4.469310414,45.));
#11289=VERTEX_POINT('',#11288);
#11290=CARTESIAN_POINT('',(1.3276,4.469310414,45.));
#11291=DIRECTION('',(1.,0.,0.));
#11292=VECTOR('',#11291,3.);
#11293=LINE('',#11290,#11292);
#11294=EDGE_CURVE('',#11289,#11279,#11293,.T.);
#11295=ORIENTED_EDGE('',*,*,#11294,.F.);
#11296=CARTESIAN_POINT('',(-0.1724,7.067386625,45.));
#11297=VERTEX_POINT('',#11296);
#11298=CARTESIAN_POINT('',(-0.1724,7.067386625,45.));
#11299=DIRECTION('',(0.5,-0.866025404,0.));
#11300=VECTOR('',#11299,3.);
#11301=LINE('',#11298,#11300);
#11302=EDGE_CURVE('',#11297,#11289,#11301,.T.);
#11303=ORIENTED_EDGE('',*,*,#11302,.F.);
#11304=CARTESIAN_POINT('',(1.3276,9.665462836,45.));
#11305=VERTEX_POINT('',#11304);
#11306=CARTESIAN_POINT('',(1.3276,9.665462836,45.));
#11307=DIRECTION('',(-0.5,-0.866025404,0.));
#11308=VECTOR('',#11307,3.);
#11309=LINE('',#11306,#11308);
#11310=EDGE_CURVE('',#11305,#11297,#11309,.T.);
#11311=ORIENTED_EDGE('',*,*,#11310,.F.);
#11312=CARTESIAN_POINT('',(4.3276,9.665462836,45.));
#11313=VERTEX_POINT('',#11312);
#11314=CARTESIAN_POINT('',(4.3276,9.665462836,45.));
#11315=DIRECTION('',(-1.,0.,0.));
#11316=VECTOR('',#11315,3.);
#11317=LINE('',#11314,#11316);
#11318=EDGE_CURVE('',#11313,#11305,#11317,.T.);
#11319=ORIENTED_EDGE('',*,*,#11318,.F.);
#11320=CARTESIAN_POINT('',(5.8276,7.067386625,45.));
#11321=DIRECTION('',(-0.5,0.866025404,0.));
#11322=VECTOR('',#11321,3.);
#11323=LINE('',#11320,#11322);
#11324=EDGE_CURVE('',#11281,#11313,#11323,.T.);
#11325=ORIENTED_EDGE('',*,*,#11324,.F.);
#11326=EDGE_LOOP('',(#11287,#11295,#11303,#11311,#11319,#11325));
#11327=FACE_BOUND('',#11326,.T.);
#11328=CARTESIAN_POINT('',(-6.9828,-4.726889586,45.));
#11329=VERTEX_POINT('',#11328);
#11330=CARTESIAN_POINT('',(-5.4828,-2.128813375,45.));
#11331=VERTEX_POINT('',#11330);
#11332=CARTESIAN_POINT('',(-6.9828,-4.726889586,45.));
#11333=DIRECTION('',(0.5,0.866025404,0.));
#11334=VECTOR('',#11333,3.);
#11335=LINE('',#11332,#11334);
#11336=EDGE_CURVE('',#11329,#11331,#11335,.T.);
#11337=ORIENTED_EDGE('',*,*,#11336,.F.);
#11338=CARTESIAN_POINT('',(-9.9828,-4.726889586,45.));
#11339=VERTEX_POINT('',#11338);
#11340=CARTESIAN_POINT('',(-9.9828,-4.726889586,45.));
#11341=DIRECTION('',(1.,0.,0.));
#11342=VECTOR('',#11341,3.);
#11343=LINE('',#11340,#11342);
#11344=EDGE_CURVE('',#11339,#11329,#11343,.T.);
#11345=ORIENTED_EDGE('',*,*,#11344,.F.);
#11346=CARTESIAN_POINT('',(-11.4828,-2.128813375,45.));
#11347=VERTEX_POINT('',#11346);
#11348=CARTESIAN_POINT('',(-11.4828,-2.128813375,45.));
#11349=DIRECTION('',(0.5,-0.866025404,0.));
#11350=VECTOR('',#11349,3.);
#11351=LINE('',#11348,#11350);
#11352=EDGE_CURVE('',#11347,#11339,#11351,.T.);
#11353=ORIENTED_EDGE('',*,*,#11352,.F.);
#11354=CARTESIAN_POINT('',(-9.9828,0.469262836,45.));
#11355=VERTEX_POINT('',#11354);
#11356=CARTESIAN_POINT('',(-9.9828,0.469262836,45.));
#11357=DIRECTION('',(-0.5,-0.866025404,0.));
#11358=VECTOR('',#11357,3.);
#11359=LINE('',#11356,#11358);
#11360=EDGE_CURVE('',#11355,#11347,#11359,.T.);
#11361=ORIENTED_EDGE('',*,*,#11360,.F.);
#11362=CARTESIAN_POINT('',(-6.9828,0.469262836,45.));
#11363=VERTEX_POINT('',#11362);
#11364=CARTESIAN_POINT('',(-6.9828,0.469262836,45.));
#11365=DIRECTION('',(-1.,0.,0.));
#11366=VECTOR('',#11365,3.);
#11367=LINE('',#11364,#11366);
#11368=EDGE_CURVE('',#11363,#11355,#11367,.T.);
#11369=ORIENTED_EDGE('',*,*,#11368,.F.);
#11370=CARTESIAN_POINT('',(-5.4828,-2.128813375,45.));
#11371=DIRECTION('',(-0.5,0.866025404,0.));
#11372=VECTOR('',#11371,3.);
#11373=LINE('',#11370,#11372);
#11374=EDGE_CURVE('',#11331,#11363,#11373,.T.);
#11375=ORIENTED_EDGE('',*,*,#11374,.F.);
#11376=EDGE_LOOP('',(#11337,#11345,#11353,#11361,#11369,#11375));
#11377=FACE_BOUND('',#11376,.T.);
#11378=CARTESIAN_POINT('',(9.9828,18.263634202,45.));
#11379=VERTEX_POINT('',#11378);
#11380=CARTESIAN_POINT('',(11.4828,20.861710414,45.));
#11381=VERTEX_POINT('',#11380);
#11382=CARTESIAN_POINT('',(9.9828,18.263634202,45.));
#11383=DIRECTION('',(0.5,0.866025404,0.));
#11384=VECTOR('',#11383,3.);
#11385=LINE('',#11382,#11384);
#11386=EDGE_CURVE('',#11379,#11381,#11385,.T.);
#11387=ORIENTED_EDGE('',*,*,#11386,.F.);
#11388=CARTESIAN_POINT('',(6.9828,18.263634202,45.));
#11389=VERTEX_POINT('',#11388);
#11390=CARTESIAN_POINT('',(6.9828,18.263634202,45.));
#11391=DIRECTION('',(1.,0.,0.));
#11392=VECTOR('',#11391,3.);
#11393=LINE('',#11390,#11392);
#11394=EDGE_CURVE('',#11389,#11379,#11393,.T.);
#11395=ORIENTED_EDGE('',*,*,#11394,.F.);
#11396=CARTESIAN_POINT('',(5.4828,20.861710414,45.));
#11397=VERTEX_POINT('',#11396);
#11398=CARTESIAN_POINT('',(5.4828,20.861710414,45.));
#11399=DIRECTION('',(0.5,-0.866025404,0.));
#11400=VECTOR('',#11399,3.);
#11401=LINE('',#11398,#11400);
#11402=EDGE_CURVE('',#11397,#11389,#11401,.T.);
#11403=ORIENTED_EDGE('',*,*,#11402,.F.);
#11404=CARTESIAN_POINT('',(6.9828,23.459786625,45.));
#11405=VERTEX_POINT('',#11404);
#11406=CARTESIAN_POINT('',(6.9828,23.459786625,45.));
#11407=DIRECTION('',(-0.5,-0.866025404,0.));
#11408=VECTOR('',#11407,3.);
#11409=LINE('',#11406,#11408);
#11410=EDGE_CURVE('',#11405,#11397,#11409,.T.);
#11411=ORIENTED_EDGE('',*,*,#11410,.F.);
#11412=CARTESIAN_POINT('',(9.9828,23.459786625,45.));
#11413=VERTEX_POINT('',#11412);
#11414=CARTESIAN_POINT('',(9.9828,23.459786625,45.));
#11415=DIRECTION('',(-1.,0.,0.));
#11416=VECTOR('',#11415,3.);
#11417=LINE('',#11414,#11416);
#11418=EDGE_CURVE('',#11413,#11405,#11417,.T.);
#11419=ORIENTED_EDGE('',*,*,#11418,.F.);
#11420=CARTESIAN_POINT('',(11.4828,20.861710414,45.));
#11421=DIRECTION('',(-0.5,0.866025404,0.));
#11422=VECTOR('',#11421,3.);
#11423=LINE('',#11420,#11422);
#11424=EDGE_CURVE('',#11381,#11413,#11423,.T.);
#11425=ORIENTED_EDGE('',*,*,#11424,.F.);
#11426=EDGE_LOOP('',(#11387,#11395,#11403,#11411,#11419,#11425));
#11427=FACE_BOUND('',#11426,.T.);
#11428=CARTESIAN_POINT('',(-1.3276,9.067434202,45.));
#11429=VERTEX_POINT('',#11428);
#11430=CARTESIAN_POINT('',(0.1724,11.665510414,45.));
#11431=VERTEX_POINT('',#11430);
#11432=CARTESIAN_POINT('',(-1.3276,9.067434202,45.));
#11433=DIRECTION('',(0.5,0.866025404,0.));
#11434=VECTOR('',#11433,3.);
#11435=LINE('',#11432,#11434);
#11436=EDGE_CURVE('',#11429,#11431,#11435,.T.);
#11437=ORIENTED_EDGE('',*,*,#11436,.F.);
#11438=CARTESIAN_POINT('',(-4.3276,9.067434202,45.));
#11439=VERTEX_POINT('',#11438);
#11440=CARTESIAN_POINT('',(-4.3276,9.067434202,45.));
#11441=DIRECTION('',(1.,0.,0.));
#11442=VECTOR('',#11441,3.);
#11443=LINE('',#11440,#11442);
#11444=EDGE_CURVE('',#11439,#11429,#11443,.T.);
#11445=ORIENTED_EDGE('',*,*,#11444,.F.);
#11446=CARTESIAN_POINT('',(-5.8276,11.665510414,45.));
#11447=VERTEX_POINT('',#11446);
#11448=CARTESIAN_POINT('',(-5.8276,11.665510414,45.));
#11449=DIRECTION('',(0.5,-0.866025404,0.));
#11450=VECTOR('',#11449,3.);
#11451=LINE('',#11448,#11450);
#11452=EDGE_CURVE('',#11447,#11439,#11451,.T.);
#11453=ORIENTED_EDGE('',*,*,#11452,.F.);
#11454=CARTESIAN_POINT('',(-4.3276,14.263586625,45.));
#11455=VERTEX_POINT('',#11454);
#11456=CARTESIAN_POINT('',(-4.3276,14.263586625,45.));
#11457=DIRECTION('',(-0.5,-0.866025404,0.));
#11458=VECTOR('',#11457,3.);
#11459=LINE('',#11456,#11458);
#11460=EDGE_CURVE('',#11455,#11447,#11459,.T.);
#11461=ORIENTED_EDGE('',*,*,#11460,.F.);
#11462=CARTESIAN_POINT('',(-1.3276,14.263586625,45.));
#11463=VERTEX_POINT('',#11462);
#11464=CARTESIAN_POINT('',(-1.3276,14.263586625,45.));
#11465=DIRECTION('',(-1.,0.,0.));
#11466=VECTOR('',#11465,3.);
#11467=LINE('',#11464,#11466);
#11468=EDGE_CURVE('',#11463,#11455,#11467,.T.);
#11469=ORIENTED_EDGE('',*,*,#11468,.F.);
#11470=CARTESIAN_POINT('',(0.1724,11.665510414,45.));
#11471=DIRECTION('',(-0.5,0.866025404,0.));
#11472=VECTOR('',#11471,3.);
#11473=LINE('',#11470,#11472);
#11474=EDGE_CURVE('',#11431,#11463,#11473,.T.);
#11475=ORIENTED_EDGE('',*,*,#11474,.F.);
#11476=EDGE_LOOP('',(#11437,#11445,#11453,#11461,#11469,#11475));
#11477=FACE_BOUND('',#11476,.T.);
#11478=CARTESIAN_POINT('',(-1.3276,-0.128765798,45.));
#11479=VERTEX_POINT('',#11478);
#11480=CARTESIAN_POINT('',(0.1724,2.469310414,45.));
#11481=VERTEX_POINT('',#11480);
#11482=CARTESIAN_POINT('',(-1.3276,-0.128765798,45.));
#11483=DIRECTION('',(0.5,0.866025404,0.));
#11484=VECTOR('',#11483,3.);
#11485=LINE('',#11482,#11484);
#11486=EDGE_CURVE('',#11479,#11481,#11485,.T.);
#11487=ORIENTED_EDGE('',*,*,#11486,.F.);
#11488=CARTESIAN_POINT('',(-4.3276,-0.128765798,45.));
#11489=VERTEX_POINT('',#11488);
#11490=CARTESIAN_POINT('',(-4.3276,-0.128765798,45.));
#11491=DIRECTION('',(1.,0.,0.));
#11492=VECTOR('',#11491,3.);
#11493=LINE('',#11490,#11492);
#11494=EDGE_CURVE('',#11489,#11479,#11493,.T.);
#11495=ORIENTED_EDGE('',*,*,#11494,.F.);
#11496=CARTESIAN_POINT('',(-5.8276,2.469310414,45.));
#11497=VERTEX_POINT('',#11496);
#11498=CARTESIAN_POINT('',(-5.8276,2.469310414,45.));
#11499=DIRECTION('',(0.5,-0.866025404,0.));
#11500=VECTOR('',#11499,3.);
#11501=LINE('',#11498,#11500);
#11502=EDGE_CURVE('',#11497,#11489,#11501,.T.);
#11503=ORIENTED_EDGE('',*,*,#11502,.F.);
#11504=CARTESIAN_POINT('',(-4.3276,5.067386625,45.));
#11505=VERTEX_POINT('',#11504);
#11506=CARTESIAN_POINT('',(-4.3276,5.067386625,45.));
#11507=DIRECTION('',(-0.5,-0.866025404,0.));
#11508=VECTOR('',#11507,3.);
#11509=LINE('',#11506,#11508);
#11510=EDGE_CURVE('',#11505,#11497,#11509,.T.);
#11511=ORIENTED_EDGE('',*,*,#11510,.F.);
#11512=CARTESIAN_POINT('',(-1.3276,5.067386625,45.));
#11513=VERTEX_POINT('',#11512);
#11514=CARTESIAN_POINT('',(-1.3276,5.067386625,45.));
#11515=DIRECTION('',(-1.,0.,0.));
#11516=VECTOR('',#11515,3.);
#11517=LINE('',#11514,#11516);
#11518=EDGE_CURVE('',#11513,#11505,#11517,.T.);
#11519=ORIENTED_EDGE('',*,*,#11518,.F.);
#11520=CARTESIAN_POINT('',(0.1724,2.469310414,45.));
#11521=DIRECTION('',(-0.5,0.866025404,0.));
#11522=VECTOR('',#11521,3.);
#11523=LINE('',#11520,#11522);
#11524=EDGE_CURVE('',#11481,#11513,#11523,.T.);
#11525=ORIENTED_EDGE('',*,*,#11524,.F.);
#11526=EDGE_LOOP('',(#11487,#11495,#11503,#11511,#11519,#11525));
#11527=FACE_BOUND('',#11526,.T.);
#11528=CARTESIAN_POINT('',(21.2932,-46.109765798,45.));
#11529=VERTEX_POINT('',#11528);
#11530=CARTESIAN_POINT('',(22.7932,-43.511689586,45.));
#11531=VERTEX_POINT('',#11530);
#11532=CARTESIAN_POINT('',(21.2932,-46.109765798,45.));
#11533=DIRECTION('',(0.5,0.866025404,0.));
#11534=VECTOR('',#11533,3.);
#11535=LINE('',#11532,#11534);
#11536=EDGE_CURVE('',#11529,#11531,#11535,.T.);
#11537=ORIENTED_EDGE('',*,*,#11536,.F.);
#11538=CARTESIAN_POINT('',(18.2932,-46.109765798,45.));
#11539=VERTEX_POINT('',#11538);
#11540=CARTESIAN_POINT('',(18.2932,-46.109765798,45.));
#11541=DIRECTION('',(1.,0.,-0.));
#11542=VECTOR('',#11541,3.);
#11543=LINE('',#11540,#11542);
#11544=EDGE_CURVE('',#11539,#11529,#11543,.T.);
#11545=ORIENTED_EDGE('',*,*,#11544,.F.);
#11546=CARTESIAN_POINT('',(16.7932,-43.511689586,45.));
#11547=VERTEX_POINT('',#11546);
#11548=CARTESIAN_POINT('',(16.7932,-43.511689586,45.));
#11549=DIRECTION('',(0.5,-0.866025404,0.));
#11550=VECTOR('',#11549,3.);
#11551=LINE('',#11548,#11550);
#11552=EDGE_CURVE('',#11547,#11539,#11551,.T.);
#11553=ORIENTED_EDGE('',*,*,#11552,.F.);
#11554=CARTESIAN_POINT('',(18.2932,-40.913613375,45.));
#11555=VERTEX_POINT('',#11554);
#11556=CARTESIAN_POINT('',(18.2932,-40.913613375,45.));
#11557=DIRECTION('',(-0.5,-0.866025404,0.));
#11558=VECTOR('',#11557,3.);
#11559=LINE('',#11556,#11558);
#11560=EDGE_CURVE('',#11555,#11547,#11559,.T.);
#11561=ORIENTED_EDGE('',*,*,#11560,.F.);
#11562=CARTESIAN_POINT('',(21.2932,-40.913613375,45.));
#11563=VERTEX_POINT('',#11562);
#11564=CARTESIAN_POINT('',(21.2932,-40.913613375,45.));
#11565=DIRECTION('',(-1.,0.,0.));
#11566=VECTOR('',#11565,3.);
#11567=LINE('',#11564,#11566);
#11568=EDGE_CURVE('',#11563,#11555,#11567,.T.);
#11569=ORIENTED_EDGE('',*,*,#11568,.F.);
#11570=CARTESIAN_POINT('',(22.7932,-43.511689586,45.));
#11571=DIRECTION('',(-0.5,0.866025404,0.));
#11572=VECTOR('',#11571,3.);
#11573=LINE('',#11570,#11572);
#11574=EDGE_CURVE('',#11531,#11563,#11573,.T.);
#11575=ORIENTED_EDGE('',*,*,#11574,.F.);
#11576=EDGE_LOOP('',(#11537,#11545,#11553,#11561,#11569,#11575));
#11577=FACE_BOUND('',#11576,.T.);
#11578=CARTESIAN_POINT('',(15.638,13.665510414,45.));
#11579=VERTEX_POINT('',#11578);
#11580=CARTESIAN_POINT('',(17.138,16.263586625,45.));
#11581=VERTEX_POINT('',#11580);
#11582=CARTESIAN_POINT('',(15.638,13.665510414,45.));
#11583=DIRECTION('',(0.5,0.866025404,0.));
#11584=VECTOR('',#11583,3.);
#11585=LINE('',#11582,#11584);
#11586=EDGE_CURVE('',#11579,#11581,#11585,.T.);
#11587=ORIENTED_EDGE('',*,*,#11586,.F.);
#11588=CARTESIAN_POINT('',(12.638,13.665510414,45.));
#11589=VERTEX_POINT('',#11588);
#11590=CARTESIAN_POINT('',(12.638,13.665510414,45.));
#11591=DIRECTION('',(1.,0.,0.));
#11592=VECTOR('',#11591,3.);
#11593=LINE('',#11590,#11592);
#11594=EDGE_CURVE('',#11589,#11579,#11593,.T.);
#11595=ORIENTED_EDGE('',*,*,#11594,.F.);
#11596=CARTESIAN_POINT('',(11.138,16.263586625,45.));
#11597=VERTEX_POINT('',#11596);
#11598=CARTESIAN_POINT('',(11.138,16.263586625,45.));
#11599=DIRECTION('',(0.5,-0.866025404,0.));
#11600=VECTOR('',#11599,3.);
#11601=LINE('',#11598,#11600);
#11602=EDGE_CURVE('',#11597,#11589,#11601,.T.);
#11603=ORIENTED_EDGE('',*,*,#11602,.F.);
#11604=CARTESIAN_POINT('',(12.638,18.861662836,45.));
#11605=VERTEX_POINT('',#11604);
#11606=CARTESIAN_POINT('',(12.638,18.861662836,45.));
#11607=DIRECTION('',(-0.5,-0.866025404,0.));
#11608=VECTOR('',#11607,3.);
#11609=LINE('',#11606,#11608);
#11610=EDGE_CURVE('',#11605,#11597,#11609,.T.);
#11611=ORIENTED_EDGE('',*,*,#11610,.F.);
#11612=CARTESIAN_POINT('',(15.638,18.861662836,45.));
#11613=VERTEX_POINT('',#11612);
#11614=CARTESIAN_POINT('',(15.638,18.861662836,45.));
#11615=DIRECTION('',(-1.,0.,0.));
#11616=VECTOR('',#11615,3.);
#11617=LINE('',#11614,#11616);
#11618=EDGE_CURVE('',#11613,#11605,#11617,.T.);
#11619=ORIENTED_EDGE('',*,*,#11618,.F.);
#11620=CARTESIAN_POINT('',(17.138,16.263586625,45.));
#11621=DIRECTION('',(-0.5,0.866025404,0.));
#11622=VECTOR('',#11621,3.);
#11623=LINE('',#11620,#11622);
#11624=EDGE_CURVE('',#11581,#11613,#11623,.T.);
#11625=ORIENTED_EDGE('',*,*,#11624,.F.);
#11626=EDGE_LOOP('',(#11587,#11595,#11603,#11611,#11619,#11625));
#11627=FACE_BOUND('',#11626,.T.);
#11628=CARTESIAN_POINT('',(15.638,-13.923089586,45.));
#11629=VERTEX_POINT('',#11628);
#11630=CARTESIAN_POINT('',(17.138,-11.325013375,45.));
#11631=VERTEX_POINT('',#11630);
#11632=CARTESIAN_POINT('',(15.638,-13.923089586,45.));
#11633=DIRECTION('',(0.5,0.866025404,0.));
#11634=VECTOR('',#11633,3.);
#11635=LINE('',#11632,#11634);
#11636=EDGE_CURVE('',#11629,#11631,#11635,.T.);
#11637=ORIENTED_EDGE('',*,*,#11636,.F.);
#11638=CARTESIAN_POINT('',(12.638,-13.923089586,45.));
#11639=VERTEX_POINT('',#11638);
#11640=CARTESIAN_POINT('',(12.638,-13.923089586,45.));
#11641=DIRECTION('',(1.,0.,0.));
#11642=VECTOR('',#11641,3.);
#11643=LINE('',#11640,#11642);
#11644=EDGE_CURVE('',#11639,#11629,#11643,.T.);
#11645=ORIENTED_EDGE('',*,*,#11644,.F.);
#11646=CARTESIAN_POINT('',(11.138,-11.325013375,45.));
#11647=VERTEX_POINT('',#11646);
#11648=CARTESIAN_POINT('',(11.138,-11.325013375,45.));
#11649=DIRECTION('',(0.5,-0.866025404,0.));
#11650=VECTOR('',#11649,3.);
#11651=LINE('',#11648,#11650);
#11652=EDGE_CURVE('',#11647,#11639,#11651,.T.);
#11653=ORIENTED_EDGE('',*,*,#11652,.F.);
#11654=CARTESIAN_POINT('',(12.638,-8.726937164,45.));
#11655=VERTEX_POINT('',#11654);
#11656=CARTESIAN_POINT('',(12.638,-8.726937164,45.));
#11657=DIRECTION('',(-0.5,-0.866025404,0.));
#11658=VECTOR('',#11657,3.);
#11659=LINE('',#11656,#11658);
#11660=EDGE_CURVE('',#11655,#11647,#11659,.T.);
#11661=ORIENTED_EDGE('',*,*,#11660,.F.);
#11662=CARTESIAN_POINT('',(15.638,-8.726937164,45.));
#11663=VERTEX_POINT('',#11662);
#11664=CARTESIAN_POINT('',(15.638,-8.726937164,45.));
#11665=DIRECTION('',(-1.,0.,0.));
#11666=VECTOR('',#11665,3.);
#11667=LINE('',#11664,#11666);
#11668=EDGE_CURVE('',#11663,#11655,#11667,.T.);
#11669=ORIENTED_EDGE('',*,*,#11668,.F.);
#11670=CARTESIAN_POINT('',(17.138,-11.325013375,45.));
#11671=DIRECTION('',(-0.5,0.866025404,0.));
#11672=VECTOR('',#11671,3.);
#11673=LINE('',#11670,#11672);
#11674=EDGE_CURVE('',#11631,#11663,#11673,.T.);
#11675=ORIENTED_EDGE('',*,*,#11674,.F.);
#11676=EDGE_LOOP('',(#11637,#11645,#11653,#11661,#11669,#11675));
#11677=FACE_BOUND('',#11676,.T.);
#11678=CARTESIAN_POINT('',(4.3276,-41.511689586,45.));
#11679=VERTEX_POINT('',#11678);
#11680=CARTESIAN_POINT('',(5.8276,-38.913613375,45.));
#11681=VERTEX_POINT('',#11680);
#11682=CARTESIAN_POINT('',(4.3276,-41.511689586,45.));
#11683=DIRECTION('',(0.5,0.866025404,0.));
#11684=VECTOR('',#11683,3.);
#11685=LINE('',#11682,#11684);
#11686=EDGE_CURVE('',#11679,#11681,#11685,.T.);
#11687=ORIENTED_EDGE('',*,*,#11686,.F.);
#11688=CARTESIAN_POINT('',(1.3276,-41.511689586,45.));
#11689=VERTEX_POINT('',#11688);
#11690=CARTESIAN_POINT('',(1.3276,-41.511689586,45.));
#11691=DIRECTION('',(1.,0.,0.));
#11692=VECTOR('',#11691,3.);
#11693=LINE('',#11690,#11692);
#11694=EDGE_CURVE('',#11689,#11679,#11693,.T.);
#11695=ORIENTED_EDGE('',*,*,#11694,.F.);
#11696=CARTESIAN_POINT('',(-0.1724,-38.913613375,45.));
#11697=VERTEX_POINT('',#11696);
#11698=CARTESIAN_POINT('',(-0.1724,-38.913613375,45.));
#11699=DIRECTION('',(0.5,-0.866025404,0.));
#11700=VECTOR('',#11699,3.);
#11701=LINE('',#11698,#11700);
#11702=EDGE_CURVE('',#11697,#11689,#11701,.T.);
#11703=ORIENTED_EDGE('',*,*,#11702,.F.);
#11704=CARTESIAN_POINT('',(1.3276,-36.315537164,45.));
#11705=VERTEX_POINT('',#11704);
#11706=CARTESIAN_POINT('',(1.3276,-36.315537164,45.));
#11707=DIRECTION('',(-0.5,-0.866025404,0.));
#11708=VECTOR('',#11707,3.);
#11709=LINE('',#11706,#11708);
#11710=EDGE_CURVE('',#11705,#11697,#11709,.T.);
#11711=ORIENTED_EDGE('',*,*,#11710,.F.);
#11712=CARTESIAN_POINT('',(4.3276,-36.315537164,45.));
#11713=VERTEX_POINT('',#11712);
#11714=CARTESIAN_POINT('',(4.3276,-36.315537164,45.));
#11715=DIRECTION('',(-1.,0.,0.));
#11716=VECTOR('',#11715,3.);
#11717=LINE('',#11714,#11716);
#11718=EDGE_CURVE('',#11713,#11705,#11717,.T.);
#11719=ORIENTED_EDGE('',*,*,#11718,.F.);
#11720=CARTESIAN_POINT('',(5.8276,-38.913613375,45.));
#11721=DIRECTION('',(-0.5,0.866025404,0.));
#11722=VECTOR('',#11721,3.);
#11723=LINE('',#11720,#11722);
#11724=EDGE_CURVE('',#11681,#11713,#11723,.T.);
#11725=ORIENTED_EDGE('',*,*,#11724,.F.);
#11726=EDGE_LOOP('',(#11687,#11695,#11703,#11711,#11719,#11725));
#11727=FACE_BOUND('',#11726,.T.);
#11728=CARTESIAN_POINT('',(4.3276,-32.315489586,45.));
#11729=VERTEX_POINT('',#11728);
#11730=CARTESIAN_POINT('',(5.8276,-29.717413375,45.));
#11731=VERTEX_POINT('',#11730);
#11732=CARTESIAN_POINT('',(4.3276,-32.315489586,45.));
#11733=DIRECTION('',(0.5,0.866025404,0.));
#11734=VECTOR('',#11733,3.);
#11735=LINE('',#11732,#11734);
#11736=EDGE_CURVE('',#11729,#11731,#11735,.T.);
#11737=ORIENTED_EDGE('',*,*,#11736,.F.);
#11738=CARTESIAN_POINT('',(1.3276,-32.315489586,45.));
#11739=VERTEX_POINT('',#11738);
#11740=CARTESIAN_POINT('',(1.3276,-32.315489586,45.));
#11741=DIRECTION('',(1.,0.,0.));
#11742=VECTOR('',#11741,3.);
#11743=LINE('',#11740,#11742);
#11744=EDGE_CURVE('',#11739,#11729,#11743,.T.);
#11745=ORIENTED_EDGE('',*,*,#11744,.F.);
#11746=CARTESIAN_POINT('',(-0.1724,-29.717413375,45.));
#11747=VERTEX_POINT('',#11746);
#11748=CARTESIAN_POINT('',(-0.1724,-29.717413375,45.));
#11749=DIRECTION('',(0.5,-0.866025404,0.));
#11750=VECTOR('',#11749,3.);
#11751=LINE('',#11748,#11750);
#11752=EDGE_CURVE('',#11747,#11739,#11751,.T.);
#11753=ORIENTED_EDGE('',*,*,#11752,.F.);
#11754=CARTESIAN_POINT('',(1.3276,-27.119337164,45.));
#11755=VERTEX_POINT('',#11754);
#11756=CARTESIAN_POINT('',(1.3276,-27.119337164,45.));
#11757=DIRECTION('',(-0.5,-0.866025404,0.));
#11758=VECTOR('',#11757,3.);
#11759=LINE('',#11756,#11758);
#11760=EDGE_CURVE('',#11755,#11747,#11759,.T.);
#11761=ORIENTED_EDGE('',*,*,#11760,.F.);
#11762=CARTESIAN_POINT('',(4.3276,-27.119337164,45.));
#11763=VERTEX_POINT('',#11762);
#11764=CARTESIAN_POINT('',(4.3276,-27.119337164,45.));
#11765=DIRECTION('',(-1.,0.,0.));
#11766=VECTOR('',#11765,3.);
#11767=LINE('',#11764,#11766);
#11768=EDGE_CURVE('',#11763,#11755,#11767,.T.);
#11769=ORIENTED_EDGE('',*,*,#11768,.F.);
#11770=CARTESIAN_POINT('',(5.8276,-29.717413375,45.));
#11771=DIRECTION('',(-0.5,0.866025404,0.));
#11772=VECTOR('',#11771,3.);
#11773=LINE('',#11770,#11772);
#11774=EDGE_CURVE('',#11731,#11763,#11773,.T.);
#11775=ORIENTED_EDGE('',*,*,#11774,.F.);
#11776=EDGE_LOOP('',(#11737,#11745,#11753,#11761,#11769,#11775));
#11777=FACE_BOUND('',#11776,.T.);
#11778=CARTESIAN_POINT('',(21.2932,9.067434202,45.));
#11779=VERTEX_POINT('',#11778);
#11780=CARTESIAN_POINT('',(22.7932,11.665510414,45.));
#11781=VERTEX_POINT('',#11780);
#11782=CARTESIAN_POINT('',(21.2932,9.067434202,45.));
#11783=DIRECTION('',(0.5,0.866025404,0.));
#11784=VECTOR('',#11783,3.);
#11785=LINE('',#11782,#11784);
#11786=EDGE_CURVE('',#11779,#11781,#11785,.T.);
#11787=ORIENTED_EDGE('',*,*,#11786,.F.);
#11788=CARTESIAN_POINT('',(18.2932,9.067434202,45.));
#11789=VERTEX_POINT('',#11788);
#11790=CARTESIAN_POINT('',(18.2932,9.067434202,45.));
#11791=DIRECTION('',(1.,0.,0.));
#11792=VECTOR('',#11791,3.);
#11793=LINE('',#11790,#11792);
#11794=EDGE_CURVE('',#11789,#11779,#11793,.T.);
#11795=ORIENTED_EDGE('',*,*,#11794,.F.);
#11796=CARTESIAN_POINT('',(16.7932,11.665510414,45.));
#11797=VERTEX_POINT('',#11796);
#11798=CARTESIAN_POINT('',(16.7932,11.665510414,45.));
#11799=DIRECTION('',(0.5,-0.866025404,0.));
#11800=VECTOR('',#11799,3.);
#11801=LINE('',#11798,#11800);
#11802=EDGE_CURVE('',#11797,#11789,#11801,.T.);
#11803=ORIENTED_EDGE('',*,*,#11802,.F.);
#11804=CARTESIAN_POINT('',(18.2932,14.263586625,45.));
#11805=VERTEX_POINT('',#11804);
#11806=CARTESIAN_POINT('',(18.2932,14.263586625,45.));
#11807=DIRECTION('',(-0.5,-0.866025404,0.));
#11808=VECTOR('',#11807,3.);
#11809=LINE('',#11806,#11808);
#11810=EDGE_CURVE('',#11805,#11797,#11809,.T.);
#11811=ORIENTED_EDGE('',*,*,#11810,.F.);
#11812=CARTESIAN_POINT('',(21.2932,14.263586625,45.));
#11813=VERTEX_POINT('',#11812);
#11814=CARTESIAN_POINT('',(21.2932,14.263586625,45.));
#11815=DIRECTION('',(-1.,0.,0.));
#11816=VECTOR('',#11815,3.);
#11817=LINE('',#11814,#11816);
#11818=EDGE_CURVE('',#11813,#11805,#11817,.T.);
#11819=ORIENTED_EDGE('',*,*,#11818,.F.);
#11820=CARTESIAN_POINT('',(22.7932,11.665510414,45.));
#11821=DIRECTION('',(-0.5,0.866025404,0.));
#11822=VECTOR('',#11821,3.);
#11823=LINE('',#11820,#11822);
#11824=EDGE_CURVE('',#11781,#11813,#11823,.T.);
#11825=ORIENTED_EDGE('',*,*,#11824,.F.);
#11826=EDGE_LOOP('',(#11787,#11795,#11803,#11811,#11819,#11825));
#11827=FACE_BOUND('',#11826,.T.);
#11828=CARTESIAN_POINT('',(-1.3276,-36.913565798,45.));
#11829=VERTEX_POINT('',#11828);
#11830=CARTESIAN_POINT('',(0.1724,-34.315489586,45.));
#11831=VERTEX_POINT('',#11830);
#11832=CARTESIAN_POINT('',(-1.3276,-36.913565798,45.));
#11833=DIRECTION('',(0.5,0.866025404,0.));
#11834=VECTOR('',#11833,3.);
#11835=LINE('',#11832,#11834);
#11836=EDGE_CURVE('',#11829,#11831,#11835,.T.);
#11837=ORIENTED_EDGE('',*,*,#11836,.F.);
#11838=CARTESIAN_POINT('',(-4.3276,-36.913565798,45.));
#11839=VERTEX_POINT('',#11838);
#11840=CARTESIAN_POINT('',(-4.3276,-36.913565798,45.));
#11841=DIRECTION('',(1.,0.,0.));
#11842=VECTOR('',#11841,3.);
#11843=LINE('',#11840,#11842);
#11844=EDGE_CURVE('',#11839,#11829,#11843,.T.);
#11845=ORIENTED_EDGE('',*,*,#11844,.F.);
#11846=CARTESIAN_POINT('',(-5.8276,-34.315489586,45.));
#11847=VERTEX_POINT('',#11846);
#11848=CARTESIAN_POINT('',(-5.8276,-34.315489586,45.));
#11849=DIRECTION('',(0.5,-0.866025404,0.));
#11850=VECTOR('',#11849,3.);
#11851=LINE('',#11848,#11850);
#11852=EDGE_CURVE('',#11847,#11839,#11851,.T.);
#11853=ORIENTED_EDGE('',*,*,#11852,.F.);
#11854=CARTESIAN_POINT('',(-4.3276,-31.717413375,45.));
#11855=VERTEX_POINT('',#11854);
#11856=CARTESIAN_POINT('',(-4.3276,-31.717413375,45.));
#11857=DIRECTION('',(-0.5,-0.866025404,0.));
#11858=VECTOR('',#11857,3.);
#11859=LINE('',#11856,#11858);
#11860=EDGE_CURVE('',#11855,#11847,#11859,.T.);
#11861=ORIENTED_EDGE('',*,*,#11860,.F.);
#11862=CARTESIAN_POINT('',(-1.3276,-31.717413375,45.));
#11863=VERTEX_POINT('',#11862);
#11864=CARTESIAN_POINT('',(-1.3276,-31.717413375,45.));
#11865=DIRECTION('',(-1.,0.,0.));
#11866=VECTOR('',#11865,3.);
#11867=LINE('',#11864,#11866);
#11868=EDGE_CURVE('',#11863,#11855,#11867,.T.);
#11869=ORIENTED_EDGE('',*,*,#11868,.F.);
#11870=CARTESIAN_POINT('',(0.1724,-34.315489586,45.));
#11871=DIRECTION('',(-0.5,0.866025404,0.));
#11872=VECTOR('',#11871,3.);
#11873=LINE('',#11870,#11872);
#11874=EDGE_CURVE('',#11831,#11863,#11873,.T.);
#11875=ORIENTED_EDGE('',*,*,#11874,.F.);
#11876=EDGE_LOOP('',(#11837,#11845,#11853,#11861,#11869,#11875));
#11877=FACE_BOUND('',#11876,.T.);
#11878=CARTESIAN_POINT('',(-12.638,-9.324965798,45.));
#11879=VERTEX_POINT('',#11878);
#11880=CARTESIAN_POINT('',(-11.138,-6.726889586,45.));
#11881=VERTEX_POINT('',#11880);
#11882=CARTESIAN_POINT('',(-12.638,-9.324965798,45.));
#11883=DIRECTION('',(0.5,0.866025404,0.));
#11884=VECTOR('',#11883,3.);
#11885=LINE('',#11882,#11884);
#11886=EDGE_CURVE('',#11879,#11881,#11885,.T.);
#11887=ORIENTED_EDGE('',*,*,#11886,.F.);
#11888=CARTESIAN_POINT('',(-15.638,-9.324965798,45.));
#11889=VERTEX_POINT('',#11888);
#11890=CARTESIAN_POINT('',(-15.638,-9.324965798,45.));
#11891=DIRECTION('',(1.,0.,0.));
#11892=VECTOR('',#11891,3.);
#11893=LINE('',#11890,#11892);
#11894=EDGE_CURVE('',#11889,#11879,#11893,.T.);
#11895=ORIENTED_EDGE('',*,*,#11894,.F.);
#11896=CARTESIAN_POINT('',(-17.138,-6.726889586,45.));
#11897=VERTEX_POINT('',#11896);
#11898=CARTESIAN_POINT('',(-17.138,-6.726889586,45.));
#11899=DIRECTION('',(0.5,-0.866025404,0.));
#11900=VECTOR('',#11899,3.);
#11901=LINE('',#11898,#11900);
#11902=EDGE_CURVE('',#11897,#11889,#11901,.T.);
#11903=ORIENTED_EDGE('',*,*,#11902,.F.);
#11904=CARTESIAN_POINT('',(-15.638,-4.128813375,45.));
#11905=VERTEX_POINT('',#11904);
#11906=CARTESIAN_POINT('',(-15.638,-4.128813375,45.));
#11907=DIRECTION('',(-0.5,-0.866025404,0.));
#11908=VECTOR('',#11907,3.);
#11909=LINE('',#11906,#11908);
#11910=EDGE_CURVE('',#11905,#11897,#11909,.T.);
#11911=ORIENTED_EDGE('',*,*,#11910,.F.);
#11912=CARTESIAN_POINT('',(-12.638,-4.128813375,45.));
#11913=VERTEX_POINT('',#11912);
#11914=CARTESIAN_POINT('',(-12.638,-4.128813375,45.));
#11915=DIRECTION('',(-1.,0.,0.));
#11916=VECTOR('',#11915,3.);
#11917=LINE('',#11914,#11916);
#11918=EDGE_CURVE('',#11913,#11905,#11917,.T.);
#11919=ORIENTED_EDGE('',*,*,#11918,.F.);
#11920=CARTESIAN_POINT('',(-11.138,-6.726889586,45.));
#11921=DIRECTION('',(-0.5,0.866025404,0.));
#11922=VECTOR('',#11921,3.);
#11923=LINE('',#11920,#11922);
#11924=EDGE_CURVE('',#11881,#11913,#11923,.T.);
#11925=ORIENTED_EDGE('',*,*,#11924,.F.);
#11926=EDGE_LOOP('',(#11887,#11895,#11903,#11911,#11919,#11925));
#11927=FACE_BOUND('',#11926,.T.);
#11928=CARTESIAN_POINT('',(9.9828,-0.128765798,45.));
#11929=VERTEX_POINT('',#11928);
#11930=CARTESIAN_POINT('',(11.4828,2.469310414,45.));
#11931=VERTEX_POINT('',#11930);
#11932=CARTESIAN_POINT('',(9.9828,-0.128765798,45.));
#11933=DIRECTION('',(0.5,0.866025404,0.));
#11934=VECTOR('',#11933,3.);
#11935=LINE('',#11932,#11934);
#11936=EDGE_CURVE('',#11929,#11931,#11935,.T.);
#11937=ORIENTED_EDGE('',*,*,#11936,.F.);
#11938=CARTESIAN_POINT('',(6.9828,-0.128765798,45.));
#11939=VERTEX_POINT('',#11938);
#11940=CARTESIAN_POINT('',(6.9828,-0.128765798,45.));
#11941=DIRECTION('',(1.,0.,0.));
#11942=VECTOR('',#11941,3.);
#11943=LINE('',#11940,#11942);
#11944=EDGE_CURVE('',#11939,#11929,#11943,.T.);
#11945=ORIENTED_EDGE('',*,*,#11944,.F.);
#11946=CARTESIAN_POINT('',(5.4828,2.469310414,45.));
#11947=VERTEX_POINT('',#11946);
#11948=CARTESIAN_POINT('',(5.4828,2.469310414,45.));
#11949=DIRECTION('',(0.5,-0.866025404,0.));
#11950=VECTOR('',#11949,3.);
#11951=LINE('',#11948,#11950);
#11952=EDGE_CURVE('',#11947,#11939,#11951,.T.);
#11953=ORIENTED_EDGE('',*,*,#11952,.F.);
#11954=CARTESIAN_POINT('',(6.9828,5.067386625,45.));
#11955=VERTEX_POINT('',#11954);
#11956=CARTESIAN_POINT('',(6.9828,5.067386625,45.));
#11957=DIRECTION('',(-0.5,-0.866025404,0.));
#11958=VECTOR('',#11957,3.);
#11959=LINE('',#11956,#11958);
#11960=EDGE_CURVE('',#11955,#11947,#11959,.T.);
#11961=ORIENTED_EDGE('',*,*,#11960,.F.);
#11962=CARTESIAN_POINT('',(9.9828,5.067386625,45.));
#11963=VERTEX_POINT('',#11962);
#11964=CARTESIAN_POINT('',(9.9828,5.067386625,45.));
#11965=DIRECTION('',(-1.,0.,0.));
#11966=VECTOR('',#11965,3.);
#11967=LINE('',#11964,#11966);
#11968=EDGE_CURVE('',#11963,#11955,#11967,.T.);
#11969=ORIENTED_EDGE('',*,*,#11968,.F.);
#11970=CARTESIAN_POINT('',(11.4828,2.469310414,45.));
#11971=DIRECTION('',(-0.5,0.866025404,0.));
#11972=VECTOR('',#11971,3.);
#11973=LINE('',#11970,#11972);
#11974=EDGE_CURVE('',#11931,#11963,#11973,.T.);
#11975=ORIENTED_EDGE('',*,*,#11974,.F.);
#11976=EDGE_LOOP('',(#11937,#11945,#11953,#11961,#11969,#11975));
#11977=FACE_BOUND('',#11976,.T.);
#11978=CARTESIAN_POINT('',(-18.2932,13.665510414,45.));
#11979=VERTEX_POINT('',#11978);
#11980=CARTESIAN_POINT('',(-16.7932,16.263586625,45.));
#11981=VERTEX_POINT('',#11980);
#11982=CARTESIAN_POINT('',(-18.2932,13.665510414,45.));
#11983=DIRECTION('',(0.5,0.866025404,0.));
#11984=VECTOR('',#11983,3.);
#11985=LINE('',#11982,#11984);
#11986=EDGE_CURVE('',#11979,#11981,#11985,.T.);
#11987=ORIENTED_EDGE('',*,*,#11986,.F.);
#11988=CARTESIAN_POINT('',(-21.2932,13.665510414,45.));
#11989=VERTEX_POINT('',#11988);
#11990=CARTESIAN_POINT('',(-21.2932,13.665510414,45.));
#11991=DIRECTION('',(1.,0.,0.));
#11992=VECTOR('',#11991,3.);
#11993=LINE('',#11990,#11992);
#11994=EDGE_CURVE('',#11989,#11979,#11993,.T.);
#11995=ORIENTED_EDGE('',*,*,#11994,.F.);
#11996=CARTESIAN_POINT('',(-22.7932,16.263586625,45.));
#11997=VERTEX_POINT('',#11996);
#11998=CARTESIAN_POINT('',(-22.7932,16.263586625,45.));
#11999=DIRECTION('',(0.5,-0.866025404,0.));
#12000=VECTOR('',#11999,3.);
#12001=LINE('',#11998,#12000);
#12002=EDGE_CURVE('',#11997,#11989,#12001,.T.);
#12003=ORIENTED_EDGE('',*,*,#12002,.F.);
#12004=CARTESIAN_POINT('',(-21.2932,18.861662836,45.));
#12005=VERTEX_POINT('',#12004);
#12006=CARTESIAN_POINT('',(-21.2932,18.861662836,45.));
#12007=DIRECTION('',(-0.5,-0.866025404,0.));
#12008=VECTOR('',#12007,3.);
#12009=LINE('',#12006,#12008);
#12010=EDGE_CURVE('',#12005,#11997,#12009,.T.);
#12011=ORIENTED_EDGE('',*,*,#12010,.F.);
#12012=CARTESIAN_POINT('',(-18.2932,18.861662836,45.));
#12013=VERTEX_POINT('',#12012);
#12014=CARTESIAN_POINT('',(-18.2932,18.861662836,45.));
#12015=DIRECTION('',(-1.,0.,0.));
#12016=VECTOR('',#12015,3.);
#12017=LINE('',#12014,#12016);
#12018=EDGE_CURVE('',#12013,#12005,#12017,.T.);
#12019=ORIENTED_EDGE('',*,*,#12018,.F.);
#12020=CARTESIAN_POINT('',(-16.7932,16.263586625,45.));
#12021=DIRECTION('',(-0.5,0.866025404,0.));
#12022=VECTOR('',#12021,3.);
#12023=LINE('',#12020,#12022);
#12024=EDGE_CURVE('',#11981,#12013,#12023,.T.);
#12025=ORIENTED_EDGE('',*,*,#12024,.F.);
#12026=EDGE_LOOP('',(#11987,#11995,#12003,#12011,#12019,#12025));
#12027=FACE_BOUND('',#12026,.T.);
#12028=CARTESIAN_POINT('',(-18.2932,22.861710414,45.));
#12029=VERTEX_POINT('',#12028);
#12030=CARTESIAN_POINT('',(-16.7932,25.459786625,45.));
#12031=VERTEX_POINT('',#12030);
#12032=CARTESIAN_POINT('',(-18.2932,22.861710414,45.));
#12033=DIRECTION('',(0.5,0.866025404,0.));
#12034=VECTOR('',#12033,3.);
#12035=LINE('',#12032,#12034);
#12036=EDGE_CURVE('',#12029,#12031,#12035,.T.);
#12037=ORIENTED_EDGE('',*,*,#12036,.F.);
#12038=CARTESIAN_POINT('',(-21.2932,22.861710414,45.));
#12039=VERTEX_POINT('',#12038);
#12040=CARTESIAN_POINT('',(-21.2932,22.861710414,45.));
#12041=DIRECTION('',(1.,0.,0.));
#12042=VECTOR('',#12041,3.);
#12043=LINE('',#12040,#12042);
#12044=EDGE_CURVE('',#12039,#12029,#12043,.T.);
#12045=ORIENTED_EDGE('',*,*,#12044,.F.);
#12046=CARTESIAN_POINT('',(-22.7932,25.459786625,45.));
#12047=VERTEX_POINT('',#12046);
#12048=CARTESIAN_POINT('',(-22.7932,25.459786625,45.));
#12049=DIRECTION('',(0.5,-0.866025404,0.));
#12050=VECTOR('',#12049,3.);
#12051=LINE('',#12048,#12050);
#12052=EDGE_CURVE('',#12047,#12039,#12051,.T.);
#12053=ORIENTED_EDGE('',*,*,#12052,.F.);
#12054=CARTESIAN_POINT('',(-21.2932,28.057862836,45.));
#12055=VERTEX_POINT('',#12054);
#12056=CARTESIAN_POINT('',(-21.2932,28.057862836,45.));
#12057=DIRECTION('',(-0.5,-0.866025404,0.));
#12058=VECTOR('',#12057,3.);
#12059=LINE('',#12056,#12058);
#12060=EDGE_CURVE('',#12055,#12047,#12059,.T.);
#12061=ORIENTED_EDGE('',*,*,#12060,.F.);
#12062=CARTESIAN_POINT('',(-18.2932,28.057862836,45.));
#12063=VERTEX_POINT('',#12062);
#12064=CARTESIAN_POINT('',(-18.2932,28.057862836,45.));
#12065=DIRECTION('',(-1.,0.,0.));
#12066=VECTOR('',#12065,3.);
#12067=LINE('',#12064,#12066);
#12068=EDGE_CURVE('',#12063,#12055,#12067,.T.);
#12069=ORIENTED_EDGE('',*,*,#12068,.F.);
#12070=CARTESIAN_POINT('',(-16.7932,25.459786625,45.));
#12071=DIRECTION('',(-0.5,0.866025404,0.));
#12072=VECTOR('',#12071,3.);
#12073=LINE('',#12070,#12072);
#12074=EDGE_CURVE('',#12031,#12063,#12073,.T.);
#12075=ORIENTED_EDGE('',*,*,#12074,.F.);
#12076=EDGE_LOOP('',(#12037,#12045,#12053,#12061,#12069,#12075));
#12077=FACE_BOUND('',#12076,.T.);
#12078=CARTESIAN_POINT('',(4.3276,13.665510414,45.));
#12079=VERTEX_POINT('',#12078);
#12080=CARTESIAN_POINT('',(5.8276,16.263586625,45.));
#12081=VERTEX_POINT('',#12080);
#12082=CARTESIAN_POINT('',(4.3276,13.665510414,45.));
#12083=DIRECTION('',(0.5,0.866025404,0.));
#12084=VECTOR('',#12083,3.);
#12085=LINE('',#12082,#12084);
#12086=EDGE_CURVE('',#12079,#12081,#12085,.T.);
#12087=ORIENTED_EDGE('',*,*,#12086,.F.);
#12088=CARTESIAN_POINT('',(1.3276,13.665510414,45.));
#12089=VERTEX_POINT('',#12088);
#12090=CARTESIAN_POINT('',(1.3276,13.665510414,45.));
#12091=DIRECTION('',(1.,0.,0.));
#12092=VECTOR('',#12091,3.);
#12093=LINE('',#12090,#12092);
#12094=EDGE_CURVE('',#12089,#12079,#12093,.T.);
#12095=ORIENTED_EDGE('',*,*,#12094,.F.);
#12096=CARTESIAN_POINT('',(-0.1724,16.263586625,45.));
#12097=VERTEX_POINT('',#12096);
#12098=CARTESIAN_POINT('',(-0.1724,16.263586625,45.));
#12099=DIRECTION('',(0.5,-0.866025404,0.));
#12100=VECTOR('',#12099,3.);
#12101=LINE('',#12098,#12100);
#12102=EDGE_CURVE('',#12097,#12089,#12101,.T.);
#12103=ORIENTED_EDGE('',*,*,#12102,.F.);
#12104=CARTESIAN_POINT('',(1.3276,18.861662836,45.));
#12105=VERTEX_POINT('',#12104);
#12106=CARTESIAN_POINT('',(1.3276,18.861662836,45.));
#12107=DIRECTION('',(-0.5,-0.866025404,0.));
#12108=VECTOR('',#12107,3.);
#12109=LINE('',#12106,#12108);
#12110=EDGE_CURVE('',#12105,#12097,#12109,.T.);
#12111=ORIENTED_EDGE('',*,*,#12110,.F.);
#12112=CARTESIAN_POINT('',(4.3276,18.861662836,45.));
#12113=VERTEX_POINT('',#12112);
#12114=CARTESIAN_POINT('',(4.3276,18.861662836,45.));
#12115=DIRECTION('',(-1.,0.,0.));
#12116=VECTOR('',#12115,3.);
#12117=LINE('',#12114,#12116);
#12118=EDGE_CURVE('',#12113,#12105,#12117,.T.);
#12119=ORIENTED_EDGE('',*,*,#12118,.F.);
#12120=CARTESIAN_POINT('',(5.8276,16.263586625,45.));
#12121=DIRECTION('',(-0.5,0.866025404,0.));
#12122=VECTOR('',#12121,3.);
#12123=LINE('',#12120,#12122);
#12124=EDGE_CURVE('',#12081,#12113,#12123,.T.);
#12125=ORIENTED_EDGE('',*,*,#12124,.F.);
#12126=EDGE_LOOP('',(#12087,#12095,#12103,#12111,#12119,#12125));
#12127=FACE_BOUND('',#12126,.T.);
#12128=CARTESIAN_POINT('',(9.9828,-18.521165798,45.));
#12129=VERTEX_POINT('',#12128);
#12130=CARTESIAN_POINT('',(11.4828,-15.923089586,45.));
#12131=VERTEX_POINT('',#12130);
#12132=CARTESIAN_POINT('',(9.9828,-18.521165798,45.));
#12133=DIRECTION('',(0.5,0.866025404,0.));
#12134=VECTOR('',#12133,3.);
#12135=LINE('',#12132,#12134);
#12136=EDGE_CURVE('',#12129,#12131,#12135,.T.);
#12137=ORIENTED_EDGE('',*,*,#12136,.F.);
#12138=CARTESIAN_POINT('',(6.9828,-18.521165798,45.));
#12139=VERTEX_POINT('',#12138);
#12140=CARTESIAN_POINT('',(6.9828,-18.521165798,45.));
#12141=DIRECTION('',(1.,0.,0.));
#12142=VECTOR('',#12141,3.);
#12143=LINE('',#12140,#12142);
#12144=EDGE_CURVE('',#12139,#12129,#12143,.T.);
#12145=ORIENTED_EDGE('',*,*,#12144,.F.);
#12146=CARTESIAN_POINT('',(5.4828,-15.923089586,45.));
#12147=VERTEX_POINT('',#12146);
#12148=CARTESIAN_POINT('',(5.4828,-15.923089586,45.));
#12149=DIRECTION('',(0.5,-0.866025404,0.));
#12150=VECTOR('',#12149,3.);
#12151=LINE('',#12148,#12150);
#12152=EDGE_CURVE('',#12147,#12139,#12151,.T.);
#12153=ORIENTED_EDGE('',*,*,#12152,.F.);
#12154=CARTESIAN_POINT('',(6.9828,-13.325013375,45.));
#12155=VERTEX_POINT('',#12154);
#12156=CARTESIAN_POINT('',(6.9828,-13.325013375,45.));
#12157=DIRECTION('',(-0.5,-0.866025404,0.));
#12158=VECTOR('',#12157,3.);
#12159=LINE('',#12156,#12158);
#12160=EDGE_CURVE('',#12155,#12147,#12159,.T.);
#12161=ORIENTED_EDGE('',*,*,#12160,.F.);
#12162=CARTESIAN_POINT('',(9.9828,-13.325013375,45.));
#12163=VERTEX_POINT('',#12162);
#12164=CARTESIAN_POINT('',(9.9828,-13.325013375,45.));
#12165=DIRECTION('',(-1.,0.,0.));
#12166=VECTOR('',#12165,3.);
#12167=LINE('',#12164,#12166);
#12168=EDGE_CURVE('',#12163,#12155,#12167,.T.);
#12169=ORIENTED_EDGE('',*,*,#12168,.F.);
#12170=CARTESIAN_POINT('',(11.4828,-15.923089586,45.));
#12171=DIRECTION('',(-0.5,0.866025404,0.));
#12172=VECTOR('',#12171,3.);
#12173=LINE('',#12170,#12172);
#12174=EDGE_CURVE('',#12131,#12163,#12173,.T.);
#12175=ORIENTED_EDGE('',*,*,#12174,.F.);
#12176=EDGE_LOOP('',(#12137,#12145,#12153,#12161,#12169,#12175));
#12177=FACE_BOUND('',#12176,.T.);
#12178=CARTESIAN_POINT('',(15.638,-41.511689586,45.));
#12179=VERTEX_POINT('',#12178);
#12180=CARTESIAN_POINT('',(17.138,-38.913613375,45.));
#12181=VERTEX_POINT('',#12180);
#12182=CARTESIAN_POINT('',(15.638,-41.511689586,45.));
#12183=DIRECTION('',(0.5,0.866025404,0.));
#12184=VECTOR('',#12183,3.);
#12185=LINE('',#12182,#12184);
#12186=EDGE_CURVE('',#12179,#12181,#12185,.T.);
#12187=ORIENTED_EDGE('',*,*,#12186,.F.);
#12188=CARTESIAN_POINT('',(12.638,-41.511689586,45.));
#12189=VERTEX_POINT('',#12188);
#12190=CARTESIAN_POINT('',(12.638,-41.511689586,45.));
#12191=DIRECTION('',(1.,0.,-0.));
#12192=VECTOR('',#12191,3.);
#12193=LINE('',#12190,#12192);
#12194=EDGE_CURVE('',#12189,#12179,#12193,.T.);
#12195=ORIENTED_EDGE('',*,*,#12194,.F.);
#12196=CARTESIAN_POINT('',(11.138,-38.913613375,45.));
#12197=VERTEX_POINT('',#12196);
#12198=CARTESIAN_POINT('',(11.138,-38.913613375,45.));
#12199=DIRECTION('',(0.5,-0.866025404,0.));
#12200=VECTOR('',#12199,3.);
#12201=LINE('',#12198,#12200);
#12202=EDGE_CURVE('',#12197,#12189,#12201,.T.);
#12203=ORIENTED_EDGE('',*,*,#12202,.F.);
#12204=CARTESIAN_POINT('',(12.638,-36.315537164,45.));
#12205=VERTEX_POINT('',#12204);
#12206=CARTESIAN_POINT('',(12.638,-36.315537164,45.));
#12207=DIRECTION('',(-0.5,-0.866025404,0.));
#12208=VECTOR('',#12207,3.);
#12209=LINE('',#12206,#12208);
#12210=EDGE_CURVE('',#12205,#12197,#12209,.T.);
#12211=ORIENTED_EDGE('',*,*,#12210,.F.);
#12212=CARTESIAN_POINT('',(15.638,-36.315537164,45.));
#12213=VERTEX_POINT('',#12212);
#12214=CARTESIAN_POINT('',(15.638,-36.315537164,45.));
#12215=DIRECTION('',(-1.,0.,0.));
#12216=VECTOR('',#12215,3.);
#12217=LINE('',#12214,#12216);
#12218=EDGE_CURVE('',#12213,#12205,#12217,.T.);
#12219=ORIENTED_EDGE('',*,*,#12218,.F.);
#12220=CARTESIAN_POINT('',(17.138,-38.913613375,45.));
#12221=DIRECTION('',(-0.5,0.866025404,0.));
#12222=VECTOR('',#12221,3.);
#12223=LINE('',#12220,#12222);
#12224=EDGE_CURVE('',#12181,#12213,#12223,.T.);
#12225=ORIENTED_EDGE('',*,*,#12224,.F.);
#12226=EDGE_LOOP('',(#12187,#12195,#12203,#12211,#12219,#12225));
#12227=FACE_BOUND('',#12226,.T.);
#12228=CARTESIAN_POINT('',(-6.9828,22.861710414,45.));
#12229=VERTEX_POINT('',#12228);
#12230=CARTESIAN_POINT('',(-5.4828,25.459786625,45.));
#12231=VERTEX_POINT('',#12230);
#12232=CARTESIAN_POINT('',(-6.9828,22.861710414,45.));
#12233=DIRECTION('',(0.5,0.866025404,0.));
#12234=VECTOR('',#12233,3.);
#12235=LINE('',#12232,#12234);
#12236=EDGE_CURVE('',#12229,#12231,#12235,.T.);
#12237=ORIENTED_EDGE('',*,*,#12236,.F.);
#12238=CARTESIAN_POINT('',(-9.9828,22.861710414,45.));
#12239=VERTEX_POINT('',#12238);
#12240=CARTESIAN_POINT('',(-9.9828,22.861710414,45.));
#12241=DIRECTION('',(1.,0.,0.));
#12242=VECTOR('',#12241,3.);
#12243=LINE('',#12240,#12242);
#12244=EDGE_CURVE('',#12239,#12229,#12243,.T.);
#12245=ORIENTED_EDGE('',*,*,#12244,.F.);
#12246=CARTESIAN_POINT('',(-11.4828,25.459786625,45.));
#12247=VERTEX_POINT('',#12246);
#12248=CARTESIAN_POINT('',(-11.4828,25.459786625,45.));
#12249=DIRECTION('',(0.5,-0.866025404,0.));
#12250=VECTOR('',#12249,3.);
#12251=LINE('',#12248,#12250);
#12252=EDGE_CURVE('',#12247,#12239,#12251,.T.);
#12253=ORIENTED_EDGE('',*,*,#12252,.F.);
#12254=CARTESIAN_POINT('',(-9.9828,28.057862836,45.));
#12255=VERTEX_POINT('',#12254);
#12256=CARTESIAN_POINT('',(-9.9828,28.057862836,45.));
#12257=DIRECTION('',(-0.5,-0.866025404,0.));
#12258=VECTOR('',#12257,3.);
#12259=LINE('',#12256,#12258);
#12260=EDGE_CURVE('',#12255,#12247,#12259,.T.);
#12261=ORIENTED_EDGE('',*,*,#12260,.F.);
#12262=CARTESIAN_POINT('',(-6.9828,28.057862836,45.));
#12263=VERTEX_POINT('',#12262);
#12264=CARTESIAN_POINT('',(-6.9828,28.057862836,45.));
#12265=DIRECTION('',(-1.,0.,0.));
#12266=VECTOR('',#12265,3.);
#12267=LINE('',#12264,#12266);
#12268=EDGE_CURVE('',#12263,#12255,#12267,.T.);
#12269=ORIENTED_EDGE('',*,*,#12268,.F.);
#12270=CARTESIAN_POINT('',(-5.4828,25.459786625,45.));
#12271=DIRECTION('',(-0.5,0.866025404,0.));
#12272=VECTOR('',#12271,3.);
#12273=LINE('',#12270,#12272);
#12274=EDGE_CURVE('',#12231,#12263,#12273,.T.);
#12275=ORIENTED_EDGE('',*,*,#12274,.F.);
#12276=EDGE_LOOP('',(#12237,#12245,#12253,#12261,#12269,#12275));
#12277=FACE_BOUND('',#12276,.T.);
#12278=CARTESIAN_POINT('',(-6.9828,-32.315489586,45.));
#12279=VERTEX_POINT('',#12278);
#12280=CARTESIAN_POINT('',(-5.4828,-29.717413375,45.));
#12281=VERTEX_POINT('',#12280);
#12282=CARTESIAN_POINT('',(-6.9828,-32.315489586,45.));
#12283=DIRECTION('',(0.5,0.866025404,0.));
#12284=VECTOR('',#12283,3.);
#12285=LINE('',#12282,#12284);
#12286=EDGE_CURVE('',#12279,#12281,#12285,.T.);
#12287=ORIENTED_EDGE('',*,*,#12286,.F.);
#12288=CARTESIAN_POINT('',(-9.9828,-32.315489586,45.));
#12289=VERTEX_POINT('',#12288);
#12290=CARTESIAN_POINT('',(-9.9828,-32.315489586,45.));
#12291=DIRECTION('',(1.,0.,0.));
#12292=VECTOR('',#12291,3.);
#12293=LINE('',#12290,#12292);
#12294=EDGE_CURVE('',#12289,#12279,#12293,.T.);
#12295=ORIENTED_EDGE('',*,*,#12294,.F.);
#12296=CARTESIAN_POINT('',(-11.4828,-29.717413375,45.));
#12297=VERTEX_POINT('',#12296);
#12298=CARTESIAN_POINT('',(-11.4828,-29.717413375,45.));
#12299=DIRECTION('',(0.5,-0.866025404,0.));
#12300=VECTOR('',#12299,3.);
#12301=LINE('',#12298,#12300);
#12302=EDGE_CURVE('',#12297,#12289,#12301,.T.);
#12303=ORIENTED_EDGE('',*,*,#12302,.F.);
#12304=CARTESIAN_POINT('',(-9.9828,-27.119337164,45.));
#12305=VERTEX_POINT('',#12304);
#12306=CARTESIAN_POINT('',(-9.9828,-27.119337164,45.));
#12307=DIRECTION('',(-0.5,-0.866025404,0.));
#12308=VECTOR('',#12307,3.);
#12309=LINE('',#12306,#12308);
#12310=EDGE_CURVE('',#12305,#12297,#12309,.T.);
#12311=ORIENTED_EDGE('',*,*,#12310,.F.);
#12312=CARTESIAN_POINT('',(-6.9828,-27.119337164,45.));
#12313=VERTEX_POINT('',#12312);
#12314=CARTESIAN_POINT('',(-6.9828,-27.119337164,45.));
#12315=DIRECTION('',(-1.,0.,0.));
#12316=VECTOR('',#12315,3.);
#12317=LINE('',#12314,#12316);
#12318=EDGE_CURVE('',#12313,#12305,#12317,.T.);
#12319=ORIENTED_EDGE('',*,*,#12318,.F.);
#12320=CARTESIAN_POINT('',(-5.4828,-29.717413375,45.));
#12321=DIRECTION('',(-0.5,0.866025404,0.));
#12322=VECTOR('',#12321,3.);
#12323=LINE('',#12320,#12322);
#12324=EDGE_CURVE('',#12281,#12313,#12323,.T.);
#12325=ORIENTED_EDGE('',*,*,#12324,.F.);
#12326=EDGE_LOOP('',(#12287,#12295,#12303,#12311,#12319,#12325));
#12327=FACE_BOUND('',#12326,.T.);
#12328=CARTESIAN_POINT('',(21.2932,-9.324965798,45.));
#12329=VERTEX_POINT('',#12328);
#12330=CARTESIAN_POINT('',(22.7932,-6.726889586,45.));
#12331=VERTEX_POINT('',#12330);
#12332=CARTESIAN_POINT('',(21.2932,-9.324965798,45.));
#12333=DIRECTION('',(0.5,0.866025404,0.));
#12334=VECTOR('',#12333,3.);
#12335=LINE('',#12332,#12334);
#12336=EDGE_CURVE('',#12329,#12331,#12335,.T.);
#12337=ORIENTED_EDGE('',*,*,#12336,.F.);
#12338=CARTESIAN_POINT('',(18.2932,-9.324965798,45.));
#12339=VERTEX_POINT('',#12338);
#12340=CARTESIAN_POINT('',(18.2932,-9.324965798,45.));
#12341=DIRECTION('',(1.,0.,0.));
#12342=VECTOR('',#12341,3.);
#12343=LINE('',#12340,#12342);
#12344=EDGE_CURVE('',#12339,#12329,#12343,.T.);
#12345=ORIENTED_EDGE('',*,*,#12344,.F.);
#12346=CARTESIAN_POINT('',(16.7932,-6.726889586,45.));
#12347=VERTEX_POINT('',#12346);
#12348=CARTESIAN_POINT('',(16.7932,-6.726889586,45.));
#12349=DIRECTION('',(0.5,-0.866025404,0.));
#12350=VECTOR('',#12349,3.);
#12351=LINE('',#12348,#12350);
#12352=EDGE_CURVE('',#12347,#12339,#12351,.T.);
#12353=ORIENTED_EDGE('',*,*,#12352,.F.);
#12354=CARTESIAN_POINT('',(18.2932,-4.128813375,45.));
#12355=VERTEX_POINT('',#12354);
#12356=CARTESIAN_POINT('',(18.2932,-4.128813375,45.));
#12357=DIRECTION('',(-0.5,-0.866025404,0.));
#12358=VECTOR('',#12357,3.);
#12359=LINE('',#12356,#12358);
#12360=EDGE_CURVE('',#12355,#12347,#12359,.T.);
#12361=ORIENTED_EDGE('',*,*,#12360,.F.);
#12362=CARTESIAN_POINT('',(21.2932,-4.128813375,45.));
#12363=VERTEX_POINT('',#12362);
#12364=CARTESIAN_POINT('',(21.2932,-4.128813375,45.));
#12365=DIRECTION('',(-1.,0.,0.));
#12366=VECTOR('',#12365,3.);
#12367=LINE('',#12364,#12366);
#12368=EDGE_CURVE('',#12363,#12355,#12367,.T.);
#12369=ORIENTED_EDGE('',*,*,#12368,.F.);
#12370=CARTESIAN_POINT('',(22.7932,-6.726889586,45.));
#12371=DIRECTION('',(-0.5,0.866025404,0.));
#12372=VECTOR('',#12371,3.);
#12373=LINE('',#12370,#12372);
#12374=EDGE_CURVE('',#12331,#12363,#12373,.T.);
#12375=ORIENTED_EDGE('',*,*,#12374,.F.);
#12376=EDGE_LOOP('',(#12337,#12345,#12353,#12361,#12369,#12375));
#12377=FACE_BOUND('',#12376,.T.);
#12378=CARTESIAN_POINT('',(-1.3276,18.263634202,45.));
#12379=VERTEX_POINT('',#12378);
#12380=CARTESIAN_POINT('',(0.1724,20.861710414,45.));
#12381=VERTEX_POINT('',#12380);
#12382=CARTESIAN_POINT('',(-1.3276,18.263634202,45.));
#12383=DIRECTION('',(0.5,0.866025404,0.));
#12384=VECTOR('',#12383,3.);
#12385=LINE('',#12382,#12384);
#12386=EDGE_CURVE('',#12379,#12381,#12385,.T.);
#12387=ORIENTED_EDGE('',*,*,#12386,.F.);
#12388=CARTESIAN_POINT('',(-4.3276,18.263634202,45.));
#12389=VERTEX_POINT('',#12388);
#12390=CARTESIAN_POINT('',(-4.3276,18.263634202,45.));
#12391=DIRECTION('',(1.,0.,0.));
#12392=VECTOR('',#12391,3.);
#12393=LINE('',#12390,#12392);
#12394=EDGE_CURVE('',#12389,#12379,#12393,.T.);
#12395=ORIENTED_EDGE('',*,*,#12394,.F.);
#12396=CARTESIAN_POINT('',(-5.8276,20.861710414,45.));
#12397=VERTEX_POINT('',#12396);
#12398=CARTESIAN_POINT('',(-5.8276,20.861710414,45.));
#12399=DIRECTION('',(0.5,-0.866025404,0.));
#12400=VECTOR('',#12399,3.);
#12401=LINE('',#12398,#12400);
#12402=EDGE_CURVE('',#12397,#12389,#12401,.T.);
#12403=ORIENTED_EDGE('',*,*,#12402,.F.);
#12404=CARTESIAN_POINT('',(-4.3276,23.459786625,45.));
#12405=VERTEX_POINT('',#12404);
#12406=CARTESIAN_POINT('',(-4.3276,23.459786625,45.));
#12407=DIRECTION('',(-0.5,-0.866025404,0.));
#12408=VECTOR('',#12407,3.);
#12409=LINE('',#12406,#12408);
#12410=EDGE_CURVE('',#12405,#12397,#12409,.T.);
#12411=ORIENTED_EDGE('',*,*,#12410,.F.);
#12412=CARTESIAN_POINT('',(-1.3276,23.459786625,45.));
#12413=VERTEX_POINT('',#12412);
#12414=CARTESIAN_POINT('',(-1.3276,23.459786625,45.));
#12415=DIRECTION('',(-1.,0.,0.));
#12416=VECTOR('',#12415,3.);
#12417=LINE('',#12414,#12416);
#12418=EDGE_CURVE('',#12413,#12405,#12417,.T.);
#12419=ORIENTED_EDGE('',*,*,#12418,.F.);
#12420=CARTESIAN_POINT('',(0.1724,20.861710414,45.));
#12421=DIRECTION('',(-0.5,0.866025404,0.));
#12422=VECTOR('',#12421,3.);
#12423=LINE('',#12420,#12422);
#12424=EDGE_CURVE('',#12381,#12413,#12423,.T.);
#12425=ORIENTED_EDGE('',*,*,#12424,.F.);
#12426=EDGE_LOOP('',(#12387,#12395,#12403,#12411,#12419,#12425));
#12427=FACE_BOUND('',#12426,.T.);
#12428=CARTESIAN_POINT('',(-6.9828,-23.119289586,45.));
#12429=VERTEX_POINT('',#12428);
#12430=CARTESIAN_POINT('',(-5.4828,-20.521213375,45.));
#12431=VERTEX_POINT('',#12430);
#12432=CARTESIAN_POINT('',(-6.9828,-23.119289586,45.));
#12433=DIRECTION('',(0.5,0.866025404,0.));
#12434=VECTOR('',#12433,3.);
#12435=LINE('',#12432,#12434);
#12436=EDGE_CURVE('',#12429,#12431,#12435,.T.);
#12437=ORIENTED_EDGE('',*,*,#12436,.F.);
#12438=CARTESIAN_POINT('',(-9.9828,-23.119289586,45.));
#12439=VERTEX_POINT('',#12438);
#12440=CARTESIAN_POINT('',(-9.9828,-23.119289586,45.));
#12441=DIRECTION('',(1.,0.,0.));
#12442=VECTOR('',#12441,3.);
#12443=LINE('',#12440,#12442);
#12444=EDGE_CURVE('',#12439,#12429,#12443,.T.);
#12445=ORIENTED_EDGE('',*,*,#12444,.F.);
#12446=CARTESIAN_POINT('',(-11.4828,-20.521213375,45.));
#12447=VERTEX_POINT('',#12446);
#12448=CARTESIAN_POINT('',(-11.4828,-20.521213375,45.));
#12449=DIRECTION('',(0.5,-0.866025404,0.));
#12450=VECTOR('',#12449,3.);
#12451=LINE('',#12448,#12450);
#12452=EDGE_CURVE('',#12447,#12439,#12451,.T.);
#12453=ORIENTED_EDGE('',*,*,#12452,.F.);
#12454=CARTESIAN_POINT('',(-9.9828,-17.923137164,45.));
#12455=VERTEX_POINT('',#12454);
#12456=CARTESIAN_POINT('',(-9.9828,-17.923137164,45.));
#12457=DIRECTION('',(-0.5,-0.866025404,0.));
#12458=VECTOR('',#12457,3.);
#12459=LINE('',#12456,#12458);
#12460=EDGE_CURVE('',#12455,#12447,#12459,.T.);
#12461=ORIENTED_EDGE('',*,*,#12460,.F.);
#12462=CARTESIAN_POINT('',(-6.9828,-17.923137164,45.));
#12463=VERTEX_POINT('',#12462);
#12464=CARTESIAN_POINT('',(-6.9828,-17.923137164,45.));
#12465=DIRECTION('',(-1.,0.,0.));
#12466=VECTOR('',#12465,3.);
#12467=LINE('',#12464,#12466);
#12468=EDGE_CURVE('',#12463,#12455,#12467,.T.);
#12469=ORIENTED_EDGE('',*,*,#12468,.F.);
#12470=CARTESIAN_POINT('',(-5.4828,-20.521213375,45.));
#12471=DIRECTION('',(-0.5,0.866025404,0.));
#12472=VECTOR('',#12471,3.);
#12473=LINE('',#12470,#12472);
#12474=EDGE_CURVE('',#12431,#12463,#12473,.T.);
#12475=ORIENTED_EDGE('',*,*,#12474,.F.);
#12476=EDGE_LOOP('',(#12437,#12445,#12453,#12461,#12469,#12475));
#12477=FACE_BOUND('',#12476,.T.);
#12478=CARTESIAN_POINT('',(-18.2932,-4.726889586,45.));
#12479=VERTEX_POINT('',#12478);
#12480=CARTESIAN_POINT('',(-16.7932,-2.128813375,45.));
#12481=VERTEX_POINT('',#12480);
#12482=CARTESIAN_POINT('',(-18.2932,-4.726889586,45.));
#12483=DIRECTION('',(0.5,0.866025404,0.));
#12484=VECTOR('',#12483,3.);
#12485=LINE('',#12482,#12484);
#12486=EDGE_CURVE('',#12479,#12481,#12485,.T.);
#12487=ORIENTED_EDGE('',*,*,#12486,.F.);
#12488=CARTESIAN_POINT('',(-21.2932,-4.726889586,45.));
#12489=VERTEX_POINT('',#12488);
#12490=CARTESIAN_POINT('',(-21.2932,-4.726889586,45.));
#12491=DIRECTION('',(1.,0.,0.));
#12492=VECTOR('',#12491,3.);
#12493=LINE('',#12490,#12492);
#12494=EDGE_CURVE('',#12489,#12479,#12493,.T.);
#12495=ORIENTED_EDGE('',*,*,#12494,.F.);
#12496=CARTESIAN_POINT('',(-22.7932,-2.128813375,45.));
#12497=VERTEX_POINT('',#12496);
#12498=CARTESIAN_POINT('',(-22.7932,-2.128813375,45.));
#12499=DIRECTION('',(0.5,-0.866025404,0.));
#12500=VECTOR('',#12499,3.);
#12501=LINE('',#12498,#12500);
#12502=EDGE_CURVE('',#12497,#12489,#12501,.T.);
#12503=ORIENTED_EDGE('',*,*,#12502,.F.);
#12504=CARTESIAN_POINT('',(-21.2932,0.469262836,45.));
#12505=VERTEX_POINT('',#12504);
#12506=CARTESIAN_POINT('',(-21.2932,0.469262836,45.));
#12507=DIRECTION('',(-0.5,-0.866025404,0.));
#12508=VECTOR('',#12507,3.);
#12509=LINE('',#12506,#12508);
#12510=EDGE_CURVE('',#12505,#12497,#12509,.T.);
#12511=ORIENTED_EDGE('',*,*,#12510,.F.);
#12512=CARTESIAN_POINT('',(-18.2932,0.469262836,45.));
#12513=VERTEX_POINT('',#12512);
#12514=CARTESIAN_POINT('',(-18.2932,0.469262836,45.));
#12515=DIRECTION('',(-1.,0.,0.));
#12516=VECTOR('',#12515,3.);
#12517=LINE('',#12514,#12516);
#12518=EDGE_CURVE('',#12513,#12505,#12517,.T.);
#12519=ORIENTED_EDGE('',*,*,#12518,.F.);
#12520=CARTESIAN_POINT('',(-16.7932,-2.128813375,45.));
#12521=DIRECTION('',(-0.5,0.866025404,0.));
#12522=VECTOR('',#12521,3.);
#12523=LINE('',#12520,#12522);
#12524=EDGE_CURVE('',#12481,#12513,#12523,.T.);
#12525=ORIENTED_EDGE('',*,*,#12524,.F.);
#12526=EDGE_LOOP('',(#12487,#12495,#12503,#12511,#12519,#12525));
#12527=FACE_BOUND('',#12526,.T.);
#12528=CARTESIAN_POINT('',(9.9828,-27.717365798,45.));
#12529=VERTEX_POINT('',#12528);
#12530=CARTESIAN_POINT('',(11.4828,-25.119289586,45.));
#12531=VERTEX_POINT('',#12530);
#12532=CARTESIAN_POINT('',(9.9828,-27.717365798,45.));
#12533=DIRECTION('',(0.5,0.866025404,0.));
#12534=VECTOR('',#12533,3.);
#12535=LINE('',#12532,#12534);
#12536=EDGE_CURVE('',#12529,#12531,#12535,.T.);
#12537=ORIENTED_EDGE('',*,*,#12536,.F.);
#12538=CARTESIAN_POINT('',(6.9828,-27.717365798,45.));
#12539=VERTEX_POINT('',#12538);
#12540=CARTESIAN_POINT('',(6.9828,-27.717365798,45.));
#12541=DIRECTION('',(1.,0.,0.));
#12542=VECTOR('',#12541,3.);
#12543=LINE('',#12540,#12542);
#12544=EDGE_CURVE('',#12539,#12529,#12543,.T.);
#12545=ORIENTED_EDGE('',*,*,#12544,.F.);
#12546=CARTESIAN_POINT('',(5.4828,-25.119289586,45.));
#12547=VERTEX_POINT('',#12546);
#12548=CARTESIAN_POINT('',(5.4828,-25.119289586,45.));
#12549=DIRECTION('',(0.5,-0.866025404,0.));
#12550=VECTOR('',#12549,3.);
#12551=LINE('',#12548,#12550);
#12552=EDGE_CURVE('',#12547,#12539,#12551,.T.);
#12553=ORIENTED_EDGE('',*,*,#12552,.F.);
#12554=CARTESIAN_POINT('',(6.9828,-22.521213375,45.));
#12555=VERTEX_POINT('',#12554);
#12556=CARTESIAN_POINT('',(6.9828,-22.521213375,45.));
#12557=DIRECTION('',(-0.5,-0.866025404,0.));
#12558=VECTOR('',#12557,3.);
#12559=LINE('',#12556,#12558);
#12560=EDGE_CURVE('',#12555,#12547,#12559,.T.);
#12561=ORIENTED_EDGE('',*,*,#12560,.F.);
#12562=CARTESIAN_POINT('',(9.9828,-22.521213375,45.));
#12563=VERTEX_POINT('',#12562);
#12564=CARTESIAN_POINT('',(9.9828,-22.521213375,45.));
#12565=DIRECTION('',(-1.,0.,0.));
#12566=VECTOR('',#12565,3.);
#12567=LINE('',#12564,#12566);
#12568=EDGE_CURVE('',#12563,#12555,#12567,.T.);
#12569=ORIENTED_EDGE('',*,*,#12568,.F.);
#12570=CARTESIAN_POINT('',(11.4828,-25.119289586,45.));
#12571=DIRECTION('',(-0.5,0.866025404,0.));
#12572=VECTOR('',#12571,3.);
#12573=LINE('',#12570,#12572);
#12574=EDGE_CURVE('',#12531,#12563,#12573,.T.);
#12575=ORIENTED_EDGE('',*,*,#12574,.F.);
#12576=EDGE_LOOP('',(#12537,#12545,#12553,#12561,#12569,#12575));
#12577=FACE_BOUND('',#12576,.T.);
#12578=CARTESIAN_POINT('',(15.638,-23.119289586,45.));
#12579=VERTEX_POINT('',#12578);
#12580=CARTESIAN_POINT('',(17.138,-20.521213375,45.));
#12581=VERTEX_POINT('',#12580);
#12582=CARTESIAN_POINT('',(15.638,-23.119289586,45.));
#12583=DIRECTION('',(0.5,0.866025404,0.));
#12584=VECTOR('',#12583,3.);
#12585=LINE('',#12582,#12584);
#12586=EDGE_CURVE('',#12579,#12581,#12585,.T.);
#12587=ORIENTED_EDGE('',*,*,#12586,.F.);
#12588=CARTESIAN_POINT('',(12.638,-23.119289586,45.));
#12589=VERTEX_POINT('',#12588);
#12590=CARTESIAN_POINT('',(12.638,-23.119289586,45.));
#12591=DIRECTION('',(1.,0.,0.));
#12592=VECTOR('',#12591,3.);
#12593=LINE('',#12590,#12592);
#12594=EDGE_CURVE('',#12589,#12579,#12593,.T.);
#12595=ORIENTED_EDGE('',*,*,#12594,.F.);
#12596=CARTESIAN_POINT('',(11.138,-20.521213375,45.));
#12597=VERTEX_POINT('',#12596);
#12598=CARTESIAN_POINT('',(11.138,-20.521213375,45.));
#12599=DIRECTION('',(0.5,-0.866025404,0.));
#12600=VECTOR('',#12599,3.);
#12601=LINE('',#12598,#12600);
#12602=EDGE_CURVE('',#12597,#12589,#12601,.T.);
#12603=ORIENTED_EDGE('',*,*,#12602,.F.);
#12604=CARTESIAN_POINT('',(12.638,-17.923137164,45.));
#12605=VERTEX_POINT('',#12604);
#12606=CARTESIAN_POINT('',(12.638,-17.923137164,45.));
#12607=DIRECTION('',(-0.5,-0.866025404,0.));
#12608=VECTOR('',#12607,3.);
#12609=LINE('',#12606,#12608);
#12610=EDGE_CURVE('',#12605,#12597,#12609,.T.);
#12611=ORIENTED_EDGE('',*,*,#12610,.F.);
#12612=CARTESIAN_POINT('',(15.638,-17.923137164,45.));
#12613=VERTEX_POINT('',#12612);
#12614=CARTESIAN_POINT('',(15.638,-17.923137164,45.));
#12615=DIRECTION('',(-1.,0.,0.));
#12616=VECTOR('',#12615,3.);
#12617=LINE('',#12614,#12616);
#12618=EDGE_CURVE('',#12613,#12605,#12617,.T.);
#12619=ORIENTED_EDGE('',*,*,#12618,.F.);
#12620=CARTESIAN_POINT('',(17.138,-20.521213375,45.));
#12621=DIRECTION('',(-0.5,0.866025404,0.));
#12622=VECTOR('',#12621,3.);
#12623=LINE('',#12620,#12622);
#12624=EDGE_CURVE('',#12581,#12613,#12623,.T.);
#12625=ORIENTED_EDGE('',*,*,#12624,.F.);
#12626=EDGE_LOOP('',(#12587,#12595,#12603,#12611,#12619,#12625));
#12627=FACE_BOUND('',#12626,.T.);
#12628=CARTESIAN_POINT('',(-1.3276,-46.109765798,45.));
#12629=VERTEX_POINT('',#12628);
#12630=CARTESIAN_POINT('',(0.1724,-43.511689586,45.));
#12631=VERTEX_POINT('',#12630);
#12632=CARTESIAN_POINT('',(-1.3276,-46.109765798,45.));
#12633=DIRECTION('',(0.5,0.866025404,0.));
#12634=VECTOR('',#12633,3.);
#12635=LINE('',#12632,#12634);
#12636=EDGE_CURVE('',#12629,#12631,#12635,.T.);
#12637=ORIENTED_EDGE('',*,*,#12636,.F.);
#12638=CARTESIAN_POINT('',(-4.3276,-46.109765798,45.));
#12639=VERTEX_POINT('',#12638);
#12640=CARTESIAN_POINT('',(-4.3276,-46.109765798,45.));
#12641=DIRECTION('',(1.,0.,0.));
#12642=VECTOR('',#12641,3.);
#12643=LINE('',#12640,#12642);
#12644=EDGE_CURVE('',#12639,#12629,#12643,.T.);
#12645=ORIENTED_EDGE('',*,*,#12644,.F.);
#12646=CARTESIAN_POINT('',(-5.8276,-43.511689586,45.));
#12647=VERTEX_POINT('',#12646);
#12648=CARTESIAN_POINT('',(-5.8276,-43.511689586,45.));
#12649=DIRECTION('',(0.5,-0.866025404,0.));
#12650=VECTOR('',#12649,3.);
#12651=LINE('',#12648,#12650);
#12652=EDGE_CURVE('',#12647,#12639,#12651,.T.);
#12653=ORIENTED_EDGE('',*,*,#12652,.F.);
#12654=CARTESIAN_POINT('',(-4.3276,-40.913613375,45.));
#12655=VERTEX_POINT('',#12654);
#12656=CARTESIAN_POINT('',(-4.3276,-40.913613375,45.));
#12657=DIRECTION('',(-0.5,-0.866025404,0.));
#12658=VECTOR('',#12657,3.);
#12659=LINE('',#12656,#12658);
#12660=EDGE_CURVE('',#12655,#12647,#12659,.T.);
#12661=ORIENTED_EDGE('',*,*,#12660,.F.);
#12662=CARTESIAN_POINT('',(-1.3276,-40.913613375,45.));
#12663=VERTEX_POINT('',#12662);
#12664=CARTESIAN_POINT('',(-1.3276,-40.913613375,45.));
#12665=DIRECTION('',(-1.,0.,0.));
#12666=VECTOR('',#12665,3.);
#12667=LINE('',#12664,#12666);
#12668=EDGE_CURVE('',#12663,#12655,#12667,.T.);
#12669=ORIENTED_EDGE('',*,*,#12668,.F.);
#12670=CARTESIAN_POINT('',(0.1724,-43.511689586,45.));
#12671=DIRECTION('',(-0.5,0.866025404,0.));
#12672=VECTOR('',#12671,3.);
#12673=LINE('',#12670,#12672);
#12674=EDGE_CURVE('',#12631,#12663,#12673,.T.);
#12675=ORIENTED_EDGE('',*,*,#12674,.F.);
#12676=EDGE_LOOP('',(#12637,#12645,#12653,#12661,#12669,#12675));
#12677=FACE_BOUND('',#12676,.T.);
#12678=CARTESIAN_POINT('',(-18.2932,-32.315489586,45.));
#12679=VERTEX_POINT('',#12678);
#12680=CARTESIAN_POINT('',(-16.7932,-29.717413375,45.));
#12681=VERTEX_POINT('',#12680);
#12682=CARTESIAN_POINT('',(-18.2932,-32.315489586,45.));
#12683=DIRECTION('',(0.5,0.866025404,0.));
#12684=VECTOR('',#12683,3.);
#12685=LINE('',#12682,#12684);
#12686=EDGE_CURVE('',#12679,#12681,#12685,.T.);
#12687=ORIENTED_EDGE('',*,*,#12686,.F.);
#12688=CARTESIAN_POINT('',(-21.2932,-32.315489586,45.));
#12689=VERTEX_POINT('',#12688);
#12690=CARTESIAN_POINT('',(-21.2932,-32.315489586,45.));
#12691=DIRECTION('',(1.,0.,0.));
#12692=VECTOR('',#12691,3.);
#12693=LINE('',#12690,#12692);
#12694=EDGE_CURVE('',#12689,#12679,#12693,.T.);
#12695=ORIENTED_EDGE('',*,*,#12694,.F.);
#12696=CARTESIAN_POINT('',(-22.7932,-29.717413375,45.));
#12697=VERTEX_POINT('',#12696);
#12698=CARTESIAN_POINT('',(-22.7932,-29.717413375,45.));
#12699=DIRECTION('',(0.5,-0.866025404,0.));
#12700=VECTOR('',#12699,3.);
#12701=LINE('',#12698,#12700);
#12702=EDGE_CURVE('',#12697,#12689,#12701,.T.);
#12703=ORIENTED_EDGE('',*,*,#12702,.F.);
#12704=CARTESIAN_POINT('',(-21.2932,-27.119337164,45.));
#12705=VERTEX_POINT('',#12704);
#12706=CARTESIAN_POINT('',(-21.2932,-27.119337164,45.));
#12707=DIRECTION('',(-0.5,-0.866025404,0.));
#12708=VECTOR('',#12707,3.);
#12709=LINE('',#12706,#12708);
#12710=EDGE_CURVE('',#12705,#12697,#12709,.T.);
#12711=ORIENTED_EDGE('',*,*,#12710,.F.);
#12712=CARTESIAN_POINT('',(-18.2932,-27.119337164,45.));
#12713=VERTEX_POINT('',#12712);
#12714=CARTESIAN_POINT('',(-18.2932,-27.119337164,45.));
#12715=DIRECTION('',(-1.,0.,0.));
#12716=VECTOR('',#12715,3.);
#12717=LINE('',#12714,#12716);
#12718=EDGE_CURVE('',#12713,#12705,#12717,.T.);
#12719=ORIENTED_EDGE('',*,*,#12718,.F.);
#12720=CARTESIAN_POINT('',(-16.7932,-29.717413375,45.));
#12721=DIRECTION('',(-0.5,0.866025404,0.));
#12722=VECTOR('',#12721,3.);
#12723=LINE('',#12720,#12722);
#12724=EDGE_CURVE('',#12681,#12713,#12723,.T.);
#12725=ORIENTED_EDGE('',*,*,#12724,.F.);
#12726=EDGE_LOOP('',(#12687,#12695,#12703,#12711,#12719,#12725));
#12727=FACE_BOUND('',#12726,.T.);
#12728=CARTESIAN_POINT('',(-12.638,-18.521165798,45.));
#12729=VERTEX_POINT('',#12728);
#12730=CARTESIAN_POINT('',(-11.138,-15.923089586,45.));
#12731=VERTEX_POINT('',#12730);
#12732=CARTESIAN_POINT('',(-12.638,-18.521165798,45.));
#12733=DIRECTION('',(0.5,0.866025404,0.));
#12734=VECTOR('',#12733,3.);
#12735=LINE('',#12732,#12734);
#12736=EDGE_CURVE('',#12729,#12731,#12735,.T.);
#12737=ORIENTED_EDGE('',*,*,#12736,.F.);
#12738=CARTESIAN_POINT('',(-15.638,-18.521165798,45.));
#12739=VERTEX_POINT('',#12738);
#12740=CARTESIAN_POINT('',(-15.638,-18.521165798,45.));
#12741=DIRECTION('',(1.,0.,0.));
#12742=VECTOR('',#12741,3.);
#12743=LINE('',#12740,#12742);
#12744=EDGE_CURVE('',#12739,#12729,#12743,.T.);
#12745=ORIENTED_EDGE('',*,*,#12744,.F.);
#12746=CARTESIAN_POINT('',(-17.138,-15.923089586,45.));
#12747=VERTEX_POINT('',#12746);
#12748=CARTESIAN_POINT('',(-17.138,-15.923089586,45.));
#12749=DIRECTION('',(0.5,-0.866025404,0.));
#12750=VECTOR('',#12749,3.);
#12751=LINE('',#12748,#12750);
#12752=EDGE_CURVE('',#12747,#12739,#12751,.T.);
#12753=ORIENTED_EDGE('',*,*,#12752,.F.);
#12754=CARTESIAN_POINT('',(-15.638,-13.325013375,45.));
#12755=VERTEX_POINT('',#12754);
#12756=CARTESIAN_POINT('',(-15.638,-13.325013375,45.));
#12757=DIRECTION('',(-0.5,-0.866025404,0.));
#12758=VECTOR('',#12757,3.);
#12759=LINE('',#12756,#12758);
#12760=EDGE_CURVE('',#12755,#12747,#12759,.T.);
#12761=ORIENTED_EDGE('',*,*,#12760,.F.);
#12762=CARTESIAN_POINT('',(-12.638,-13.325013375,45.));
#12763=VERTEX_POINT('',#12762);
#12764=CARTESIAN_POINT('',(-12.638,-13.325013375,45.));
#12765=DIRECTION('',(-1.,0.,0.));
#12766=VECTOR('',#12765,3.);
#12767=LINE('',#12764,#12766);
#12768=EDGE_CURVE('',#12763,#12755,#12767,.T.);
#12769=ORIENTED_EDGE('',*,*,#12768,.F.);
#12770=CARTESIAN_POINT('',(-11.138,-15.923089586,45.));
#12771=DIRECTION('',(-0.5,0.866025404,0.));
#12772=VECTOR('',#12771,3.);
#12773=LINE('',#12770,#12772);
#12774=EDGE_CURVE('',#12731,#12763,#12773,.T.);
#12775=ORIENTED_EDGE('',*,*,#12774,.F.);
#12776=EDGE_LOOP('',(#12737,#12745,#12753,#12761,#12769,#12775));
#12777=FACE_BOUND('',#12776,.T.);
#12778=CARTESIAN_POINT('',(21.2932,-36.913565798,45.));
#12779=VERTEX_POINT('',#12778);
#12780=CARTESIAN_POINT('',(22.7932,-34.315489586,45.));
#12781=VERTEX_POINT('',#12780);
#12782=CARTESIAN_POINT('',(21.2932,-36.913565798,45.));
#12783=DIRECTION('',(0.5,0.866025404,0.));
#12784=VECTOR('',#12783,3.);
#12785=LINE('',#12782,#12784);
#12786=EDGE_CURVE('',#12779,#12781,#12785,.T.);
#12787=ORIENTED_EDGE('',*,*,#12786,.F.);
#12788=CARTESIAN_POINT('',(18.2932,-36.913565798,45.));
#12789=VERTEX_POINT('',#12788);
#12790=CARTESIAN_POINT('',(18.2932,-36.913565798,45.));
#12791=DIRECTION('',(1.,0.,0.));
#12792=VECTOR('',#12791,3.);
#12793=LINE('',#12790,#12792);
#12794=EDGE_CURVE('',#12789,#12779,#12793,.T.);
#12795=ORIENTED_EDGE('',*,*,#12794,.F.);
#12796=CARTESIAN_POINT('',(16.7932,-34.315489586,45.));
#12797=VERTEX_POINT('',#12796);
#12798=CARTESIAN_POINT('',(16.7932,-34.315489586,45.));
#12799=DIRECTION('',(0.5,-0.866025404,0.));
#12800=VECTOR('',#12799,3.);
#12801=LINE('',#12798,#12800);
#12802=EDGE_CURVE('',#12797,#12789,#12801,.T.);
#12803=ORIENTED_EDGE('',*,*,#12802,.F.);
#12804=CARTESIAN_POINT('',(18.2932,-31.717413375,45.));
#12805=VERTEX_POINT('',#12804);
#12806=CARTESIAN_POINT('',(18.2932,-31.717413375,45.));
#12807=DIRECTION('',(-0.5,-0.866025404,0.));
#12808=VECTOR('',#12807,3.);
#12809=LINE('',#12806,#12808);
#12810=EDGE_CURVE('',#12805,#12797,#12809,.T.);
#12811=ORIENTED_EDGE('',*,*,#12810,.F.);
#12812=CARTESIAN_POINT('',(21.2932,-31.717413375,45.));
#12813=VERTEX_POINT('',#12812);
#12814=CARTESIAN_POINT('',(21.2932,-31.717413375,45.));
#12815=DIRECTION('',(-1.,0.,0.));
#12816=VECTOR('',#12815,3.);
#12817=LINE('',#12814,#12816);
#12818=EDGE_CURVE('',#12813,#12805,#12817,.T.);
#12819=ORIENTED_EDGE('',*,*,#12818,.F.);
#12820=CARTESIAN_POINT('',(22.7932,-34.315489586,45.));
#12821=DIRECTION('',(-0.5,0.866025404,0.));
#12822=VECTOR('',#12821,3.);
#12823=LINE('',#12820,#12822);
#12824=EDGE_CURVE('',#12781,#12813,#12823,.T.);
#12825=ORIENTED_EDGE('',*,*,#12824,.F.);
#12826=EDGE_LOOP('',(#12787,#12795,#12803,#12811,#12819,#12825));
#12827=FACE_BOUND('',#12826,.T.);
#12828=CARTESIAN_POINT('',(-12.638,-46.109765798,45.));
#12829=VERTEX_POINT('',#12828);
#12830=CARTESIAN_POINT('',(-11.138,-43.511689586,45.));
#12831=VERTEX_POINT('',#12830);
#12832=CARTESIAN_POINT('',(-12.638,-46.109765798,45.));
#12833=DIRECTION('',(0.5,0.866025404,0.));
#12834=VECTOR('',#12833,3.);
#12835=LINE('',#12832,#12834);
#12836=EDGE_CURVE('',#12829,#12831,#12835,.T.);
#12837=ORIENTED_EDGE('',*,*,#12836,.F.);
#12838=CARTESIAN_POINT('',(-15.638,-46.109765798,45.));
#12839=VERTEX_POINT('',#12838);
#12840=CARTESIAN_POINT('',(-15.638,-46.109765798,45.));
#12841=DIRECTION('',(1.,0.,0.));
#12842=VECTOR('',#12841,3.);
#12843=LINE('',#12840,#12842);
#12844=EDGE_CURVE('',#12839,#12829,#12843,.T.);
#12845=ORIENTED_EDGE('',*,*,#12844,.F.);
#12846=CARTESIAN_POINT('',(-17.138,-43.511689586,45.));
#12847=VERTEX_POINT('',#12846);
#12848=CARTESIAN_POINT('',(-17.138,-43.511689586,45.));
#12849=DIRECTION('',(0.5,-0.866025404,0.));
#12850=VECTOR('',#12849,3.);
#12851=LINE('',#12848,#12850);
#12852=EDGE_CURVE('',#12847,#12839,#12851,.T.);
#12853=ORIENTED_EDGE('',*,*,#12852,.F.);
#12854=CARTESIAN_POINT('',(-15.638,-40.913613375,45.));
#12855=VERTEX_POINT('',#12854);
#12856=CARTESIAN_POINT('',(-15.638,-40.913613375,45.));
#12857=DIRECTION('',(-0.5,-0.866025404,0.));
#12858=VECTOR('',#12857,3.);
#12859=LINE('',#12856,#12858);
#12860=EDGE_CURVE('',#12855,#12847,#12859,.T.);
#12861=ORIENTED_EDGE('',*,*,#12860,.F.);
#12862=CARTESIAN_POINT('',(-12.638,-40.913613375,45.));
#12863=VERTEX_POINT('',#12862);
#12864=CARTESIAN_POINT('',(-12.638,-40.913613375,45.));
#12865=DIRECTION('',(-1.,0.,0.));
#12866=VECTOR('',#12865,3.);
#12867=LINE('',#12864,#12866);
#12868=EDGE_CURVE('',#12863,#12855,#12867,.T.);
#12869=ORIENTED_EDGE('',*,*,#12868,.F.);
#12870=CARTESIAN_POINT('',(-11.138,-43.511689586,45.));
#12871=DIRECTION('',(-0.5,0.866025404,0.));
#12872=VECTOR('',#12871,3.);
#12873=LINE('',#12870,#12872);
#12874=EDGE_CURVE('',#12831,#12863,#12873,.T.);
#12875=ORIENTED_EDGE('',*,*,#12874,.F.);
#12876=EDGE_LOOP('',(#12837,#12845,#12853,#12861,#12869,#12875));
#12877=FACE_BOUND('',#12876,.T.);
#12878=CARTESIAN_POINT('',(-12.638,-0.128765798,45.));
#12879=VERTEX_POINT('',#12878);
#12880=CARTESIAN_POINT('',(-11.138,2.469310414,45.));
#12881=VERTEX_POINT('',#12880);
#12882=CARTESIAN_POINT('',(-12.638,-0.128765798,45.));
#12883=DIRECTION('',(0.5,0.866025404,0.));
#12884=VECTOR('',#12883,3.);
#12885=LINE('',#12882,#12884);
#12886=EDGE_CURVE('',#12879,#12881,#12885,.T.);
#12887=ORIENTED_EDGE('',*,*,#12886,.F.);
#12888=CARTESIAN_POINT('',(-15.638,-0.128765798,45.));
#12889=VERTEX_POINT('',#12888);
#12890=CARTESIAN_POINT('',(-15.638,-0.128765798,45.));
#12891=DIRECTION('',(1.,0.,0.));
#12892=VECTOR('',#12891,3.);
#12893=LINE('',#12890,#12892);
#12894=EDGE_CURVE('',#12889,#12879,#12893,.T.);
#12895=ORIENTED_EDGE('',*,*,#12894,.F.);
#12896=CARTESIAN_POINT('',(-17.138,2.469310414,45.));
#12897=VERTEX_POINT('',#12896);
#12898=CARTESIAN_POINT('',(-17.138,2.469310414,45.));
#12899=DIRECTION('',(0.5,-0.866025404,0.));
#12900=VECTOR('',#12899,3.);
#12901=LINE('',#12898,#12900);
#12902=EDGE_CURVE('',#12897,#12889,#12901,.T.);
#12903=ORIENTED_EDGE('',*,*,#12902,.F.);
#12904=CARTESIAN_POINT('',(-15.638,5.067386625,45.));
#12905=VERTEX_POINT('',#12904);
#12906=CARTESIAN_POINT('',(-15.638,5.067386625,45.));
#12907=DIRECTION('',(-0.5,-0.866025404,0.));
#12908=VECTOR('',#12907,3.);
#12909=LINE('',#12906,#12908);
#12910=EDGE_CURVE('',#12905,#12897,#12909,.T.);
#12911=ORIENTED_EDGE('',*,*,#12910,.F.);
#12912=CARTESIAN_POINT('',(-12.638,5.067386625,45.));
#12913=VERTEX_POINT('',#12912);
#12914=CARTESIAN_POINT('',(-12.638,5.067386625,45.));
#12915=DIRECTION('',(-1.,0.,0.));
#12916=VECTOR('',#12915,3.);
#12917=LINE('',#12914,#12916);
#12918=EDGE_CURVE('',#12913,#12905,#12917,.T.);
#12919=ORIENTED_EDGE('',*,*,#12918,.F.);
#12920=CARTESIAN_POINT('',(-11.138,2.469310414,45.));
#12921=DIRECTION('',(-0.5,0.866025404,0.));
#12922=VECTOR('',#12921,3.);
#12923=LINE('',#12920,#12922);
#12924=EDGE_CURVE('',#12881,#12913,#12923,.T.);
#12925=ORIENTED_EDGE('',*,*,#12924,.F.);
#12926=EDGE_LOOP('',(#12887,#12895,#12903,#12911,#12919,#12925));
#12927=FACE_BOUND('',#12926,.T.);
#12928=CARTESIAN_POINT('',(-6.9828,-41.511689586,45.));
#12929=VERTEX_POINT('',#12928);
#12930=CARTESIAN_POINT('',(-5.4828,-38.913613375,45.));
#12931=VERTEX_POINT('',#12930);
#12932=CARTESIAN_POINT('',(-6.9828,-41.511689586,45.));
#12933=DIRECTION('',(0.5,0.866025404,0.));
#12934=VECTOR('',#12933,3.);
#12935=LINE('',#12932,#12934);
#12936=EDGE_CURVE('',#12929,#12931,#12935,.T.);
#12937=ORIENTED_EDGE('',*,*,#12936,.F.);
#12938=CARTESIAN_POINT('',(-9.9828,-41.511689586,45.));
#12939=VERTEX_POINT('',#12938);
#12940=CARTESIAN_POINT('',(-9.9828,-41.511689586,45.));
#12941=DIRECTION('',(1.,0.,0.));
#12942=VECTOR('',#12941,3.);
#12943=LINE('',#12940,#12942);
#12944=EDGE_CURVE('',#12939,#12929,#12943,.T.);
#12945=ORIENTED_EDGE('',*,*,#12944,.F.);
#12946=CARTESIAN_POINT('',(-11.4828,-38.913613375,45.));
#12947=VERTEX_POINT('',#12946);
#12948=CARTESIAN_POINT('',(-11.4828,-38.913613375,45.));
#12949=DIRECTION('',(0.5,-0.866025404,0.));
#12950=VECTOR('',#12949,3.);
#12951=LINE('',#12948,#12950);
#12952=EDGE_CURVE('',#12947,#12939,#12951,.T.);
#12953=ORIENTED_EDGE('',*,*,#12952,.F.);
#12954=CARTESIAN_POINT('',(-9.9828,-36.315537164,45.));
#12955=VERTEX_POINT('',#12954);
#12956=CARTESIAN_POINT('',(-9.9828,-36.315537164,45.));
#12957=DIRECTION('',(-0.5,-0.866025404,0.));
#12958=VECTOR('',#12957,3.);
#12959=LINE('',#12956,#12958);
#12960=EDGE_CURVE('',#12955,#12947,#12959,.T.);
#12961=ORIENTED_EDGE('',*,*,#12960,.F.);
#12962=CARTESIAN_POINT('',(-6.9828,-36.315537164,45.));
#12963=VERTEX_POINT('',#12962);
#12964=CARTESIAN_POINT('',(-6.9828,-36.315537164,45.));
#12965=DIRECTION('',(-1.,0.,0.));
#12966=VECTOR('',#12965,3.);
#12967=LINE('',#12964,#12966);
#12968=EDGE_CURVE('',#12963,#12955,#12967,.T.);
#12969=ORIENTED_EDGE('',*,*,#12968,.F.);
#12970=CARTESIAN_POINT('',(-5.4828,-38.913613375,45.));
#12971=DIRECTION('',(-0.5,0.866025404,0.));
#12972=VECTOR('',#12971,3.);
#12973=LINE('',#12970,#12972);
#12974=EDGE_CURVE('',#12931,#12963,#12973,.T.);
#12975=ORIENTED_EDGE('',*,*,#12974,.F.);
#12976=EDGE_LOOP('',(#12937,#12945,#12953,#12961,#12969,#12975));
#12977=FACE_BOUND('',#12976,.T.);
#12978=CARTESIAN_POINT('',(9.9828,9.067434202,45.));
#12979=VERTEX_POINT('',#12978);
#12980=CARTESIAN_POINT('',(11.4828,11.665510414,45.));
#12981=VERTEX_POINT('',#12980);
#12982=CARTESIAN_POINT('',(9.9828,9.067434202,45.));
#12983=DIRECTION('',(0.5,0.866025404,0.));
#12984=VECTOR('',#12983,3.);
#12985=LINE('',#12982,#12984);
#12986=EDGE_CURVE('',#12979,#12981,#12985,.T.);
#12987=ORIENTED_EDGE('',*,*,#12986,.F.);
#12988=CARTESIAN_POINT('',(6.9828,9.067434202,45.));
#12989=VERTEX_POINT('',#12988);
#12990=CARTESIAN_POINT('',(6.9828,9.067434202,45.));
#12991=DIRECTION('',(1.,0.,0.));
#12992=VECTOR('',#12991,3.);
#12993=LINE('',#12990,#12992);
#12994=EDGE_CURVE('',#12989,#12979,#12993,.T.);
#12995=ORIENTED_EDGE('',*,*,#12994,.F.);
#12996=CARTESIAN_POINT('',(5.4828,11.665510414,45.));
#12997=VERTEX_POINT('',#12996);
#12998=CARTESIAN_POINT('',(5.4828,11.665510414,45.));
#12999=DIRECTION('',(0.5,-0.866025404,0.));
#13000=VECTOR('',#12999,3.);
#13001=LINE('',#12998,#13000);
#13002=EDGE_CURVE('',#12997,#12989,#13001,.T.);
#13003=ORIENTED_EDGE('',*,*,#13002,.F.);
#13004=CARTESIAN_POINT('',(6.9828,14.263586625,45.));
#13005=VERTEX_POINT('',#13004);
#13006=CARTESIAN_POINT('',(6.9828,14.263586625,45.));
#13007=DIRECTION('',(-0.5,-0.866025404,0.));
#13008=VECTOR('',#13007,3.);
#13009=LINE('',#13006,#13008);
#13010=EDGE_CURVE('',#13005,#12997,#13009,.T.);
#13011=ORIENTED_EDGE('',*,*,#13010,.F.);
#13012=CARTESIAN_POINT('',(9.9828,14.263586625,45.));
#13013=VERTEX_POINT('',#13012);
#13014=CARTESIAN_POINT('',(9.9828,14.263586625,45.));
#13015=DIRECTION('',(-1.,0.,0.));
#13016=VECTOR('',#13015,3.);
#13017=LINE('',#13014,#13016);
#13018=EDGE_CURVE('',#13013,#13005,#13017,.T.);
#13019=ORIENTED_EDGE('',*,*,#13018,.F.);
#13020=CARTESIAN_POINT('',(11.4828,11.665510414,45.));
#13021=DIRECTION('',(-0.5,0.866025404,0.));
#13022=VECTOR('',#13021,3.);
#13023=LINE('',#13020,#13022);
#13024=EDGE_CURVE('',#12981,#13013,#13023,.T.);
#13025=ORIENTED_EDGE('',*,*,#13024,.F.);
#13026=EDGE_LOOP('',(#12987,#12995,#13003,#13011,#13019,#13025));
#13027=FACE_BOUND('',#13026,.T.);
#13028=CARTESIAN_POINT('',(21.2932,-18.521165798,45.));
#13029=VERTEX_POINT('',#13028);
#13030=CARTESIAN_POINT('',(22.7932,-15.923089586,45.));
#13031=VERTEX_POINT('',#13030);
#13032=CARTESIAN_POINT('',(21.2932,-18.521165798,45.));
#13033=DIRECTION('',(0.5,0.866025404,0.));
#13034=VECTOR('',#13033,3.);
#13035=LINE('',#13032,#13034);
#13036=EDGE_CURVE('',#13029,#13031,#13035,.T.);
#13037=ORIENTED_EDGE('',*,*,#13036,.F.);
#13038=CARTESIAN_POINT('',(18.2932,-18.521165798,45.));
#13039=VERTEX_POINT('',#13038);
#13040=CARTESIAN_POINT('',(18.2932,-18.521165798,45.));
#13041=DIRECTION('',(1.,0.,0.));
#13042=VECTOR('',#13041,3.);
#13043=LINE('',#13040,#13042);
#13044=EDGE_CURVE('',#13039,#13029,#13043,.T.);
#13045=ORIENTED_EDGE('',*,*,#13044,.F.);
#13046=CARTESIAN_POINT('',(16.7932,-15.923089586,45.));
#13047=VERTEX_POINT('',#13046);
#13048=CARTESIAN_POINT('',(16.7932,-15.923089586,45.));
#13049=DIRECTION('',(0.5,-0.866025404,0.));
#13050=VECTOR('',#13049,3.);
#13051=LINE('',#13048,#13050);
#13052=EDGE_CURVE('',#13047,#13039,#13051,.T.);
#13053=ORIENTED_EDGE('',*,*,#13052,.F.);
#13054=CARTESIAN_POINT('',(18.2932,-13.325013375,45.));
#13055=VERTEX_POINT('',#13054);
#13056=CARTESIAN_POINT('',(18.2932,-13.325013375,45.));
#13057=DIRECTION('',(-0.5,-0.866025404,0.));
#13058=VECTOR('',#13057,3.);
#13059=LINE('',#13056,#13058);
#13060=EDGE_CURVE('',#13055,#13047,#13059,.T.);
#13061=ORIENTED_EDGE('',*,*,#13060,.F.);
#13062=CARTESIAN_POINT('',(21.2932,-13.325013375,45.));
#13063=VERTEX_POINT('',#13062);
#13064=CARTESIAN_POINT('',(21.2932,-13.325013375,45.));
#13065=DIRECTION('',(-1.,0.,0.));
#13066=VECTOR('',#13065,3.);
#13067=LINE('',#13064,#13066);
#13068=EDGE_CURVE('',#13063,#13055,#13067,.T.);
#13069=ORIENTED_EDGE('',*,*,#13068,.F.);
#13070=CARTESIAN_POINT('',(22.7932,-15.923089586,45.));
#13071=DIRECTION('',(-0.5,0.866025404,0.));
#13072=VECTOR('',#13071,3.);
#13073=LINE('',#13070,#13072);
#13074=EDGE_CURVE('',#13031,#13063,#13073,.T.);
#13075=ORIENTED_EDGE('',*,*,#13074,.F.);
#13076=EDGE_LOOP('',(#13037,#13045,#13053,#13061,#13069,#13075));
#13077=FACE_BOUND('',#13076,.T.);
#13078=CARTESIAN_POINT('',(-12.638,9.067434202,45.));
#13079=VERTEX_POINT('',#13078);
#13080=CARTESIAN_POINT('',(-11.138,11.665510414,45.));
#13081=VERTEX_POINT('',#13080);
#13082=CARTESIAN_POINT('',(-12.638,9.067434202,45.));
#13083=DIRECTION('',(0.5,0.866025404,0.));
#13084=VECTOR('',#13083,3.);
#13085=LINE('',#13082,#13084);
#13086=EDGE_CURVE('',#13079,#13081,#13085,.T.);
#13087=ORIENTED_EDGE('',*,*,#13086,.F.);
#13088=CARTESIAN_POINT('',(-15.638,9.067434202,45.));
#13089=VERTEX_POINT('',#13088);
#13090=CARTESIAN_POINT('',(-15.638,9.067434202,45.));
#13091=DIRECTION('',(1.,0.,0.));
#13092=VECTOR('',#13091,3.);
#13093=LINE('',#13090,#13092);
#13094=EDGE_CURVE('',#13089,#13079,#13093,.T.);
#13095=ORIENTED_EDGE('',*,*,#13094,.F.);
#13096=CARTESIAN_POINT('',(-17.138,11.665510414,45.));
#13097=VERTEX_POINT('',#13096);
#13098=CARTESIAN_POINT('',(-17.138,11.665510414,45.));
#13099=DIRECTION('',(0.5,-0.866025404,0.));
#13100=VECTOR('',#13099,3.);
#13101=LINE('',#13098,#13100);
#13102=EDGE_CURVE('',#13097,#13089,#13101,.T.);
#13103=ORIENTED_EDGE('',*,*,#13102,.F.);
#13104=CARTESIAN_POINT('',(-15.638,14.263586625,45.));
#13105=VERTEX_POINT('',#13104);
#13106=CARTESIAN_POINT('',(-15.638,14.263586625,45.));
#13107=DIRECTION('',(-0.5,-0.866025404,0.));
#13108=VECTOR('',#13107,3.);
#13109=LINE('',#13106,#13108);
#13110=EDGE_CURVE('',#13105,#13097,#13109,.T.);
#13111=ORIENTED_EDGE('',*,*,#13110,.F.);
#13112=CARTESIAN_POINT('',(-12.638,14.263586625,45.));
#13113=VERTEX_POINT('',#13112);
#13114=CARTESIAN_POINT('',(-12.638,14.263586625,45.));
#13115=DIRECTION('',(-1.,0.,0.));
#13116=VECTOR('',#13115,3.);
#13117=LINE('',#13114,#13116);
#13118=EDGE_CURVE('',#13113,#13105,#13117,.T.);
#13119=ORIENTED_EDGE('',*,*,#13118,.F.);
#13120=CARTESIAN_POINT('',(-11.138,11.665510414,45.));
#13121=DIRECTION('',(-0.5,0.866025404,0.));
#13122=VECTOR('',#13121,3.);
#13123=LINE('',#13120,#13122);
#13124=EDGE_CURVE('',#13081,#13113,#13123,.T.);
#13125=ORIENTED_EDGE('',*,*,#13124,.F.);
#13126=EDGE_LOOP('',(#13087,#13095,#13103,#13111,#13119,#13125));
#13127=FACE_BOUND('',#13126,.T.);
#13128=CARTESIAN_POINT('',(21.2932,-27.717365798,45.));
#13129=VERTEX_POINT('',#13128);
#13130=CARTESIAN_POINT('',(22.7932,-25.119289586,45.));
#13131=VERTEX_POINT('',#13130);
#13132=CARTESIAN_POINT('',(21.2932,-27.717365798,45.));
#13133=DIRECTION('',(0.5,0.866025404,0.));
#13134=VECTOR('',#13133,3.);
#13135=LINE('',#13132,#13134);
#13136=EDGE_CURVE('',#13129,#13131,#13135,.T.);
#13137=ORIENTED_EDGE('',*,*,#13136,.F.);
#13138=CARTESIAN_POINT('',(18.2932,-27.717365798,45.));
#13139=VERTEX_POINT('',#13138);
#13140=CARTESIAN_POINT('',(18.2932,-27.717365798,45.));
#13141=DIRECTION('',(1.,0.,0.));
#13142=VECTOR('',#13141,3.);
#13143=LINE('',#13140,#13142);
#13144=EDGE_CURVE('',#13139,#13129,#13143,.T.);
#13145=ORIENTED_EDGE('',*,*,#13144,.F.);
#13146=CARTESIAN_POINT('',(16.7932,-25.119289586,45.));
#13147=VERTEX_POINT('',#13146);
#13148=CARTESIAN_POINT('',(16.7932,-25.119289586,45.));
#13149=DIRECTION('',(0.5,-0.866025404,0.));
#13150=VECTOR('',#13149,3.);
#13151=LINE('',#13148,#13150);
#13152=EDGE_CURVE('',#13147,#13139,#13151,.T.);
#13153=ORIENTED_EDGE('',*,*,#13152,.F.);
#13154=CARTESIAN_POINT('',(18.2932,-22.521213375,45.));
#13155=VERTEX_POINT('',#13154);
#13156=CARTESIAN_POINT('',(18.2932,-22.521213375,45.));
#13157=DIRECTION('',(-0.5,-0.866025404,0.));
#13158=VECTOR('',#13157,3.);
#13159=LINE('',#13156,#13158);
#13160=EDGE_CURVE('',#13155,#13147,#13159,.T.);
#13161=ORIENTED_EDGE('',*,*,#13160,.F.);
#13162=CARTESIAN_POINT('',(21.2932,-22.521213375,45.));
#13163=VERTEX_POINT('',#13162);
#13164=CARTESIAN_POINT('',(21.2932,-22.521213375,45.));
#13165=DIRECTION('',(-1.,0.,0.));
#13166=VECTOR('',#13165,3.);
#13167=LINE('',#13164,#13166);
#13168=EDGE_CURVE('',#13163,#13155,#13167,.T.);
#13169=ORIENTED_EDGE('',*,*,#13168,.F.);
#13170=CARTESIAN_POINT('',(22.7932,-25.119289586,45.));
#13171=DIRECTION('',(-0.5,0.866025404,0.));
#13172=VECTOR('',#13171,3.);
#13173=LINE('',#13170,#13172);
#13174=EDGE_CURVE('',#13131,#13163,#13173,.T.);
#13175=ORIENTED_EDGE('',*,*,#13174,.F.);
#13176=EDGE_LOOP('',(#13137,#13145,#13153,#13161,#13169,#13175));
#13177=FACE_BOUND('',#13176,.T.);
#13178=CARTESIAN_POINT('',(15.638,-32.315489586,45.));
#13179=VERTEX_POINT('',#13178);
#13180=CARTESIAN_POINT('',(17.138,-29.717413375,45.));
#13181=VERTEX_POINT('',#13180);
#13182=CARTESIAN_POINT('',(15.638,-32.315489586,45.));
#13183=DIRECTION('',(0.5,0.866025404,0.));
#13184=VECTOR('',#13183,3.);
#13185=LINE('',#13182,#13184);
#13186=EDGE_CURVE('',#13179,#13181,#13185,.T.);
#13187=ORIENTED_EDGE('',*,*,#13186,.F.);
#13188=CARTESIAN_POINT('',(12.638,-32.315489586,45.));
#13189=VERTEX_POINT('',#13188);
#13190=CARTESIAN_POINT('',(12.638,-32.315489586,45.));
#13191=DIRECTION('',(1.,0.,-0.));
#13192=VECTOR('',#13191,3.);
#13193=LINE('',#13190,#13192);
#13194=EDGE_CURVE('',#13189,#13179,#13193,.T.);
#13195=ORIENTED_EDGE('',*,*,#13194,.F.);
#13196=CARTESIAN_POINT('',(11.138,-29.717413375,45.));
#13197=VERTEX_POINT('',#13196);
#13198=CARTESIAN_POINT('',(11.138,-29.717413375,45.));
#13199=DIRECTION('',(0.5,-0.866025404,0.));
#13200=VECTOR('',#13199,3.);
#13201=LINE('',#13198,#13200);
#13202=EDGE_CURVE('',#13197,#13189,#13201,.T.);
#13203=ORIENTED_EDGE('',*,*,#13202,.F.);
#13204=CARTESIAN_POINT('',(12.638,-27.119337164,45.));
#13205=VERTEX_POINT('',#13204);
#13206=CARTESIAN_POINT('',(12.638,-27.119337164,45.));
#13207=DIRECTION('',(-0.5,-0.866025404,0.));
#13208=VECTOR('',#13207,3.);
#13209=LINE('',#13206,#13208);
#13210=EDGE_CURVE('',#13205,#13197,#13209,.T.);
#13211=ORIENTED_EDGE('',*,*,#13210,.F.);
#13212=CARTESIAN_POINT('',(15.638,-27.119337164,45.));
#13213=VERTEX_POINT('',#13212);
#13214=CARTESIAN_POINT('',(15.638,-27.119337164,45.));
#13215=DIRECTION('',(-1.,0.,0.));
#13216=VECTOR('',#13215,3.);
#13217=LINE('',#13214,#13216);
#13218=EDGE_CURVE('',#13213,#13205,#13217,.T.);
#13219=ORIENTED_EDGE('',*,*,#13218,.F.);
#13220=CARTESIAN_POINT('',(17.138,-29.717413375,45.));
#13221=DIRECTION('',(-0.5,0.866025404,0.));
#13222=VECTOR('',#13221,3.);
#13223=LINE('',#13220,#13222);
#13224=EDGE_CURVE('',#13181,#13213,#13223,.T.);
#13225=ORIENTED_EDGE('',*,*,#13224,.F.);
#13226=EDGE_LOOP('',(#13187,#13195,#13203,#13211,#13219,#13225));
#13227=FACE_BOUND('',#13226,.T.);
#13228=CARTESIAN_POINT('',(15.638,22.861710414,45.));
#13229=VERTEX_POINT('',#13228);
#13230=CARTESIAN_POINT('',(17.138,25.459786625,45.));
#13231=VERTEX_POINT('',#13230);
#13232=CARTESIAN_POINT('',(15.638,22.861710414,45.));
#13233=DIRECTION('',(0.5,0.866025404,0.));
#13234=VECTOR('',#13233,3.);
#13235=LINE('',#13232,#13234);
#13236=EDGE_CURVE('',#13229,#13231,#13235,.T.);
#13237=ORIENTED_EDGE('',*,*,#13236,.F.);
#13238=CARTESIAN_POINT('',(12.638,22.861710414,45.));
#13239=VERTEX_POINT('',#13238);
#13240=CARTESIAN_POINT('',(12.638,22.861710414,45.));
#13241=DIRECTION('',(1.,0.,0.));
#13242=VECTOR('',#13241,3.);
#13243=LINE('',#13240,#13242);
#13244=EDGE_CURVE('',#13239,#13229,#13243,.T.);
#13245=ORIENTED_EDGE('',*,*,#13244,.F.);
#13246=CARTESIAN_POINT('',(11.138,25.459786625,45.));
#13247=VERTEX_POINT('',#13246);
#13248=CARTESIAN_POINT('',(11.138,25.459786625,45.));
#13249=DIRECTION('',(0.5,-0.866025404,0.));
#13250=VECTOR('',#13249,3.);
#13251=LINE('',#13248,#13250);
#13252=EDGE_CURVE('',#13247,#13239,#13251,.T.);
#13253=ORIENTED_EDGE('',*,*,#13252,.F.);
#13254=CARTESIAN_POINT('',(12.638,28.057862836,45.));
#13255=VERTEX_POINT('',#13254);
#13256=CARTESIAN_POINT('',(12.638,28.057862836,45.));
#13257=DIRECTION('',(-0.5,-0.866025404,0.));
#13258=VECTOR('',#13257,3.);
#13259=LINE('',#13256,#13258);
#13260=EDGE_CURVE('',#13255,#13247,#13259,.T.);
#13261=ORIENTED_EDGE('',*,*,#13260,.F.);
#13262=CARTESIAN_POINT('',(15.638,28.057862836,45.));
#13263=VERTEX_POINT('',#13262);
#13264=CARTESIAN_POINT('',(15.638,28.057862836,45.));
#13265=DIRECTION('',(-1.,0.,0.));
#13266=VECTOR('',#13265,3.);
#13267=LINE('',#13264,#13266);
#13268=EDGE_CURVE('',#13263,#13255,#13267,.T.);
#13269=ORIENTED_EDGE('',*,*,#13268,.F.);
#13270=CARTESIAN_POINT('',(17.138,25.459786625,45.));
#13271=DIRECTION('',(-0.5,0.866025404,0.));
#13272=VECTOR('',#13271,3.);
#13273=LINE('',#13270,#13272);
#13274=EDGE_CURVE('',#13231,#13263,#13273,.T.);
#13275=ORIENTED_EDGE('',*,*,#13274,.F.);
#13276=EDGE_LOOP('',(#13237,#13245,#13253,#13261,#13269,#13275));
#13277=FACE_BOUND('',#13276,.T.);
#13278=CARTESIAN_POINT('',(-12.638,18.263634202,45.));
#13279=VERTEX_POINT('',#13278);
#13280=CARTESIAN_POINT('',(-11.138,20.861710414,45.));
#13281=VERTEX_POINT('',#13280);
#13282=CARTESIAN_POINT('',(-12.638,18.263634202,45.));
#13283=DIRECTION('',(0.5,0.866025404,0.));
#13284=VECTOR('',#13283,3.);
#13285=LINE('',#13282,#13284);
#13286=EDGE_CURVE('',#13279,#13281,#13285,.T.);
#13287=ORIENTED_EDGE('',*,*,#13286,.F.);
#13288=CARTESIAN_POINT('',(-15.638,18.263634202,45.));
#13289=VERTEX_POINT('',#13288);
#13290=CARTESIAN_POINT('',(-15.638,18.263634202,45.));
#13291=DIRECTION('',(1.,0.,0.));
#13292=VECTOR('',#13291,3.);
#13293=LINE('',#13290,#13292);
#13294=EDGE_CURVE('',#13289,#13279,#13293,.T.);
#13295=ORIENTED_EDGE('',*,*,#13294,.F.);
#13296=CARTESIAN_POINT('',(-17.138,20.861710414,45.));
#13297=VERTEX_POINT('',#13296);
#13298=CARTESIAN_POINT('',(-17.138,20.861710414,45.));
#13299=DIRECTION('',(0.5,-0.866025404,0.));
#13300=VECTOR('',#13299,3.);
#13301=LINE('',#13298,#13300);
#13302=EDGE_CURVE('',#13297,#13289,#13301,.T.);
#13303=ORIENTED_EDGE('',*,*,#13302,.F.);
#13304=CARTESIAN_POINT('',(-15.638,23.459786625,45.));
#13305=VERTEX_POINT('',#13304);
#13306=CARTESIAN_POINT('',(-15.638,23.459786625,45.));
#13307=DIRECTION('',(-0.5,-0.866025404,0.));
#13308=VECTOR('',#13307,3.);
#13309=LINE('',#13306,#13308);
#13310=EDGE_CURVE('',#13305,#13297,#13309,.T.);
#13311=ORIENTED_EDGE('',*,*,#13310,.F.);
#13312=CARTESIAN_POINT('',(-12.638,23.459786625,45.));
#13313=VERTEX_POINT('',#13312);
#13314=CARTESIAN_POINT('',(-12.638,23.459786625,45.));
#13315=DIRECTION('',(-1.,0.,0.));
#13316=VECTOR('',#13315,3.);
#13317=LINE('',#13314,#13316);
#13318=EDGE_CURVE('',#13313,#13305,#13317,.T.);
#13319=ORIENTED_EDGE('',*,*,#13318,.F.);
#13320=CARTESIAN_POINT('',(-11.138,20.861710414,45.));
#13321=DIRECTION('',(-0.5,0.866025404,0.));
#13322=VECTOR('',#13321,3.);
#13323=LINE('',#13320,#13322);
#13324=EDGE_CURVE('',#13281,#13313,#13323,.T.);
#13325=ORIENTED_EDGE('',*,*,#13324,.F.);
#13326=EDGE_LOOP('',(#13287,#13295,#13303,#13311,#13319,#13325));
#13327=FACE_BOUND('',#13326,.T.);
#13328=CARTESIAN_POINT('',(27.5,-55.775951481,45.));
#13329=VERTEX_POINT('',#13328);
#13330=CARTESIAN_POINT('',(31.5,-51.775951481,45.));
#13331=VERTEX_POINT('',#13330);
#13332=CARTESIAN_POINT('',(27.5,-51.775951481,45.));
#13333=DIRECTION('',(0.,0.,1.));
#13334=DIRECTION('',(1.,0.,-0.));
#13335=AXIS2_PLACEMENT_3D('',#13332,#13333,#13334);
#13336=CIRCLE('',#13335,4.);
#13337=EDGE_CURVE('',#13329,#13331,#13336,.T.);
#13338=ORIENTED_EDGE('',*,*,#13337,.T.);
#13339=CARTESIAN_POINT('',(31.5,33.724048519,45.));
#13340=VERTEX_POINT('',#13339);
#13341=CARTESIAN_POINT('',(31.5,-51.775951481,45.));
#13342=DIRECTION('',(-0.,1.,0.));
#13343=VECTOR('',#13342,85.5);
#13344=LINE('',#13341,#13343);
#13345=EDGE_CURVE('',#13331,#13340,#13344,.T.);
#13346=ORIENTED_EDGE('',*,*,#13345,.T.);
#13347=CARTESIAN_POINT('',(27.5,37.724048519,45.));
#13348=VERTEX_POINT('',#13347);
#13349=CARTESIAN_POINT('',(27.5,33.724048519,45.));
#13350=DIRECTION('',(0.,0.,1.));
#13351=DIRECTION('',(1.,0.,-0.));
#13352=AXIS2_PLACEMENT_3D('',#13349,#13350,#13351);
#13353=CIRCLE('',#13352,4.);
#13354=EDGE_CURVE('',#13340,#13348,#13353,.T.);
#13355=ORIENTED_EDGE('',*,*,#13354,.T.);
#13356=CARTESIAN_POINT('',(-27.5,37.724048519,45.));
#13357=VERTEX_POINT('',#13356);
#13358=CARTESIAN_POINT('',(-27.5,37.724048519,45.));
#13359=DIRECTION('',(1.,0.,0.));
#13360=VECTOR('',#13359,55.);
#13361=LINE('',#13358,#13360);
#13362=EDGE_CURVE('',#13357,#13348,#13361,.T.);
#13363=ORIENTED_EDGE('',*,*,#13362,.F.);
#13364=CARTESIAN_POINT('',(-31.5,33.724048519,45.));
#13365=VERTEX_POINT('',#13364);
#13366=CARTESIAN_POINT('',(-27.5,33.724048519,45.));
#13367=DIRECTION('',(0.,0.,1.));
#13368=DIRECTION('',(1.,0.,-0.));
#13369=AXIS2_PLACEMENT_3D('',#13366,#13367,#13368);
#13370=CIRCLE('',#13369,4.);
#13371=EDGE_CURVE('',#13357,#13365,#13370,.T.);
#13372=ORIENTED_EDGE('',*,*,#13371,.T.);
#13373=CARTESIAN_POINT('',(-31.5,-51.775951481,45.));
#13374=VERTEX_POINT('',#13373);
#13375=CARTESIAN_POINT('',(-31.5,33.724048519,45.));
#13376=DIRECTION('',(0.,-1.,0.));
#13377=VECTOR('',#13376,85.5);
#13378=LINE('',#13375,#13377);
#13379=EDGE_CURVE('',#13365,#13374,#13378,.T.);
#13380=ORIENTED_EDGE('',*,*,#13379,.T.);
#13381=CARTESIAN_POINT('',(-27.5,-55.775951481,45.));
#13382=VERTEX_POINT('',#13381);
#13383=CARTESIAN_POINT('',(-27.5,-51.775951481,45.));
#13384=DIRECTION('',(0.,0.,1.));
#13385=DIRECTION('',(1.,0.,-0.));
#13386=AXIS2_PLACEMENT_3D('',#13383,#13384,#13385);
#13387=CIRCLE('',#13386,4.);
#13388=EDGE_CURVE('',#13374,#13382,#13387,.T.);
#13389=ORIENTED_EDGE('',*,*,#13388,.T.);
#13390=CARTESIAN_POINT('',(-27.5,-55.775951481,45.));
#13391=DIRECTION('',(1.,0.,0.));
#13392=VECTOR('',#13391,55.);
#13393=LINE('',#13390,#13392);
#13394=EDGE_CURVE('',#13382,#13329,#13393,.T.);
#13395=ORIENTED_EDGE('',*,*,#13394,.T.);
#13396=EDGE_LOOP('',(#13338,#13346,#13355,#13363,#13372,#13380,#13389,#13395));
#13397=FACE_BOUND('',#13396,.T.);
#13398=ADVANCED_FACE('',(#10177,#10227,#10277,#10327,#10377,#10427,#10477,#10527,#10577,#10627,#10677,#10727,#10777,#10827,#10877,#10927,#10977,#11027,#11077,#11127,#11177,#11227,#11277,#11327,#11377,#11427,
#11477,#11527,#11577,#11627,#11677,#11727,#11777,#11827,#11877,#11927,#11977,#12027,#12077,#12127,#12177,#12227,#12277,#12327,#12377,#12427,#12477,#12527,#12577,#12627,#12677,
#12727,#12777,#12827,#12877,#12927,#12977,#13027,#13077,#13127,#13177,#13227,#13277,#13327,#13397),#10127,.T.);
#13399=CARTESIAN_POINT('',(-0.,34.599048519,37.));
#13400=DIRECTION('',(-0.,1.,0.));
#13401=DIRECTION('',(-1.,-0.,0.));
#13402=AXIS2_PLACEMENT_3D('',#13399,#13400,#13401);
#13403=PLANE('',#13402);
#13404=CARTESIAN_POINT('',(27.375,34.599048519,40.));
#13405=VERTEX_POINT('',#13404);
#13406=CARTESIAN_POINT('',(27.375,34.599048519,40.));
#13407=DIRECTION('',(0.,0.,1.));
#13408=VECTOR('',#13407,2.);
#13409=LINE('',#13406,#13408);
#13410=EDGE_CURVE('',#13405,#10106,#13409,.T.);
#13411=ORIENTED_EDGE('',*,*,#13410,.F.);
#13412=CARTESIAN_POINT('',(-0.,34.599048519,40.));
#13413=VERTEX_POINT('',#13412);
#13414=CARTESIAN_POINT('',(27.375,34.599048519,40.));
#13415=DIRECTION('',(-1.,-0.,0.));
#13416=VECTOR('',#13415,27.375);
#13417=LINE('',#13414,#13416);
#13418=EDGE_CURVE('',#13405,#13413,#13417,.T.);
#13419=ORIENTED_EDGE('',*,*,#13418,.T.);
#13420=CARTESIAN_POINT('',(-0.,34.599048519,42.));
#13421=DIRECTION('',(0.,0.,-1.));
#13422=VECTOR('',#13421,2.);
#13423=LINE('',#13420,#13422);
#13424=EDGE_CURVE('',#10091,#13413,#13423,.T.);
#13425=ORIENTED_EDGE('',*,*,#13424,.F.);
#13426=ORIENTED_EDGE('',*,*,#10118,.F.);
#13427=EDGE_LOOP('',(#13411,#13419,#13425,#13426));
#13428=FACE_BOUND('',#13427,.T.);
#13429=ADVANCED_FACE('',(#13428),#13403,.T.);
#13430=CARTESIAN_POINT('',(0.,0.,39.));
#13431=DIRECTION('',(0.,0.,1.));
#13432=DIRECTION('',(1.,0.,0.));
#13433=AXIS2_PLACEMENT_3D('',#13430,#13431,#13432);
#13434=PLANE('',#13433);
#13435=CARTESIAN_POINT('',(-27.375,-42.650951481,39.));
#13436=VERTEX_POINT('',#13435);
#13437=CARTESIAN_POINT('',(-25.375,-42.650951481,39.));
#13438=VERTEX_POINT('',#13437);
#13439=CARTESIAN_POINT('',(-27.375,-42.650951481,39.));
#13440=DIRECTION('',(1.,0.,0.));
#13441=VECTOR('',#13440,2.);
#13442=LINE('',#13439,#13441);
#13443=EDGE_CURVE('',#13436,#13438,#13442,.T.);
#13444=ORIENTED_EDGE('',*,*,#13443,.F.);
#13445=CARTESIAN_POINT('',(-27.375,-13.150951481,39.));
#13446=VERTEX_POINT('',#13445);
#13447=CARTESIAN_POINT('',(-27.375,-42.650951481,39.));
#13448=DIRECTION('',(-0.,1.,-0.));
#13449=VECTOR('',#13448,29.5);
#13450=LINE('',#13447,#13449);
#13451=EDGE_CURVE('',#13436,#13446,#13450,.T.);
#13452=ORIENTED_EDGE('',*,*,#13451,.T.);
#13453=CARTESIAN_POINT('',(-28.375,-13.150951481,39.));
#13454=VERTEX_POINT('',#13453);
#13455=CARTESIAN_POINT('',(-27.375,-13.150951481,39.));
#13456=DIRECTION('',(-1.,0.,0.));
#13457=VECTOR('',#13456,1.);
#13458=LINE('',#13455,#13457);
#13459=EDGE_CURVE('',#13446,#13454,#13458,.T.);
#13460=ORIENTED_EDGE('',*,*,#13459,.T.);
#13461=CARTESIAN_POINT('',(-28.375,28.099048519,39.));
#13462=VERTEX_POINT('',#13461);
#13463=CARTESIAN_POINT('',(-28.375,28.099048519,39.));
#13464=DIRECTION('',(0.,-1.,0.));
#13465=VECTOR('',#13464,41.25);
#13466=LINE('',#13463,#13465);
#13467=EDGE_CURVE('',#13462,#13454,#13466,.T.);
#13468=ORIENTED_EDGE('',*,*,#13467,.F.);
#13469=CARTESIAN_POINT('',(-25.375,28.099048519,39.));
#13470=VERTEX_POINT('',#13469);
#13471=CARTESIAN_POINT('',(-25.375,28.099048519,39.));
#13472=DIRECTION('',(-1.,-0.,0.));
#13473=VECTOR('',#13472,3.);
#13474=LINE('',#13471,#13473);
#13475=EDGE_CURVE('',#13470,#13462,#13474,.T.);
#13476=ORIENTED_EDGE('',*,*,#13475,.F.);
#13477=CARTESIAN_POINT('',(-25.375,28.099048519,39.));
#13478=DIRECTION('',(0.,-1.,0.));
#13479=VECTOR('',#13478,70.75);
#13480=LINE('',#13477,#13479);
#13481=EDGE_CURVE('',#13470,#13438,#13480,.T.);
#13482=ORIENTED_EDGE('',*,*,#13481,.T.);
#13483=EDGE_LOOP('',(#13444,#13452,#13460,#13468,#13476,#13482));
#13484=FACE_BOUND('',#13483,.T.);
#13485=ADVANCED_FACE('',(#13484),#13434,.F.);
#13486=CARTESIAN_POINT('',(-0.,37.724048519,42.));
#13487=DIRECTION('',(0.,-1.,0.));
#13488=DIRECTION('',(1.,0.,0.));
#13489=AXIS2_PLACEMENT_3D('',#13486,#13487,#13488);
#13490=PLANE('',#13489);
#13491=ORIENTED_EDGE('',*,*,#13362,.T.);
#13492=CARTESIAN_POINT('',(27.5,37.724048519,42.));
#13493=DIRECTION('',(-0.,-0.,1.));
#13494=VECTOR('',#13493,3.);
#13495=LINE('',#13492,#13494);
#13496=EDGE_CURVE('',#9971,#13348,#13495,.T.);
#13497=ORIENTED_EDGE('',*,*,#13496,.F.);
#13498=ORIENTED_EDGE('',*,*,#9976,.F.);
#13499=CARTESIAN_POINT('',(-0.125,37.724048519,24.));
#13500=VERTEX_POINT('',#13499);
#13501=CARTESIAN_POINT('',(-0.125,37.724048519,24.));
#13502=DIRECTION('',(0.,0.,1.));
#13503=VECTOR('',#13502,18.);
#13504=LINE('',#13501,#13503);
#13505=EDGE_CURVE('',#13500,#9963,#13504,.T.);
#13506=ORIENTED_EDGE('',*,*,#13505,.F.);
#13507=CARTESIAN_POINT('',(-25.875,37.724048519,24.));
#13508=VERTEX_POINT('',#13507);
#13509=CARTESIAN_POINT('',(-0.125,37.724048519,24.));
#13510=DIRECTION('',(-1.,0.,0.));
#13511=VECTOR('',#13510,25.75);
#13512=LINE('',#13509,#13511);
#13513=EDGE_CURVE('',#13500,#13508,#13512,.T.);
#13514=ORIENTED_EDGE('',*,*,#13513,.T.);
#13515=CARTESIAN_POINT('',(-25.875,37.724048519,24.));
#13516=DIRECTION('',(0.,0.,1.));
#13517=VECTOR('',#13516,18.);
#13518=LINE('',#13515,#13517);
#13519=EDGE_CURVE('',#13508,#9939,#13518,.T.);
#13520=ORIENTED_EDGE('',*,*,#13519,.T.);
#13521=ORIENTED_EDGE('',*,*,#9944,.F.);
#13522=CARTESIAN_POINT('',(-27.5,37.724048519,42.));
#13523=DIRECTION('',(0.,0.,1.));
#13524=VECTOR('',#13523,3.);
#13525=LINE('',#13522,#13524);
#13526=EDGE_CURVE('',#9930,#13357,#13525,.T.);
#13527=ORIENTED_EDGE('',*,*,#13526,.T.);
#13528=EDGE_LOOP('',(#13491,#13497,#13498,#13506,#13514,#13520,#13521,#13527));
#13529=FACE_BOUND('',#13528,.T.);
#13530=ADVANCED_FACE('',(#13529),#13490,.F.);
#13531=CARTESIAN_POINT('',(31.5,-9.775951481,42.));
#13532=DIRECTION('',(1.,0.,0.));
#13533=DIRECTION('',(-0.,1.,0.));
#13534=AXIS2_PLACEMENT_3D('',#13531,#13532,#13533);
#13535=PLANE('',#13534);
#13536=ORIENTED_EDGE('',*,*,#9993,.T.);
#13537=CARTESIAN_POINT('',(31.5,33.724048519,42.));
#13538=DIRECTION('',(0.,0.,1.));
#13539=VECTOR('',#13538,3.);
#13540=LINE('',#13537,#13539);
#13541=EDGE_CURVE('',#9979,#13340,#13540,.T.);
#13542=ORIENTED_EDGE('',*,*,#13541,.T.);
#13543=ORIENTED_EDGE('',*,*,#13345,.F.);
#13544=CARTESIAN_POINT('',(31.5,-51.775951481,42.));
#13545=DIRECTION('',(0.,0.,1.));
#13546=VECTOR('',#13545,3.);
#13547=LINE('',#13544,#13546);
#13548=EDGE_CURVE('',#9988,#13331,#13547,.T.);
#13549=ORIENTED_EDGE('',*,*,#13548,.F.);
#13550=EDGE_LOOP('',(#13536,#13542,#13543,#13549));
#13551=FACE_BOUND('',#13550,.T.);
#13552=ADVANCED_FACE('',(#13551),#13535,.T.);
#13553=CARTESIAN_POINT('',(-31.5,30.974048519,42.));
#13554=DIRECTION('',(-1.,0.,0.));
#13555=DIRECTION('',(0.,0.,1.));
#13556=AXIS2_PLACEMENT_3D('',#13553,#13554,#13555);
#13557=PLANE('',#13556);
#13558=ORIENTED_EDGE('',*,*,#9927,.T.);
#13559=CARTESIAN_POINT('',(-31.5,28.099048519,13.));
#13560=VERTEX_POINT('',#13559);
#13561=CARTESIAN_POINT('',(-31.5,28.099048519,13.));
#13562=DIRECTION('',(0.,0.,1.));
#13563=VECTOR('',#13562,29.);
#13564=LINE('',#13561,#13563);
#13565=EDGE_CURVE('',#13560,#9914,#13564,.T.);
#13566=ORIENTED_EDGE('',*,*,#13565,.F.);
#13567=CARTESIAN_POINT('',(-31.5,-13.150951481,13.));
#13568=VERTEX_POINT('',#13567);
#13569=CARTESIAN_POINT('',(-31.5,28.099048519,13.));
#13570=DIRECTION('',(0.,-1.,0.));
#13571=VECTOR('',#13570,41.25);
#13572=LINE('',#13569,#13571);
#13573=EDGE_CURVE('',#13560,#13568,#13572,.T.);
#13574=ORIENTED_EDGE('',*,*,#13573,.T.);
#13575=CARTESIAN_POINT('',(-31.5,-13.150951481,13.));
#13576=DIRECTION('',(0.,0.,1.));
#13577=VECTOR('',#13576,29.);
#13578=LINE('',#13575,#13577);
#13579=EDGE_CURVE('',#13568,#10022,#13578,.T.);
#13580=ORIENTED_EDGE('',*,*,#13579,.T.);
#13581=ORIENTED_EDGE('',*,*,#10027,.T.);
#13582=CARTESIAN_POINT('',(-31.5,-51.775951481,42.));
#13583=DIRECTION('',(0.,0.,1.));
#13584=VECTOR('',#13583,3.);
#13585=LINE('',#13582,#13584);
#13586=EDGE_CURVE('',#10013,#13374,#13585,.T.);
#13587=ORIENTED_EDGE('',*,*,#13586,.T.);
#13588=ORIENTED_EDGE('',*,*,#13379,.F.);
#13589=CARTESIAN_POINT('',(-31.5,33.724048519,42.));
#13590=DIRECTION('',(-0.,-0.,1.));
#13591=VECTOR('',#13590,3.);
#13592=LINE('',#13589,#13591);
#13593=EDGE_CURVE('',#9922,#13365,#13592,.T.);
#13594=ORIENTED_EDGE('',*,*,#13593,.F.);
#13595=EDGE_LOOP('',(#13558,#13566,#13574,#13580,#13581,#13587,#13588,#13594));
#13596=FACE_BOUND('',#13595,.T.);
#13597=ADVANCED_FACE('',(#13596),#13557,.T.);
#13598=CARTESIAN_POINT('',(25.375,1.474048519,37.));
#13599=DIRECTION('',(1.,0.,0.));
#13600=DIRECTION('',(-0.,1.,0.));
#13601=AXIS2_PLACEMENT_3D('',#13598,#13599,#13600);
#13602=PLANE('',#13601);
#13603=CARTESIAN_POINT('',(25.375,-49.650951481,37.));
#13604=VERTEX_POINT('',#13603);
#13605=CARTESIAN_POINT('',(25.375,-47.650951481,37.));
#13606=DIRECTION('',(-1.,-0.,0.));
#13607=DIRECTION('',(0.,-1.,0.));
#13608=AXIS2_PLACEMENT_3D('',#13605,#13606,#13607);
#13609=CIRCLE('',#13608,2.);
#13610=EDGE_CURVE('',#13604,#13604,#13609,.T.);
#13611=ORIENTED_EDGE('',*,*,#13610,.F.);
#13612=EDGE_LOOP('',(#13611));
#13613=FACE_BOUND('',#13612,.T.);
#13614=ORIENTED_EDGE('',*,*,#6653,.F.);
#13615=CARTESIAN_POINT('',(25.375,-52.650951481,33.));
#13616=VERTEX_POINT('',#13615);
#13617=CARTESIAN_POINT('',(25.375,-51.650951481,33.));
#13618=DIRECTION('',(-1.,-0.,-0.));
#13619=DIRECTION('',(-0.,1.,0.));
#13620=AXIS2_PLACEMENT_3D('',#13617,#13618,#13619);
#13621=CIRCLE('',#13620,1.);
#13622=EDGE_CURVE('',#6642,#13616,#13621,.T.);
#13623=ORIENTED_EDGE('',*,*,#13622,.T.);
#13624=CARTESIAN_POINT('',(25.375,-52.650951481,40.));
#13625=VERTEX_POINT('',#13624);
#13626=CARTESIAN_POINT('',(25.375,-52.650951481,33.));
#13627=DIRECTION('',(0.,0.,1.));
#13628=VECTOR('',#13627,7.);
#13629=LINE('',#13626,#13628);
#13630=EDGE_CURVE('',#13616,#13625,#13629,.T.);
#13631=ORIENTED_EDGE('',*,*,#13630,.T.);
#13632=CARTESIAN_POINT('',(25.375,-52.650951481,40.));
#13633=DIRECTION('',(-0.,1.,0.));
#13634=VECTOR('',#13633,10.);
#13635=LINE('',#13632,#13634);
#13636=EDGE_CURVE('',#13625,#6564,#13635,.T.);
#13637=ORIENTED_EDGE('',*,*,#13636,.T.);
#13638=ORIENTED_EDGE('',*,*,#6569,.T.);
#13639=EDGE_LOOP('',(#13614,#13623,#13631,#13637,#13638));
#13640=FACE_BOUND('',#13639,.T.);
#13641=ADVANCED_FACE('',(#13613,#13640),#13602,.F.);
#13642=CARTESIAN_POINT('',(-25.375,1.474048519,37.));
#13643=DIRECTION('',(-1.,-0.,0.));
#13644=DIRECTION('',(0.,-1.,0.));
#13645=AXIS2_PLACEMENT_3D('',#13642,#13643,#13644);
#13646=PLANE('',#13645);
#13647=CARTESIAN_POINT('',(-25.375,-45.650951481,37.));
#13648=VERTEX_POINT('',#13647);
#13649=CARTESIAN_POINT('',(-25.375,-47.650951481,37.));
#13650=DIRECTION('',(1.,0.,0.));
#13651=DIRECTION('',(-0.,1.,0.));
#13652=AXIS2_PLACEMENT_3D('',#13649,#13650,#13651);
#13653=CIRCLE('',#13652,2.);
#13654=EDGE_CURVE('',#13648,#13648,#13653,.T.);
#13655=ORIENTED_EDGE('',*,*,#13654,.F.);
#13656=EDGE_LOOP('',(#13655));
#13657=FACE_BOUND('',#13656,.T.);
#13658=CARTESIAN_POINT('',(-25.375,-52.650951481,33.));
#13659=VERTEX_POINT('',#13658);
#13660=CARTESIAN_POINT('',(-25.375,-52.650951481,40.));
#13661=VERTEX_POINT('',#13660);
#13662=CARTESIAN_POINT('',(-25.375,-52.650951481,33.));
#13663=DIRECTION('',(0.,0.,1.));
#13664=VECTOR('',#13663,7.);
#13665=LINE('',#13662,#13664);
#13666=EDGE_CURVE('',#13659,#13661,#13665,.T.);
#13667=ORIENTED_EDGE('',*,*,#13666,.F.);
#13668=CARTESIAN_POINT('',(-25.375,-51.650951481,32.));
#13669=VERTEX_POINT('',#13668);
#13670=CARTESIAN_POINT('',(-25.375,-51.650951481,33.));
#13671=DIRECTION('',(1.,0.,-0.));
#13672=DIRECTION('',(0.,-1.,0.));
#13673=AXIS2_PLACEMENT_3D('',#13670,#13671,#13672);
#13674=CIRCLE('',#13673,1.);
#13675=EDGE_CURVE('',#13659,#13669,#13674,.T.);
#13676=ORIENTED_EDGE('',*,*,#13675,.T.);
#13677=CARTESIAN_POINT('',(-25.375,-42.650951481,32.));
#13678=VERTEX_POINT('',#13677);
#13679=CARTESIAN_POINT('',(-25.375,-51.650951481,32.));
#13680=DIRECTION('',(0.,1.,0.));
#13681=VECTOR('',#13680,9.);
#13682=LINE('',#13679,#13681);
#13683=EDGE_CURVE('',#13669,#13678,#13682,.T.);
#13684=ORIENTED_EDGE('',*,*,#13683,.T.);
#13685=CARTESIAN_POINT('',(-25.375,-42.650951481,32.));
#13686=DIRECTION('',(0.,0.,1.));
#13687=VECTOR('',#13686,7.);
#13688=LINE('',#13685,#13687);
#13689=EDGE_CURVE('',#13678,#13438,#13688,.T.);
#13690=ORIENTED_EDGE('',*,*,#13689,.T.);
#13691=ORIENTED_EDGE('',*,*,#13481,.F.);
#13692=CARTESIAN_POINT('',(-25.375,28.099048519,40.));
#13693=VERTEX_POINT('',#13692);
#13694=CARTESIAN_POINT('',(-25.375,28.099048519,39.));
#13695=DIRECTION('',(0.,0.,1.));
#13696=VECTOR('',#13695,1.);
#13697=LINE('',#13694,#13696);
#13698=EDGE_CURVE('',#13470,#13693,#13697,.T.);
#13699=ORIENTED_EDGE('',*,*,#13698,.T.);
#13700=CARTESIAN_POINT('',(-25.375,28.099048519,40.));
#13701=DIRECTION('',(0.,-1.,0.));
#13702=VECTOR('',#13701,80.75);
#13703=LINE('',#13700,#13702);
#13704=EDGE_CURVE('',#13693,#13661,#13703,.T.);
#13705=ORIENTED_EDGE('',*,*,#13704,.T.);
#13706=EDGE_LOOP('',(#13667,#13676,#13684,#13690,#13691,#13699,#13705));
#13707=FACE_BOUND('',#13706,.T.);
#13708=ADVANCED_FACE('',(#13657,#13707),#13646,.F.);
#13709=CARTESIAN_POINT('',(26.75,-52.650951481,37.));
#13710=DIRECTION('',(0.,-1.,0.));
#13711=DIRECTION('',(0.,0.,-1.));
#13712=AXIS2_PLACEMENT_3D('',#13709,#13710,#13711);
#13713=PLANE('',#13712);
#13714=ORIENTED_EDGE('',*,*,#13630,.F.);
#13715=CARTESIAN_POINT('',(27.375,-52.650951481,33.));
#13716=VERTEX_POINT('',#13715);
#13717=CARTESIAN_POINT('',(25.375,-52.650951481,33.));
#13718=DIRECTION('',(1.,0.,-0.));
#13719=VECTOR('',#13718,2.);
#13720=LINE('',#13717,#13719);
#13721=EDGE_CURVE('',#13616,#13716,#13720,.T.);
#13722=ORIENTED_EDGE('',*,*,#13721,.T.);
#13723=CARTESIAN_POINT('',(27.375,-52.650951481,33.));
#13724=DIRECTION('',(0.,0.,1.));
#13725=VECTOR('',#13724,9.);
#13726=LINE('',#13723,#13725);
#13727=EDGE_CURVE('',#13716,#10064,#13726,.T.);
#13728=ORIENTED_EDGE('',*,*,#13727,.T.);
#13729=ORIENTED_EDGE('',*,*,#10069,.F.);
#13730=CARTESIAN_POINT('',(23.375,-52.650951481,40.));
#13731=DIRECTION('',(-0.,1.,-0.));
#13732=DIRECTION('',(0.,0.,-1.));
#13733=AXIS2_PLACEMENT_3D('',#13730,#13731,#13732);
#13734=CIRCLE('',#13733,2.);
#13735=EDGE_CURVE('',#10056,#13625,#13734,.T.);
#13736=ORIENTED_EDGE('',*,*,#13735,.T.);
#13737=EDGE_LOOP('',(#13714,#13722,#13728,#13729,#13736));
#13738=FACE_BOUND('',#13737,.T.);
#13739=ADVANCED_FACE('',(#13738),#13713,.T.);
#13740=CARTESIAN_POINT('',(28.375,1.849048519,37.));
#13741=DIRECTION('',(-1.,-0.,0.));
#13742=DIRECTION('',(0.,-1.,0.));
#13743=AXIS2_PLACEMENT_3D('',#13740,#13741,#13742);
#13744=PLANE('',#13743);
#13745=CARTESIAN_POINT('',(28.375,-49.650951481,37.));
#13746=VERTEX_POINT('',#13745);
#13747=CARTESIAN_POINT('',(28.375,-47.650951481,37.));
#13748=DIRECTION('',(-1.,-0.,0.));
#13749=DIRECTION('',(0.,-1.,0.));
#13750=AXIS2_PLACEMENT_3D('',#13747,#13748,#13749);
#13751=CIRCLE('',#13750,2.);
#13752=EDGE_CURVE('',#13746,#13746,#13751,.T.);
#13753=ORIENTED_EDGE('',*,*,#13752,.T.);
#13754=EDGE_LOOP('',(#13753));
#13755=FACE_BOUND('',#13754,.T.);
#13756=CARTESIAN_POINT('',(28.375,-51.650951481,33.));
#13757=VERTEX_POINT('',#13756);
#13758=CARTESIAN_POINT('',(28.375,-51.650951481,42.));
#13759=DIRECTION('',(-0.,-0.,-1.));
#13760=VECTOR('',#13759,9.);
#13761=LINE('',#13758,#13760);
#13762=EDGE_CURVE('',#10072,#13757,#13761,.T.);
#13763=ORIENTED_EDGE('',*,*,#13762,.T.);
#13764=CARTESIAN_POINT('',(28.375,-51.650951481,33.));
#13765=DIRECTION('',(-0.,1.,-0.));
#13766=VECTOR('',#13765,9.);
#13767=LINE('',#13764,#13766);
#13768=EDGE_CURVE('',#13757,#6539,#13767,.T.);
#13769=ORIENTED_EDGE('',*,*,#13768,.T.);
#13770=ORIENTED_EDGE('',*,*,#6544,.F.);
#13771=ORIENTED_EDGE('',*,*,#10084,.T.);
#13772=EDGE_LOOP('',(#13763,#13769,#13770,#13771));
#13773=FACE_BOUND('',#13772,.T.);
#13774=ADVANCED_FACE('',(#13755,#13773),#13744,.F.);
#13775=CARTESIAN_POINT('',(27.375,33.599048519,37.));
#13776=DIRECTION('',(0.,0.,1.));
#13777=DIRECTION('',(1.,0.,-0.));
#13778=AXIS2_PLACEMENT_3D('',#13775,#13776,#13777);
#13779=CYLINDRICAL_SURFACE('',#13778,1.);
#13780=ORIENTED_EDGE('',*,*,#6617,.F.);
#13781=CARTESIAN_POINT('',(27.375,33.599048519,40.));
#13782=DIRECTION('',(0.,0.,1.));
#13783=DIRECTION('',(1.,0.,-0.));
#13784=AXIS2_PLACEMENT_3D('',#13781,#13782,#13783);
#13785=CIRCLE('',#13784,1.);
#13786=EDGE_CURVE('',#6604,#13405,#13785,.T.);
#13787=ORIENTED_EDGE('',*,*,#13786,.T.);
#13788=ORIENTED_EDGE('',*,*,#13410,.T.);
#13789=ORIENTED_EDGE('',*,*,#10112,.F.);
#13790=EDGE_LOOP('',(#13780,#13787,#13788,#13789));
#13791=FACE_BOUND('',#13790,.T.);
#13792=ADVANCED_FACE('',(#13791),#13779,.T.);
#13793=CARTESIAN_POINT('',(-0.,28.099048519,37.));
#13794=DIRECTION('',(-0.,1.,0.));
#13795=DIRECTION('',(-1.,-0.,0.));
#13796=AXIS2_PLACEMENT_3D('',#13793,#13794,#13795);
#13797=PLANE('',#13796);
#13798=ORIENTED_EDGE('',*,*,#13698,.F.);
#13799=ORIENTED_EDGE('',*,*,#13475,.T.);
#13800=CARTESIAN_POINT('',(-28.375,28.099048519,13.));
#13801=VERTEX_POINT('',#13800);
#13802=CARTESIAN_POINT('',(-28.375,28.099048519,13.));
#13803=DIRECTION('',(0.,0.,1.));
#13804=VECTOR('',#13803,26.);
#13805=LINE('',#13802,#13804);
#13806=EDGE_CURVE('',#13801,#13462,#13805,.T.);
#13807=ORIENTED_EDGE('',*,*,#13806,.F.);
#13808=CARTESIAN_POINT('',(-28.375,28.099048519,13.));
#13809=DIRECTION('',(-1.,-0.,0.));
#13810=VECTOR('',#13809,3.125);
#13811=LINE('',#13808,#13810);
#13812=EDGE_CURVE('',#13801,#13560,#13811,.T.);
#13813=ORIENTED_EDGE('',*,*,#13812,.T.);
#13814=ORIENTED_EDGE('',*,*,#13565,.T.);
#13815=ORIENTED_EDGE('',*,*,#9919,.F.);
#13816=CARTESIAN_POINT('',(-23.375,28.099048519,40.));
#13817=DIRECTION('',(0.,-1.,-0.));
#13818=DIRECTION('',(-1.,-0.,0.));
#13819=AXIS2_PLACEMENT_3D('',#13816,#13817,#13818);
#13820=CIRCLE('',#13819,2.);
#13821=EDGE_CURVE('',#9906,#13693,#13820,.T.);
#13822=ORIENTED_EDGE('',*,*,#13821,.T.);
#13823=EDGE_LOOP('',(#13798,#13799,#13807,#13813,#13814,#13815,#13822));
#13824=FACE_BOUND('',#13823,.T.);
#13825=ADVANCED_FACE('',(#13824),#13797,.T.);
#13826=CARTESIAN_POINT('',(-28.375,30.974048519,37.));
#13827=DIRECTION('',(-1.,-0.,0.));
#13828=DIRECTION('',(0.,-1.,0.));
#13829=AXIS2_PLACEMENT_3D('',#13826,#13827,#13828);
#13830=PLANE('',#13829);
#13831=CARTESIAN_POINT('',(-28.375,-45.650951481,37.));
#13832=VERTEX_POINT('',#13831);
#13833=CARTESIAN_POINT('',(-28.375,-49.650951481,37.));
#13834=VERTEX_POINT('',#13833);
#13835=CARTESIAN_POINT('',(-28.375,-47.650951481,37.));
#13836=DIRECTION('',(-1.,-0.,0.));
#13837=DIRECTION('',(0.,-1.,0.));
#13838=AXIS2_PLACEMENT_3D('',#13835,#13836,#13837);
#13839=CIRCLE('',#13838,2.);
#13840=EDGE_CURVE('',#13832,#13834,#13839,.T.);
#13841=ORIENTED_EDGE('',*,*,#13840,.F.);
#13842=CARTESIAN_POINT('',(-28.375,-47.650951481,37.));
#13843=DIRECTION('',(-1.,-0.,0.));
#13844=DIRECTION('',(0.,-1.,0.));
#13845=AXIS2_PLACEMENT_3D('',#13842,#13843,#13844);
#13846=CIRCLE('',#13845,2.);
#13847=EDGE_CURVE('',#13834,#13832,#13846,.T.);
#13848=ORIENTED_EDGE('',*,*,#13847,.F.);
#13849=EDGE_LOOP('',(#13841,#13848));
#13850=FACE_BOUND('',#13849,.T.);
#13851=CARTESIAN_POINT('',(-28.375,-13.150951481,40.));
#13852=VERTEX_POINT('',#13851);
#13853=CARTESIAN_POINT('',(-28.375,-13.150951481,40.));
#13854=DIRECTION('',(0.,0.,1.));
#13855=VECTOR('',#13854,2.);
#13856=LINE('',#13853,#13855);
#13857=EDGE_CURVE('',#13852,#10030,#13856,.T.);
#13858=ORIENTED_EDGE('',*,*,#13857,.F.);
#13859=CARTESIAN_POINT('',(-28.375,-42.650951481,40.));
#13860=VERTEX_POINT('',#13859);
#13861=CARTESIAN_POINT('',(-28.375,-13.150951481,40.));
#13862=DIRECTION('',(0.,-1.,0.));
#13863=VECTOR('',#13862,29.5);
#13864=LINE('',#13861,#13863);
#13865=EDGE_CURVE('',#13852,#13860,#13864,.T.);
#13866=ORIENTED_EDGE('',*,*,#13865,.T.);
#13867=CARTESIAN_POINT('',(-28.375,-42.650951481,33.));
#13868=VERTEX_POINT('',#13867);
#13869=CARTESIAN_POINT('',(-28.375,-42.650951481,33.));
#13870=DIRECTION('',(0.,0.,1.));
#13871=VECTOR('',#13870,7.);
#13872=LINE('',#13869,#13871);
#13873=EDGE_CURVE('',#13868,#13860,#13872,.T.);
#13874=ORIENTED_EDGE('',*,*,#13873,.F.);
#13875=CARTESIAN_POINT('',(-28.375,-51.650951481,33.));
#13876=VERTEX_POINT('',#13875);
#13877=CARTESIAN_POINT('',(-28.375,-42.650951481,33.));
#13878=DIRECTION('',(0.,-1.,0.));
#13879=VECTOR('',#13878,9.);
#13880=LINE('',#13877,#13879);
#13881=EDGE_CURVE('',#13868,#13876,#13880,.T.);
#13882=ORIENTED_EDGE('',*,*,#13881,.T.);
#13883=CARTESIAN_POINT('',(-28.375,-51.650951481,33.));
#13884=DIRECTION('',(0.,0.,1.));
#13885=VECTOR('',#13884,9.);
#13886=LINE('',#13883,#13885);
#13887=EDGE_CURVE('',#13876,#10038,#13886,.T.);
#13888=ORIENTED_EDGE('',*,*,#13887,.T.);
#13889=ORIENTED_EDGE('',*,*,#10043,.F.);
#13890=EDGE_LOOP('',(#13858,#13866,#13874,#13882,#13888,#13889));
#13891=FACE_BOUND('',#13890,.T.);
#13892=ADVANCED_FACE('',(#13850,#13891),#13830,.T.);
#13893=CARTESIAN_POINT('',(-28.375,-29.775951481,42.));
#13894=DIRECTION('',(-1.,-0.,0.));
#13895=DIRECTION('',(0.,-1.,0.));
#13896=AXIS2_PLACEMENT_3D('',#13893,#13894,#13895);
#13897=PLANE('',#13896);
#13898=CARTESIAN_POINT('',(-28.375,-13.150951481,13.));
#13899=VERTEX_POINT('',#13898);
#13900=CARTESIAN_POINT('',(-28.375,-13.150951481,13.));
#13901=DIRECTION('',(-0.,1.,0.));
#13902=VECTOR('',#13901,41.25);
#13903=LINE('',#13900,#13902);
#13904=EDGE_CURVE('',#13899,#13801,#13903,.T.);
#13905=ORIENTED_EDGE('',*,*,#13904,.T.);
#13906=ORIENTED_EDGE('',*,*,#13806,.T.);
#13907=ORIENTED_EDGE('',*,*,#13467,.T.);
#13908=CARTESIAN_POINT('',(-28.375,-13.150951481,13.));
#13909=DIRECTION('',(0.,0.,1.));
#13910=VECTOR('',#13909,26.);
#13911=LINE('',#13908,#13910);
#13912=EDGE_CURVE('',#13899,#13454,#13911,.T.);
#13913=ORIENTED_EDGE('',*,*,#13912,.F.);
#13914=EDGE_LOOP('',(#13905,#13906,#13907,#13913));
#13915=FACE_BOUND('',#13914,.T.);
#13916=ADVANCED_FACE('',(#13915),#13897,.F.);
#13917=CARTESIAN_POINT('',(-27.5,-51.775951481,42.));
#13918=DIRECTION('',(0.,0.,1.));
#13919=DIRECTION('',(1.,0.,-0.));
#13920=AXIS2_PLACEMENT_3D('',#13917,#13918,#13919);
#13921=CYLINDRICAL_SURFACE('',#13920,4.);
#13922=ORIENTED_EDGE('',*,*,#13388,.F.);
#13923=ORIENTED_EDGE('',*,*,#13586,.F.);
#13924=ORIENTED_EDGE('',*,*,#10019,.T.);
#13925=CARTESIAN_POINT('',(-27.5,-55.775951481,42.));
#13926=DIRECTION('',(0.,0.,1.));
#13927=VECTOR('',#13926,3.);
#13928=LINE('',#13925,#13927);
#13929=EDGE_CURVE('',#10005,#13382,#13928,.T.);
#13930=ORIENTED_EDGE('',*,*,#13929,.T.);
#13931=EDGE_LOOP('',(#13922,#13923,#13924,#13930));
#13932=FACE_BOUND('',#13931,.T.);
#13933=ADVANCED_FACE('',(#13932),#13921,.T.);
#13934=CARTESIAN_POINT('',(-0.,-55.775951481,42.));
#13935=DIRECTION('',(0.,-1.,0.));
#13936=DIRECTION('',(1.,0.,0.));
#13937=AXIS2_PLACEMENT_3D('',#13934,#13935,#13936);
#13938=PLANE('',#13937);
#13939=ORIENTED_EDGE('',*,*,#13394,.F.);
#13940=ORIENTED_EDGE('',*,*,#13929,.F.);
#13941=ORIENTED_EDGE('',*,*,#10010,.T.);
#13942=CARTESIAN_POINT('',(27.5,-55.775951481,42.));
#13943=DIRECTION('',(0.,0.,1.));
#13944=VECTOR('',#13943,3.);
#13945=LINE('',#13942,#13944);
#13946=EDGE_CURVE('',#9996,#13329,#13945,.T.);
#13947=ORIENTED_EDGE('',*,*,#13946,.T.);
#13948=EDGE_LOOP('',(#13939,#13940,#13941,#13947));
#13949=FACE_BOUND('',#13948,.T.);
#13950=ADVANCED_FACE('',(#13949),#13938,.T.);
#13951=CARTESIAN_POINT('',(27.5,-51.775951481,42.));
#13952=DIRECTION('',(0.,0.,1.));
#13953=DIRECTION('',(1.,0.,-0.));
#13954=AXIS2_PLACEMENT_3D('',#13951,#13952,#13953);
#13955=CYLINDRICAL_SURFACE('',#13954,4.);
#13956=ORIENTED_EDGE('',*,*,#13337,.F.);
#13957=ORIENTED_EDGE('',*,*,#13946,.F.);
#13958=ORIENTED_EDGE('',*,*,#10002,.T.);
#13959=ORIENTED_EDGE('',*,*,#13548,.T.);
#13960=EDGE_LOOP('',(#13956,#13957,#13958,#13959));
#13961=FACE_BOUND('',#13960,.T.);
#13962=ADVANCED_FACE('',(#13961),#13955,.T.);
#13963=CARTESIAN_POINT('',(27.5,33.724048519,42.));
#13964=DIRECTION('',(0.,0.,-1.));
#13965=DIRECTION('',(-1.,0.,0.));
#13966=AXIS2_PLACEMENT_3D('',#13963,#13964,#13965);
#13967=CYLINDRICAL_SURFACE('',#13966,4.);
#13968=ORIENTED_EDGE('',*,*,#13354,.F.);
#13969=ORIENTED_EDGE('',*,*,#13541,.F.);
#13970=ORIENTED_EDGE('',*,*,#9985,.T.);
#13971=ORIENTED_EDGE('',*,*,#13496,.T.);
#13972=EDGE_LOOP('',(#13968,#13969,#13970,#13971));
#13973=FACE_BOUND('',#13972,.T.);
#13974=ADVANCED_FACE('',(#13973),#13967,.T.);
#13975=CARTESIAN_POINT('',(-27.5,33.724048519,42.));
#13976=DIRECTION('',(0.,0.,-1.));
#13977=DIRECTION('',(-1.,0.,0.));
#13978=AXIS2_PLACEMENT_3D('',#13975,#13976,#13977);
#13979=CYLINDRICAL_SURFACE('',#13978,4.);
#13980=ORIENTED_EDGE('',*,*,#13371,.F.);
#13981=ORIENTED_EDGE('',*,*,#13526,.F.);
#13982=ORIENTED_EDGE('',*,*,#9936,.T.);
#13983=ORIENTED_EDGE('',*,*,#13593,.T.);
#13984=EDGE_LOOP('',(#13980,#13981,#13982,#13983));
#13985=FACE_BOUND('',#13984,.T.);
#13986=ADVANCED_FACE('',(#13985),#13979,.T.);
#13987=CARTESIAN_POINT('',(-29.875,-13.150951481,29.5));
#13988=DIRECTION('',(0.,-1.,0.));
#13989=DIRECTION('',(0.,0.,-1.));
#13990=AXIS2_PLACEMENT_3D('',#13987,#13988,#13989);
#13991=PLANE('',#13990);
#13992=ORIENTED_EDGE('',*,*,#10035,.F.);
#13993=ORIENTED_EDGE('',*,*,#13579,.F.);
#13994=CARTESIAN_POINT('',(-31.5,-13.150951481,13.));
#13995=DIRECTION('',(1.,0.,-0.));
#13996=VECTOR('',#13995,3.125);
#13997=LINE('',#13994,#13996);
#13998=EDGE_CURVE('',#13568,#13899,#13997,.T.);
#13999=ORIENTED_EDGE('',*,*,#13998,.T.);
#14000=ORIENTED_EDGE('',*,*,#13912,.T.);
#14001=ORIENTED_EDGE('',*,*,#13459,.F.);
#14002=CARTESIAN_POINT('',(-27.375,-13.150951481,40.));
#14003=DIRECTION('',(-0.,1.,-0.));
#14004=DIRECTION('',(0.,0.,-1.));
#14005=AXIS2_PLACEMENT_3D('',#14002,#14003,#14004);
#14006=CIRCLE('',#14005,1.);
#14007=EDGE_CURVE('',#13446,#13852,#14006,.T.);
#14008=ORIENTED_EDGE('',*,*,#14007,.T.);
#14009=ORIENTED_EDGE('',*,*,#13857,.T.);
#14010=EDGE_LOOP('',(#13992,#13993,#13999,#14000,#14001,#14008,#14009));
#14011=FACE_BOUND('',#14010,.T.);
#14012=ADVANCED_FACE('',(#14011),#13991,.T.);
#14013=CARTESIAN_POINT('',(0.,0.,13.));
#14014=DIRECTION('',(0.,0.,1.));
#14015=DIRECTION('',(1.,0.,0.));
#14016=AXIS2_PLACEMENT_3D('',#14013,#14014,#14015);
#14017=PLANE('',#14016);
#14018=ORIENTED_EDGE('',*,*,#13998,.F.);
#14019=ORIENTED_EDGE('',*,*,#13573,.F.);
#14020=ORIENTED_EDGE('',*,*,#13812,.F.);
#14021=ORIENTED_EDGE('',*,*,#13904,.F.);
#14022=EDGE_LOOP('',(#14018,#14019,#14020,#14021));
#14023=FACE_BOUND('',#14022,.T.);
#14024=ADVANCED_FACE('',(#14023),#14017,.F.);
#14025=CARTESIAN_POINT('',(-0.,30.899048519,40.5));
#14026=DIRECTION('',(1.,0.,0.));
#14027=DIRECTION('',(-0.,1.,0.));
#14028=AXIS2_PLACEMENT_3D('',#14025,#14026,#14027);
#14029=PLANE('',#14028);
#14030=ORIENTED_EDGE('',*,*,#13424,.T.);
#14031=CARTESIAN_POINT('',(-0.,33.599048519,40.));
#14032=DIRECTION('',(-1.,-0.,-0.));
#14033=DIRECTION('',(-0.,1.,0.));
#14034=AXIS2_PLACEMENT_3D('',#14031,#14032,#14033);
#14035=CIRCLE('',#14034,1.);
#14036=EDGE_CURVE('',#13413,#6665,#14035,.T.);
#14037=ORIENTED_EDGE('',*,*,#14036,.T.);
#14038=ORIENTED_EDGE('',*,*,#6685,.F.);
#14039=ORIENTED_EDGE('',*,*,#6526,.F.);
#14040=CARTESIAN_POINT('',(-0.,29.599048519,40.));
#14041=DIRECTION('',(1.,0.,0.));
#14042=DIRECTION('',(-0.,1.,0.));
#14043=AXIS2_PLACEMENT_3D('',#14040,#14041,#14042);
#14044=CIRCLE('',#14043,2.);
#14045=EDGE_CURVE('',#6515,#10089,#14044,.T.);
#14046=ORIENTED_EDGE('',*,*,#14045,.T.);
#14047=ORIENTED_EDGE('',*,*,#10096,.T.);
#14048=EDGE_LOOP('',(#14030,#14037,#14038,#14039,#14046,#14047));
#14049=FACE_BOUND('',#14048,.T.);
#14050=ADVANCED_FACE('',(#14049),#14029,.F.);
#14051=CARTESIAN_POINT('',(-25.875,36.224048519,24.));
#14052=DIRECTION('',(-1.,0.,0.));
#14053=DIRECTION('',(0.,0.,1.));
#14054=AXIS2_PLACEMENT_3D('',#14051,#14052,#14053);
#14055=PLANE('',#14054);
#14056=ORIENTED_EDGE('',*,*,#9952,.F.);
#14057=ORIENTED_EDGE('',*,*,#13519,.F.);
#14058=CARTESIAN_POINT('',(-25.875,34.724048519,24.));
#14059=VERTEX_POINT('',#14058);
#14060=CARTESIAN_POINT('',(-25.875,37.724048519,24.));
#14061=DIRECTION('',(0.,-1.,0.));
#14062=VECTOR('',#14061,3.);
#14063=LINE('',#14060,#14062);
#14064=EDGE_CURVE('',#13508,#14059,#14063,.T.);
#14065=ORIENTED_EDGE('',*,*,#14064,.T.);
#14066=CARTESIAN_POINT('',(-25.875,34.724048519,24.));
#14067=DIRECTION('',(0.,0.,1.));
#14068=VECTOR('',#14067,18.);
#14069=LINE('',#14066,#14068);
#14070=EDGE_CURVE('',#14059,#9947,#14069,.T.);
#14071=ORIENTED_EDGE('',*,*,#14070,.T.);
#14072=EDGE_LOOP('',(#14056,#14057,#14065,#14071));
#14073=FACE_BOUND('',#14072,.T.);
#14074=ADVANCED_FACE('',(#14073),#14055,.T.);
#14075=CARTESIAN_POINT('',(-0.125,36.224048519,24.));
#14076=DIRECTION('',(1.,0.,0.));
#14077=DIRECTION('',(0.,0.,-1.));
#14078=AXIS2_PLACEMENT_3D('',#14075,#14076,#14077);
#14079=PLANE('',#14078);
#14080=ORIENTED_EDGE('',*,*,#9968,.F.);
#14081=CARTESIAN_POINT('',(-0.125,34.724048519,24.));
#14082=VERTEX_POINT('',#14081);
#14083=CARTESIAN_POINT('',(-0.125,34.724048519,24.));
#14084=DIRECTION('',(0.,0.,1.));
#14085=VECTOR('',#14084,18.);
#14086=LINE('',#14083,#14085);
#14087=EDGE_CURVE('',#14082,#9955,#14086,.T.);
#14088=ORIENTED_EDGE('',*,*,#14087,.F.);
#14089=CARTESIAN_POINT('',(-0.125,34.724048519,24.));
#14090=DIRECTION('',(0.,1.,0.));
#14091=VECTOR('',#14090,3.);
#14092=LINE('',#14089,#14091);
#14093=EDGE_CURVE('',#14082,#13500,#14092,.T.);
#14094=ORIENTED_EDGE('',*,*,#14093,.T.);
#14095=ORIENTED_EDGE('',*,*,#13505,.T.);
#14096=EDGE_LOOP('',(#14080,#14088,#14094,#14095));
#14097=FACE_BOUND('',#14096,.T.);
#14098=ADVANCED_FACE('',(#14097),#14079,.T.);
#14099=CARTESIAN_POINT('',(-13.,34.724048519,24.));
#14100=DIRECTION('',(0.,-1.,0.));
#14101=DIRECTION('',(0.,0.,-1.));
#14102=AXIS2_PLACEMENT_3D('',#14099,#14100,#14101);
#14103=PLANE('',#14102);
#14104=ORIENTED_EDGE('',*,*,#9960,.F.);
#14105=ORIENTED_EDGE('',*,*,#14070,.F.);
#14106=CARTESIAN_POINT('',(-25.875,34.724048519,24.));
#14107=DIRECTION('',(1.,0.,-0.));
#14108=VECTOR('',#14107,25.75);
#14109=LINE('',#14106,#14108);
#14110=EDGE_CURVE('',#14059,#14082,#14109,.T.);
#14111=ORIENTED_EDGE('',*,*,#14110,.T.);
#14112=ORIENTED_EDGE('',*,*,#14087,.T.);
#14113=EDGE_LOOP('',(#14104,#14105,#14111,#14112));
#14114=FACE_BOUND('',#14113,.T.);
#14115=ADVANCED_FACE('',(#14114),#14103,.T.);
#14116=CARTESIAN_POINT('',(0.,0.,24.));
#14117=DIRECTION('',(0.,0.,-1.));
#14118=DIRECTION('',(-1.,0.,0.));
#14119=AXIS2_PLACEMENT_3D('',#14116,#14117,#14118);
#14120=PLANE('',#14119);
#14121=ORIENTED_EDGE('',*,*,#14064,.F.);
#14122=ORIENTED_EDGE('',*,*,#13513,.F.);
#14123=ORIENTED_EDGE('',*,*,#14093,.F.);
#14124=ORIENTED_EDGE('',*,*,#14110,.F.);
#14125=EDGE_LOOP('',(#14121,#14122,#14123,#14124));
#14126=FACE_BOUND('',#14125,.T.);
#14127=ADVANCED_FACE('',(#14126),#14120,.T.);
#14128=CARTESIAN_POINT('',(27.375,-51.650951481,37.));
#14129=DIRECTION('',(0.,0.,-1.));
#14130=DIRECTION('',(-1.,0.,0.));
#14131=AXIS2_PLACEMENT_3D('',#14128,#14129,#14130);
#14132=CYLINDRICAL_SURFACE('',#14131,1.);
#14133=ORIENTED_EDGE('',*,*,#13727,.F.);
#14134=CARTESIAN_POINT('',(27.375,-51.650951481,33.));
#14135=DIRECTION('',(-0.,-0.,1.));
#14136=DIRECTION('',(-1.,0.,0.));
#14137=AXIS2_PLACEMENT_3D('',#14134,#14135,#14136);
#14138=CIRCLE('',#14137,1.);
#14139=EDGE_CURVE('',#13716,#13757,#14138,.T.);
#14140=ORIENTED_EDGE('',*,*,#14139,.T.);
#14141=ORIENTED_EDGE('',*,*,#13762,.F.);
#14142=ORIENTED_EDGE('',*,*,#10078,.F.);
#14143=EDGE_LOOP('',(#14133,#14140,#14141,#14142));
#14144=FACE_BOUND('',#14143,.T.);
#14145=ADVANCED_FACE('',(#14144),#14132,.T.);
#14146=CARTESIAN_POINT('',(55.375,-47.650951481,37.));
#14147=DIRECTION('',(-1.,-0.,0.));
#14148=DIRECTION('',(0.,-1.,0.));
#14149=AXIS2_PLACEMENT_3D('',#14146,#14147,#14148);
#14150=CYLINDRICAL_SURFACE('',#14149,2.);
#14151=CARTESIAN_POINT('',(25.375,-49.650951481,37.));
#14152=DIRECTION('',(1.,0.,-0.));
#14153=VECTOR('',#14152,3.);
#14154=LINE('',#14151,#14153);
#14155=EDGE_CURVE('',#13604,#13746,#14154,.T.);
#14156=ORIENTED_EDGE('',*,*,#14155,.F.);
#14157=ORIENTED_EDGE('',*,*,#13610,.T.);
#14158=ORIENTED_EDGE('',*,*,#14155,.T.);
#14159=ORIENTED_EDGE('',*,*,#13752,.F.);
#14160=EDGE_LOOP('',(#14156,#14157,#14158,#14159));
#14161=FACE_BOUND('',#14160,.T.);
#14162=ADVANCED_FACE('',(#14161),#14150,.F.);
#14163=CARTESIAN_POINT('',(-26.875,-42.650951481,32.));
#14164=DIRECTION('',(0.,-1.,0.));
#14165=DIRECTION('',(1.,0.,0.));
#14166=AXIS2_PLACEMENT_3D('',#14163,#14164,#14165);
#14167=PLANE('',#14166);
#14168=CARTESIAN_POINT('',(-27.375,-42.650951481,32.));
#14169=VERTEX_POINT('',#14168);
#14170=CARTESIAN_POINT('',(-27.375,-42.650951481,32.));
#14171=DIRECTION('',(1.,0.,0.));
#14172=VECTOR('',#14171,2.);
#14173=LINE('',#14170,#14172);
#14174=EDGE_CURVE('',#14169,#13678,#14173,.T.);
#14175=ORIENTED_EDGE('',*,*,#14174,.F.);
#14176=CARTESIAN_POINT('',(-27.375,-42.650951481,33.));
#14177=DIRECTION('',(-0.,1.,-0.));
#14178=DIRECTION('',(1.,0.,0.));
#14179=AXIS2_PLACEMENT_3D('',#14176,#14177,#14178);
#14180=CIRCLE('',#14179,1.);
#14181=EDGE_CURVE('',#14169,#13868,#14180,.T.);
#14182=ORIENTED_EDGE('',*,*,#14181,.T.);
#14183=ORIENTED_EDGE('',*,*,#13873,.T.);
#14184=CARTESIAN_POINT('',(-27.375,-42.650951481,40.));
#14185=DIRECTION('',(0.,-1.,0.));
#14186=DIRECTION('',(1.,0.,0.));
#14187=AXIS2_PLACEMENT_3D('',#14184,#14185,#14186);
#14188=CIRCLE('',#14187,1.);
#14189=EDGE_CURVE('',#13860,#13436,#14188,.T.);
#14190=ORIENTED_EDGE('',*,*,#14189,.T.);
#14191=ORIENTED_EDGE('',*,*,#13443,.T.);
#14192=ORIENTED_EDGE('',*,*,#13689,.F.);
#14193=EDGE_LOOP('',(#14175,#14182,#14183,#14190,#14191,#14192));
#14194=FACE_BOUND('',#14193,.T.);
#14195=ADVANCED_FACE('',(#14194),#14167,.F.);
#14196=CARTESIAN_POINT('',(-26.875,-52.650951481,32.));
#14197=DIRECTION('',(0.,1.,0.));
#14198=DIRECTION('',(0.,0.,1.));
#14199=AXIS2_PLACEMENT_3D('',#14196,#14197,#14198);
#14200=PLANE('',#14199);
#14201=CARTESIAN_POINT('',(-27.375,-52.650951481,33.));
#14202=VERTEX_POINT('',#14201);
#14203=CARTESIAN_POINT('',(-27.375,-52.650951481,42.));
#14204=DIRECTION('',(-0.,-0.,-1.));
#14205=VECTOR('',#14204,9.);
#14206=LINE('',#14203,#14205);
#14207=EDGE_CURVE('',#9898,#14202,#14206,.T.);
#14208=ORIENTED_EDGE('',*,*,#14207,.T.);
#14209=CARTESIAN_POINT('',(-27.375,-52.650951481,33.));
#14210=DIRECTION('',(1.,-0.,-0.));
#14211=VECTOR('',#14210,2.);
#14212=LINE('',#14209,#14211);
#14213=EDGE_CURVE('',#14202,#13659,#14212,.T.);
#14214=ORIENTED_EDGE('',*,*,#14213,.T.);
#14215=ORIENTED_EDGE('',*,*,#13666,.T.);
#14216=CARTESIAN_POINT('',(-23.375,-52.650951481,40.));
#14217=DIRECTION('',(0.,1.,0.));
#14218=DIRECTION('',(0.,-0.,1.));
#14219=AXIS2_PLACEMENT_3D('',#14216,#14217,#14218);
#14220=CIRCLE('',#14219,2.);
#14221=EDGE_CURVE('',#13661,#9896,#14220,.T.);
#14222=ORIENTED_EDGE('',*,*,#14221,.T.);
#14223=ORIENTED_EDGE('',*,*,#9903,.T.);
#14224=EDGE_LOOP('',(#14208,#14214,#14215,#14222,#14223));
#14225=FACE_BOUND('',#14224,.T.);
#14226=ADVANCED_FACE('',(#14225),#14200,.F.);
#14227=CARTESIAN_POINT('',(0.,0.,32.));
#14228=DIRECTION('',(0.,0.,-1.));
#14229=DIRECTION('',(-1.,0.,0.));
#14230=AXIS2_PLACEMENT_3D('',#14227,#14228,#14229);
#14231=PLANE('',#14230);
#14232=CARTESIAN_POINT('',(-27.375,-51.650951481,32.));
#14233=VERTEX_POINT('',#14232);
#14234=CARTESIAN_POINT('',(-25.375,-51.650951481,32.));
#14235=DIRECTION('',(-1.,0.,0.));
#14236=VECTOR('',#14235,2.);
#14237=LINE('',#14234,#14236);
#14238=EDGE_CURVE('',#13669,#14233,#14237,.T.);
#14239=ORIENTED_EDGE('',*,*,#14238,.T.);
#14240=CARTESIAN_POINT('',(-27.375,-51.650951481,32.));
#14241=DIRECTION('',(-0.,1.,-0.));
#14242=VECTOR('',#14241,9.);
#14243=LINE('',#14240,#14242);
#14244=EDGE_CURVE('',#14233,#14169,#14243,.T.);
#14245=ORIENTED_EDGE('',*,*,#14244,.T.);
#14246=ORIENTED_EDGE('',*,*,#14174,.T.);
#14247=ORIENTED_EDGE('',*,*,#13683,.F.);
#14248=EDGE_LOOP('',(#14239,#14245,#14246,#14247));
#14249=FACE_BOUND('',#14248,.T.);
#14250=ADVANCED_FACE('',(#14249),#14231,.T.);
#14251=CARTESIAN_POINT('',(-27.375,-51.650951481,37.));
#14252=DIRECTION('',(0.,0.,-1.));
#14253=DIRECTION('',(-1.,0.,0.));
#14254=AXIS2_PLACEMENT_3D('',#14251,#14252,#14253);
#14255=CYLINDRICAL_SURFACE('',#14254,1.);
#14256=ORIENTED_EDGE('',*,*,#13887,.F.);
#14257=CARTESIAN_POINT('',(-27.375,-51.650951481,33.));
#14258=DIRECTION('',(-0.,-0.,1.));
#14259=DIRECTION('',(-1.,0.,0.));
#14260=AXIS2_PLACEMENT_3D('',#14257,#14258,#14259);
#14261=CIRCLE('',#14260,1.);
#14262=EDGE_CURVE('',#13876,#14202,#14261,.T.);
#14263=ORIENTED_EDGE('',*,*,#14262,.T.);
#14264=ORIENTED_EDGE('',*,*,#14207,.F.);
#14265=ORIENTED_EDGE('',*,*,#10050,.F.);
#14266=EDGE_LOOP('',(#14256,#14263,#14264,#14265));
#14267=FACE_BOUND('',#14266,.T.);
#14268=ADVANCED_FACE('',(#14267),#14255,.T.);
#14269=CARTESIAN_POINT('',(-46.675,-47.650951481,37.));
#14270=DIRECTION('',(1.,0.,0.));
#14271=DIRECTION('',(-0.,1.,0.));
#14272=AXIS2_PLACEMENT_3D('',#14269,#14270,#14271);
#14273=CYLINDRICAL_SURFACE('',#14272,2.);
#14274=CARTESIAN_POINT('',(-25.375,-45.650951481,37.));
#14275=DIRECTION('',(-1.,-0.,-0.));
#14276=VECTOR('',#14275,3.);
#14277=LINE('',#14274,#14276);
#14278=EDGE_CURVE('',#13648,#13832,#14277,.T.);
#14279=ORIENTED_EDGE('',*,*,#14278,.F.);
#14280=ORIENTED_EDGE('',*,*,#13654,.T.);
#14281=ORIENTED_EDGE('',*,*,#14278,.T.);
#14282=ORIENTED_EDGE('',*,*,#13840,.T.);
#14283=ORIENTED_EDGE('',*,*,#13847,.T.);
#14284=EDGE_LOOP('',(#14279,#14280,#14281,#14282,#14283));
#14285=FACE_BOUND('',#14284,.T.);
#14286=ADVANCED_FACE('',(#14285),#14273,.F.);
#14287=CARTESIAN_POINT('',(23.375,1.474048519,40.));
#14288=DIRECTION('',(0.,-1.,0.));
#14289=DIRECTION('',(1.,0.,0.));
#14290=AXIS2_PLACEMENT_3D('',#14287,#14288,#14289);
#14291=CYLINDRICAL_SURFACE('',#14290,2.);
#14292=ORIENTED_EDGE('',*,*,#13735,.F.);
#14293=ORIENTED_EDGE('',*,*,#10061,.F.);
#14294=ORIENTED_EDGE('',*,*,#6578,.F.);
#14295=ORIENTED_EDGE('',*,*,#13636,.F.);
#14296=EDGE_LOOP('',(#14292,#14293,#14294,#14295));
#14297=FACE_BOUND('',#14296,.T.);
#14298=ADVANCED_FACE('',(#14297),#14291,.F.);
#14299=CARTESIAN_POINT('',(-23.375,1.474048519,40.));
#14300=DIRECTION('',(-0.,1.,0.));
#14301=DIRECTION('',(-1.,-0.,0.));
#14302=AXIS2_PLACEMENT_3D('',#14299,#14300,#14301);
#14303=CYLINDRICAL_SURFACE('',#14302,2.);
#14304=ORIENTED_EDGE('',*,*,#13821,.F.);
#14305=ORIENTED_EDGE('',*,*,#9911,.F.);
#14306=ORIENTED_EDGE('',*,*,#14221,.F.);
#14307=ORIENTED_EDGE('',*,*,#13704,.F.);
#14308=EDGE_LOOP('',(#14304,#14305,#14306,#14307));
#14309=FACE_BOUND('',#14308,.T.);
#14310=ADVANCED_FACE('',(#14309),#14303,.F.);
#14311=CARTESIAN_POINT('',(-0.,29.599048519,40.));
#14312=DIRECTION('',(1.,0.,0.));
#14313=DIRECTION('',(-0.,1.,0.));
#14314=AXIS2_PLACEMENT_3D('',#14311,#14312,#14313);
#14315=CYLINDRICAL_SURFACE('',#14314,2.);
#14316=ORIENTED_EDGE('',*,*,#6601,.F.);
#14317=ORIENTED_EDGE('',*,*,#10102,.F.);
#14318=ORIENTED_EDGE('',*,*,#14045,.F.);
#14319=ORIENTED_EDGE('',*,*,#6520,.F.);
#14320=EDGE_LOOP('',(#14316,#14317,#14318,#14319));
#14321=FACE_BOUND('',#14320,.T.);
#14322=ADVANCED_FACE('',(#14321),#14315,.F.);
#14323=CARTESIAN_POINT('',(-0.,33.599048519,40.));
#14324=DIRECTION('',(1.,0.,0.));
#14325=DIRECTION('',(-0.,1.,0.));
#14326=AXIS2_PLACEMENT_3D('',#14323,#14324,#14325);
#14327=CYLINDRICAL_SURFACE('',#14326,1.);
#14328=ORIENTED_EDGE('',*,*,#14036,.F.);
#14329=ORIENTED_EDGE('',*,*,#13418,.F.);
#14330=CARTESIAN_POINT('',(27.375,33.599048519,40.));
#14331=DIRECTION('',(1.,0.,0.));
#14332=DIRECTION('',(0.,0.,-1.));
#14333=AXIS2_PLACEMENT_3D('',#14330,#14331,#14332);
#14334=CIRCLE('',#14333,1.);
#14335=EDGE_CURVE('',#6667,#13405,#14334,.T.);
#14336=ORIENTED_EDGE('',*,*,#14335,.F.);
#14337=ORIENTED_EDGE('',*,*,#6672,.F.);
#14338=EDGE_LOOP('',(#14328,#14329,#14336,#14337));
#14339=FACE_BOUND('',#14338,.T.);
#14340=ADVANCED_FACE('',(#14339),#14327,.T.);
#14341=CARTESIAN_POINT('',(27.375,33.599048519,40.));
#14342=DIRECTION('',(0.,0.,1.));
#14343=DIRECTION('',(1.,0.,-0.));
#14344=AXIS2_PLACEMENT_3D('',#14341,#14342,#14343);
#14345=SPHERICAL_SURFACE('',#14344,1.);
#14346=ORIENTED_EDGE('',*,*,#14335,.T.);
#14347=ORIENTED_EDGE('',*,*,#13786,.F.);
#14348=CARTESIAN_POINT('',(27.375,33.599048519,40.));
#14349=DIRECTION('',(0.,-1.,0.));
#14350=DIRECTION('',(0.,0.,-1.));
#14351=AXIS2_PLACEMENT_3D('',#14348,#14349,#14350);
#14352=CIRCLE('',#14351,1.);
#14353=EDGE_CURVE('',#6667,#6604,#14352,.T.);
#14354=ORIENTED_EDGE('',*,*,#14353,.F.);
#14355=EDGE_LOOP('',(#14346,#14347,#14354));
#14356=FACE_BOUND('',#14355,.T.);
#14357=ADVANCED_FACE('',(#14356),#14345,.T.);
#14358=CARTESIAN_POINT('',(27.375,0.,40.));
#14359=DIRECTION('',(0.,-1.,0.));
#14360=DIRECTION('',(1.,0.,0.));
#14361=AXIS2_PLACEMENT_3D('',#14358,#14359,#14360);
#14362=CYLINDRICAL_SURFACE('',#14361,1.);
#14363=ORIENTED_EDGE('',*,*,#14353,.T.);
#14364=ORIENTED_EDGE('',*,*,#6609,.F.);
#14365=ORIENTED_EDGE('',*,*,#6512,.F.);
#14366=ORIENTED_EDGE('',*,*,#6678,.F.);
#14367=EDGE_LOOP('',(#14363,#14364,#14365,#14366));
#14368=FACE_BOUND('',#14367,.T.);
#14369=ADVANCED_FACE('',(#14368),#14362,.T.);
#14370=CARTESIAN_POINT('',(27.375,0.,33.));
#14371=DIRECTION('',(0.,-1.,0.));
#14372=DIRECTION('',(1.,0.,0.));
#14373=AXIS2_PLACEMENT_3D('',#14370,#14371,#14372);
#14374=CYLINDRICAL_SURFACE('',#14373,1.);
#14375=ORIENTED_EDGE('',*,*,#6553,.F.);
#14376=ORIENTED_EDGE('',*,*,#13768,.F.);
#14377=CARTESIAN_POINT('',(27.375,-51.650951481,33.));
#14378=DIRECTION('',(0.,-1.,0.));
#14379=DIRECTION('',(0.,0.,-1.));
#14380=AXIS2_PLACEMENT_3D('',#14377,#14378,#14379);
#14381=CIRCLE('',#14380,1.);
#14382=EDGE_CURVE('',#6634,#13757,#14381,.T.);
#14383=ORIENTED_EDGE('',*,*,#14382,.F.);
#14384=ORIENTED_EDGE('',*,*,#6639,.F.);
#14385=EDGE_LOOP('',(#14375,#14376,#14383,#14384));
#14386=FACE_BOUND('',#14385,.T.);
#14387=ADVANCED_FACE('',(#14386),#14374,.T.);
#14388=CARTESIAN_POINT('',(27.375,-51.650951481,33.));
#14389=DIRECTION('',(0.,0.,1.));
#14390=DIRECTION('',(1.,0.,-0.));
#14391=AXIS2_PLACEMENT_3D('',#14388,#14389,#14390);
#14392=SPHERICAL_SURFACE('',#14391,1.);
#14393=ORIENTED_EDGE('',*,*,#14382,.T.);
#14394=ORIENTED_EDGE('',*,*,#14139,.F.);
#14395=CARTESIAN_POINT('',(27.375,-51.650951481,33.));
#14396=DIRECTION('',(-1.,0.,0.));
#14397=DIRECTION('',(0.,0.,1.));
#14398=AXIS2_PLACEMENT_3D('',#14395,#14396,#14397);
#14399=CIRCLE('',#14398,1.);
#14400=EDGE_CURVE('',#6634,#13716,#14399,.T.);
#14401=ORIENTED_EDGE('',*,*,#14400,.F.);
#14402=EDGE_LOOP('',(#14393,#14394,#14401));
#14403=FACE_BOUND('',#14402,.T.);
#14404=ADVANCED_FACE('',(#14403),#14392,.T.);
#14405=CARTESIAN_POINT('',(26.75,-51.650951481,33.));
#14406=DIRECTION('',(-1.,0.,0.));
#14407=DIRECTION('',(0.,0.,1.));
#14408=AXIS2_PLACEMENT_3D('',#14405,#14406,#14407);
#14409=CYLINDRICAL_SURFACE('',#14408,1.);
#14410=ORIENTED_EDGE('',*,*,#13622,.F.);
#14411=ORIENTED_EDGE('',*,*,#6647,.F.);
#14412=ORIENTED_EDGE('',*,*,#14400,.T.);
#14413=ORIENTED_EDGE('',*,*,#13721,.F.);
#14414=EDGE_LOOP('',(#14410,#14411,#14412,#14413));
#14415=FACE_BOUND('',#14414,.T.);
#14416=ADVANCED_FACE('',(#14415),#14409,.T.);
#14417=CARTESIAN_POINT('',(0.,-51.650951481,33.));
#14418=DIRECTION('',(1.,0.,0.));
#14419=DIRECTION('',(0.,0.,-1.));
#14420=AXIS2_PLACEMENT_3D('',#14417,#14418,#14419);
#14421=CYLINDRICAL_SURFACE('',#14420,1.);
#14422=ORIENTED_EDGE('',*,*,#13675,.F.);
#14423=ORIENTED_EDGE('',*,*,#14213,.F.);
#14424=CARTESIAN_POINT('',(-27.375,-51.650951481,33.));
#14425=DIRECTION('',(-1.,0.,0.));
#14426=DIRECTION('',(0.,0.,1.));
#14427=AXIS2_PLACEMENT_3D('',#14424,#14425,#14426);
#14428=CIRCLE('',#14427,1.);
#14429=EDGE_CURVE('',#14233,#14202,#14428,.T.);
#14430=ORIENTED_EDGE('',*,*,#14429,.F.);
#14431=ORIENTED_EDGE('',*,*,#14238,.F.);
#14432=EDGE_LOOP('',(#14422,#14423,#14430,#14431));
#14433=FACE_BOUND('',#14432,.T.);
#14434=ADVANCED_FACE('',(#14433),#14421,.T.);
#14435=CARTESIAN_POINT('',(-27.375,-51.650951481,33.));
#14436=DIRECTION('',(0.,0.,-1.));
#14437=DIRECTION('',(-1.,0.,0.));
#14438=AXIS2_PLACEMENT_3D('',#14435,#14436,#14437);
#14439=SPHERICAL_SURFACE('',#14438,1.);
#14440=ORIENTED_EDGE('',*,*,#14429,.T.);
#14441=ORIENTED_EDGE('',*,*,#14262,.F.);
#14442=CARTESIAN_POINT('',(-27.375,-51.650951481,33.));
#14443=DIRECTION('',(0.,1.,0.));
#14444=DIRECTION('',(0.,-0.,1.));
#14445=AXIS2_PLACEMENT_3D('',#14442,#14443,#14444);
#14446=CIRCLE('',#14445,1.);
#14447=EDGE_CURVE('',#14233,#13876,#14446,.T.);
#14448=ORIENTED_EDGE('',*,*,#14447,.F.);
#14449=EDGE_LOOP('',(#14440,#14441,#14448));
#14450=FACE_BOUND('',#14449,.T.);
#14451=ADVANCED_FACE('',(#14450),#14439,.T.);
#14452=CARTESIAN_POINT('',(-27.375,30.974048519,33.));
#14453=DIRECTION('',(0.,-1.,0.));
#14454=DIRECTION('',(1.,0.,0.));
#14455=AXIS2_PLACEMENT_3D('',#14452,#14453,#14454);
#14456=CYLINDRICAL_SURFACE('',#14455,1.);
#14457=ORIENTED_EDGE('',*,*,#14181,.F.);
#14458=ORIENTED_EDGE('',*,*,#14244,.F.);
#14459=ORIENTED_EDGE('',*,*,#14447,.T.);
#14460=ORIENTED_EDGE('',*,*,#13881,.F.);
#14461=EDGE_LOOP('',(#14457,#14458,#14459,#14460));
#14462=FACE_BOUND('',#14461,.T.);
#14463=ADVANCED_FACE('',(#14462),#14456,.T.);
#14464=CARTESIAN_POINT('',(-27.375,30.974048519,40.));
#14465=DIRECTION('',(-0.,1.,0.));
#14466=DIRECTION('',(-1.,-0.,0.));
#14467=AXIS2_PLACEMENT_3D('',#14464,#14465,#14466);
#14468=CYLINDRICAL_SURFACE('',#14467,1.);
#14469=ORIENTED_EDGE('',*,*,#14007,.F.);
#14470=ORIENTED_EDGE('',*,*,#13451,.F.);
#14471=ORIENTED_EDGE('',*,*,#14189,.F.);
#14472=ORIENTED_EDGE('',*,*,#13865,.F.);
#14473=EDGE_LOOP('',(#14469,#14470,#14471,#14472));
#14474=FACE_BOUND('',#14473,.T.);
#14475=ADVANCED_FACE('',(#14474),#14468,.T.);
#14476=CARTESIAN_POINT('',(-11.888,19.562672308,15.));
#14477=DIRECTION('',(0.866025404,-0.5,0.));
#14478=DIRECTION('',(0.5,0.866025404,0.));
#14479=AXIS2_PLACEMENT_3D('',#14476,#14477,#14478);
#14480=PLANE('',#14479);
#14481=CARTESIAN_POINT('',(-12.638,18.263634202,42.));
#14482=DIRECTION('',(0.,0.,1.));
#14483=VECTOR('',#14482,3.);
#14484=LINE('',#14481,#14483);
#14485=EDGE_CURVE('',#9848,#13279,#14484,.T.);
#14486=ORIENTED_EDGE('',*,*,#14485,.T.);
#14487=ORIENTED_EDGE('',*,*,#13286,.T.);
#14488=CARTESIAN_POINT('',(-11.138,20.861710414,42.));
#14489=DIRECTION('',(0.,0.,1.));
#14490=VECTOR('',#14489,3.);
#14491=LINE('',#14488,#14490);
#14492=EDGE_CURVE('',#9856,#13281,#14491,.T.);
#14493=ORIENTED_EDGE('',*,*,#14492,.F.);
#14494=ORIENTED_EDGE('',*,*,#9861,.F.);
#14495=EDGE_LOOP('',(#14486,#14487,#14493,#14494));
#14496=FACE_BOUND('',#14495,.T.);
#14497=ADVANCED_FACE('',(#14496),#14480,.F.);
#14498=CARTESIAN_POINT('',(-11.888,22.160748519,15.));
#14499=DIRECTION('',(0.866025404,0.5,0.));
#14500=DIRECTION('',(-0.5,0.866025404,0.));
#14501=AXIS2_PLACEMENT_3D('',#14498,#14499,#14500);
#14502=PLANE('',#14501);
#14503=ORIENTED_EDGE('',*,*,#14492,.T.);
#14504=ORIENTED_EDGE('',*,*,#13324,.T.);
#14505=CARTESIAN_POINT('',(-12.638,23.459786625,42.));
#14506=DIRECTION('',(0.,0.,1.));
#14507=VECTOR('',#14506,3.);
#14508=LINE('',#14505,#14507);
#14509=EDGE_CURVE('',#9864,#13313,#14508,.T.);
#14510=ORIENTED_EDGE('',*,*,#14509,.F.);
#14511=ORIENTED_EDGE('',*,*,#9869,.F.);
#14512=EDGE_LOOP('',(#14503,#14504,#14510,#14511));
#14513=FACE_BOUND('',#14512,.T.);
#14514=ADVANCED_FACE('',(#14513),#14502,.F.);
#14515=CARTESIAN_POINT('',(-14.138,23.459786625,15.));
#14516=DIRECTION('',(0.,1.,0.));
#14517=DIRECTION('',(0.,0.,1.));
#14518=AXIS2_PLACEMENT_3D('',#14515,#14516,#14517);
#14519=PLANE('',#14518);
#14520=ORIENTED_EDGE('',*,*,#14509,.T.);
#14521=ORIENTED_EDGE('',*,*,#13318,.T.);
#14522=CARTESIAN_POINT('',(-15.638,23.459786625,42.));
#14523=DIRECTION('',(0.,0.,1.));
#14524=VECTOR('',#14523,3.);
#14525=LINE('',#14522,#14524);
#14526=EDGE_CURVE('',#9872,#13305,#14525,.T.);
#14527=ORIENTED_EDGE('',*,*,#14526,.F.);
#14528=ORIENTED_EDGE('',*,*,#9877,.F.);
#14529=EDGE_LOOP('',(#14520,#14521,#14527,#14528));
#14530=FACE_BOUND('',#14529,.T.);
#14531=ADVANCED_FACE('',(#14530),#14519,.F.);
#14532=CARTESIAN_POINT('',(-16.388,22.160748519,15.));
#14533=DIRECTION('',(-0.866025404,0.5,0.));
#14534=DIRECTION('',(-0.5,-0.866025404,0.));
#14535=AXIS2_PLACEMENT_3D('',#14532,#14533,#14534);
#14536=PLANE('',#14535);
#14537=ORIENTED_EDGE('',*,*,#14526,.T.);
#14538=ORIENTED_EDGE('',*,*,#13310,.T.);
#14539=CARTESIAN_POINT('',(-17.138,20.861710414,42.));
#14540=DIRECTION('',(0.,0.,1.));
#14541=VECTOR('',#14540,3.);
#14542=LINE('',#14539,#14541);
#14543=EDGE_CURVE('',#9880,#13297,#14542,.T.);
#14544=ORIENTED_EDGE('',*,*,#14543,.F.);
#14545=ORIENTED_EDGE('',*,*,#9885,.F.);
#14546=EDGE_LOOP('',(#14537,#14538,#14544,#14545));
#14547=FACE_BOUND('',#14546,.T.);
#14548=ADVANCED_FACE('',(#14547),#14536,.F.);
#14549=CARTESIAN_POINT('',(-16.388,19.562672308,15.));
#14550=DIRECTION('',(-0.866025404,-0.5,0.));
#14551=DIRECTION('',(0.5,-0.866025404,0.));
#14552=AXIS2_PLACEMENT_3D('',#14549,#14550,#14551);
#14553=PLANE('',#14552);
#14554=ORIENTED_EDGE('',*,*,#14543,.T.);
#14555=ORIENTED_EDGE('',*,*,#13302,.T.);
#14556=CARTESIAN_POINT('',(-15.638,18.263634202,42.));
#14557=DIRECTION('',(0.,0.,1.));
#14558=VECTOR('',#14557,3.);
#14559=LINE('',#14556,#14558);
#14560=EDGE_CURVE('',#9846,#13289,#14559,.T.);
#14561=ORIENTED_EDGE('',*,*,#14560,.F.);
#14562=ORIENTED_EDGE('',*,*,#9891,.F.);
#14563=EDGE_LOOP('',(#14554,#14555,#14561,#14562));
#14564=FACE_BOUND('',#14563,.T.);
#14565=ADVANCED_FACE('',(#14564),#14553,.F.);
#14566=CARTESIAN_POINT('',(-14.138,18.263634202,15.));
#14567=DIRECTION('',(0.,-1.,0.));
#14568=DIRECTION('',(1.,0.,0.));
#14569=AXIS2_PLACEMENT_3D('',#14566,#14567,#14568);
#14570=PLANE('',#14569);
#14571=ORIENTED_EDGE('',*,*,#14560,.T.);
#14572=ORIENTED_EDGE('',*,*,#13294,.T.);
#14573=ORIENTED_EDGE('',*,*,#14485,.F.);
#14574=ORIENTED_EDGE('',*,*,#9853,.F.);
#14575=EDGE_LOOP('',(#14571,#14572,#14573,#14574));
#14576=FACE_BOUND('',#14575,.T.);
#14577=ADVANCED_FACE('',(#14576),#14570,.F.);
#14578=CARTESIAN_POINT('',(16.388,24.160748519,15.));
#14579=DIRECTION('',(0.866025404,-0.5,0.));
#14580=DIRECTION('',(0.5,0.866025404,0.));
#14581=AXIS2_PLACEMENT_3D('',#14578,#14579,#14580);
#14582=PLANE('',#14581);
#14583=CARTESIAN_POINT('',(15.638,22.861710414,42.));
#14584=DIRECTION('',(0.,0.,1.));
#14585=VECTOR('',#14584,3.);
#14586=LINE('',#14583,#14585);
#14587=EDGE_CURVE('',#9798,#13229,#14586,.T.);
#14588=ORIENTED_EDGE('',*,*,#14587,.T.);
#14589=ORIENTED_EDGE('',*,*,#13236,.T.);
#14590=CARTESIAN_POINT('',(17.138,25.459786625,42.));
#14591=DIRECTION('',(0.,0.,1.));
#14592=VECTOR('',#14591,3.);
#14593=LINE('',#14590,#14592);
#14594=EDGE_CURVE('',#9806,#13231,#14593,.T.);
#14595=ORIENTED_EDGE('',*,*,#14594,.F.);
#14596=ORIENTED_EDGE('',*,*,#9811,.F.);
#14597=EDGE_LOOP('',(#14588,#14589,#14595,#14596));
#14598=FACE_BOUND('',#14597,.T.);
#14599=ADVANCED_FACE('',(#14598),#14582,.F.);
#14600=CARTESIAN_POINT('',(16.388,26.758824731,15.));
#14601=DIRECTION('',(0.866025404,0.5,0.));
#14602=DIRECTION('',(-0.5,0.866025404,0.));
#14603=AXIS2_PLACEMENT_3D('',#14600,#14601,#14602);
#14604=PLANE('',#14603);
#14605=ORIENTED_EDGE('',*,*,#14594,.T.);
#14606=ORIENTED_EDGE('',*,*,#13274,.T.);
#14607=CARTESIAN_POINT('',(15.638,28.057862836,42.));
#14608=DIRECTION('',(0.,0.,1.));
#14609=VECTOR('',#14608,3.);
#14610=LINE('',#14607,#14609);
#14611=EDGE_CURVE('',#9814,#13263,#14610,.T.);
#14612=ORIENTED_EDGE('',*,*,#14611,.F.);
#14613=ORIENTED_EDGE('',*,*,#9819,.F.);
#14614=EDGE_LOOP('',(#14605,#14606,#14612,#14613));
#14615=FACE_BOUND('',#14614,.T.);
#14616=ADVANCED_FACE('',(#14615),#14604,.F.);
#14617=CARTESIAN_POINT('',(14.138,28.057862836,15.));
#14618=DIRECTION('',(0.,1.,0.));
#14619=DIRECTION('',(0.,0.,1.));
#14620=AXIS2_PLACEMENT_3D('',#14617,#14618,#14619);
#14621=PLANE('',#14620);
#14622=ORIENTED_EDGE('',*,*,#14611,.T.);
#14623=ORIENTED_EDGE('',*,*,#13268,.T.);
#14624=CARTESIAN_POINT('',(12.638,28.057862836,42.));
#14625=DIRECTION('',(0.,0.,1.));
#14626=VECTOR('',#14625,3.);
#14627=LINE('',#14624,#14626);
#14628=EDGE_CURVE('',#9822,#13255,#14627,.T.);
#14629=ORIENTED_EDGE('',*,*,#14628,.F.);
#14630=ORIENTED_EDGE('',*,*,#9827,.F.);
#14631=EDGE_LOOP('',(#14622,#14623,#14629,#14630));
#14632=FACE_BOUND('',#14631,.T.);
#14633=ADVANCED_FACE('',(#14632),#14621,.F.);
#14634=CARTESIAN_POINT('',(11.888,26.758824731,15.));
#14635=DIRECTION('',(-0.866025404,0.5,0.));
#14636=DIRECTION('',(-0.5,-0.866025404,0.));
#14637=AXIS2_PLACEMENT_3D('',#14634,#14635,#14636);
#14638=PLANE('',#14637);
#14639=ORIENTED_EDGE('',*,*,#14628,.T.);
#14640=ORIENTED_EDGE('',*,*,#13260,.T.);
#14641=CARTESIAN_POINT('',(11.138,25.459786625,42.));
#14642=DIRECTION('',(0.,0.,1.));
#14643=VECTOR('',#14642,3.);
#14644=LINE('',#14641,#14643);
#14645=EDGE_CURVE('',#9830,#13247,#14644,.T.);
#14646=ORIENTED_EDGE('',*,*,#14645,.F.);
#14647=ORIENTED_EDGE('',*,*,#9835,.F.);
#14648=EDGE_LOOP('',(#14639,#14640,#14646,#14647));
#14649=FACE_BOUND('',#14648,.T.);
#14650=ADVANCED_FACE('',(#14649),#14638,.F.);
#14651=CARTESIAN_POINT('',(11.888,24.160748519,15.));
#14652=DIRECTION('',(-0.866025404,-0.5,0.));
#14653=DIRECTION('',(0.5,-0.866025404,0.));
#14654=AXIS2_PLACEMENT_3D('',#14651,#14652,#14653);
#14655=PLANE('',#14654);
#14656=ORIENTED_EDGE('',*,*,#14645,.T.);
#14657=ORIENTED_EDGE('',*,*,#13252,.T.);
#14658=CARTESIAN_POINT('',(12.638,22.861710414,42.));
#14659=DIRECTION('',(0.,0.,1.));
#14660=VECTOR('',#14659,3.);
#14661=LINE('',#14658,#14660);
#14662=EDGE_CURVE('',#9796,#13239,#14661,.T.);
#14663=ORIENTED_EDGE('',*,*,#14662,.F.);
#14664=ORIENTED_EDGE('',*,*,#9841,.F.);
#14665=EDGE_LOOP('',(#14656,#14657,#14663,#14664));
#14666=FACE_BOUND('',#14665,.T.);
#14667=ADVANCED_FACE('',(#14666),#14655,.F.);
#14668=CARTESIAN_POINT('',(14.138,22.861710414,15.));
#14669=DIRECTION('',(0.,-1.,0.));
#14670=DIRECTION('',(1.,0.,0.));
#14671=AXIS2_PLACEMENT_3D('',#14668,#14669,#14670);
#14672=PLANE('',#14671);
#14673=ORIENTED_EDGE('',*,*,#14662,.T.);
#14674=ORIENTED_EDGE('',*,*,#13244,.T.);
#14675=ORIENTED_EDGE('',*,*,#14587,.F.);
#14676=ORIENTED_EDGE('',*,*,#9803,.F.);
#14677=EDGE_LOOP('',(#14673,#14674,#14675,#14676));
#14678=FACE_BOUND('',#14677,.T.);
#14679=ADVANCED_FACE('',(#14678),#14672,.F.);
#14680=CARTESIAN_POINT('',(16.388,-31.016451481,15.));
#14681=DIRECTION('',(0.866025404,-0.5,0.));
#14682=DIRECTION('',(0.5,0.866025404,0.));
#14683=AXIS2_PLACEMENT_3D('',#14680,#14681,#14682);
#14684=PLANE('',#14683);
#14685=CARTESIAN_POINT('',(15.638,-32.315489586,42.));
#14686=DIRECTION('',(0.,0.,1.));
#14687=VECTOR('',#14686,3.);
#14688=LINE('',#14685,#14687);
#14689=EDGE_CURVE('',#9748,#13179,#14688,.T.);
#14690=ORIENTED_EDGE('',*,*,#14689,.T.);
#14691=ORIENTED_EDGE('',*,*,#13186,.T.);
#14692=CARTESIAN_POINT('',(17.138,-29.717413375,42.));
#14693=DIRECTION('',(0.,0.,1.));
#14694=VECTOR('',#14693,3.);
#14695=LINE('',#14692,#14694);
#14696=EDGE_CURVE('',#9756,#13181,#14695,.T.);
#14697=ORIENTED_EDGE('',*,*,#14696,.F.);
#14698=ORIENTED_EDGE('',*,*,#9761,.F.);
#14699=EDGE_LOOP('',(#14690,#14691,#14697,#14698));
#14700=FACE_BOUND('',#14699,.T.);
#14701=ADVANCED_FACE('',(#14700),#14684,.F.);
#14702=CARTESIAN_POINT('',(16.388,-28.418375269,15.));
#14703=DIRECTION('',(0.866025404,0.5,0.));
#14704=DIRECTION('',(-0.5,0.866025404,0.));
#14705=AXIS2_PLACEMENT_3D('',#14702,#14703,#14704);
#14706=PLANE('',#14705);
#14707=ORIENTED_EDGE('',*,*,#14696,.T.);
#14708=ORIENTED_EDGE('',*,*,#13224,.T.);
#14709=CARTESIAN_POINT('',(15.638,-27.119337164,42.));
#14710=DIRECTION('',(0.,0.,1.));
#14711=VECTOR('',#14710,3.);
#14712=LINE('',#14709,#14711);
#14713=EDGE_CURVE('',#9764,#13213,#14712,.T.);
#14714=ORIENTED_EDGE('',*,*,#14713,.F.);
#14715=ORIENTED_EDGE('',*,*,#9769,.F.);
#14716=EDGE_LOOP('',(#14707,#14708,#14714,#14715));
#14717=FACE_BOUND('',#14716,.T.);
#14718=ADVANCED_FACE('',(#14717),#14706,.F.);
#14719=CARTESIAN_POINT('',(14.138,-27.119337164,15.));
#14720=DIRECTION('',(0.,1.,0.));
#14721=DIRECTION('',(0.,0.,1.));
#14722=AXIS2_PLACEMENT_3D('',#14719,#14720,#14721);
#14723=PLANE('',#14722);
#14724=ORIENTED_EDGE('',*,*,#14713,.T.);
#14725=ORIENTED_EDGE('',*,*,#13218,.T.);
#14726=CARTESIAN_POINT('',(12.638,-27.119337164,42.));
#14727=DIRECTION('',(0.,0.,1.));
#14728=VECTOR('',#14727,3.);
#14729=LINE('',#14726,#14728);
#14730=EDGE_CURVE('',#9772,#13205,#14729,.T.);
#14731=ORIENTED_EDGE('',*,*,#14730,.F.);
#14732=ORIENTED_EDGE('',*,*,#9777,.F.);
#14733=EDGE_LOOP('',(#14724,#14725,#14731,#14732));
#14734=FACE_BOUND('',#14733,.T.);
#14735=ADVANCED_FACE('',(#14734),#14723,.F.);
#14736=CARTESIAN_POINT('',(11.888,-28.418375269,15.));
#14737=DIRECTION('',(-0.866025404,0.5,0.));
#14738=DIRECTION('',(-0.5,-0.866025404,0.));
#14739=AXIS2_PLACEMENT_3D('',#14736,#14737,#14738);
#14740=PLANE('',#14739);
#14741=ORIENTED_EDGE('',*,*,#14730,.T.);
#14742=ORIENTED_EDGE('',*,*,#13210,.T.);
#14743=CARTESIAN_POINT('',(11.138,-29.717413375,42.));
#14744=DIRECTION('',(0.,0.,1.));
#14745=VECTOR('',#14744,3.);
#14746=LINE('',#14743,#14745);
#14747=EDGE_CURVE('',#9780,#13197,#14746,.T.);
#14748=ORIENTED_EDGE('',*,*,#14747,.F.);
#14749=ORIENTED_EDGE('',*,*,#9785,.F.);
#14750=EDGE_LOOP('',(#14741,#14742,#14748,#14749));
#14751=FACE_BOUND('',#14750,.T.);
#14752=ADVANCED_FACE('',(#14751),#14740,.F.);
#14753=CARTESIAN_POINT('',(11.888,-31.016451481,15.));
#14754=DIRECTION('',(-0.866025404,-0.5,0.));
#14755=DIRECTION('',(0.5,-0.866025404,0.));
#14756=AXIS2_PLACEMENT_3D('',#14753,#14754,#14755);
#14757=PLANE('',#14756);
#14758=ORIENTED_EDGE('',*,*,#14747,.T.);
#14759=ORIENTED_EDGE('',*,*,#13202,.T.);
#14760=CARTESIAN_POINT('',(12.638,-32.315489586,42.));
#14761=DIRECTION('',(0.,0.,1.));
#14762=VECTOR('',#14761,3.);
#14763=LINE('',#14760,#14762);
#14764=EDGE_CURVE('',#9746,#13189,#14763,.T.);
#14765=ORIENTED_EDGE('',*,*,#14764,.F.);
#14766=ORIENTED_EDGE('',*,*,#9791,.F.);
#14767=EDGE_LOOP('',(#14758,#14759,#14765,#14766));
#14768=FACE_BOUND('',#14767,.T.);
#14769=ADVANCED_FACE('',(#14768),#14757,.F.);
#14770=CARTESIAN_POINT('',(14.138,-32.315489586,15.));
#14771=DIRECTION('',(0.,-1.,0.));
#14772=DIRECTION('',(0.,0.,-1.));
#14773=AXIS2_PLACEMENT_3D('',#14770,#14771,#14772);
#14774=PLANE('',#14773);
#14775=ORIENTED_EDGE('',*,*,#14764,.T.);
#14776=ORIENTED_EDGE('',*,*,#13194,.T.);
#14777=ORIENTED_EDGE('',*,*,#14689,.F.);
#14778=ORIENTED_EDGE('',*,*,#9753,.F.);
#14779=EDGE_LOOP('',(#14775,#14776,#14777,#14778));
#14780=FACE_BOUND('',#14779,.T.);
#14781=ADVANCED_FACE('',(#14780),#14774,.F.);
#14782=CARTESIAN_POINT('',(22.0432,-26.418327692,15.));
#14783=DIRECTION('',(0.866025404,-0.5,0.));
#14784=DIRECTION('',(0.5,0.866025404,0.));
#14785=AXIS2_PLACEMENT_3D('',#14782,#14783,#14784);
#14786=PLANE('',#14785);
#14787=CARTESIAN_POINT('',(21.2932,-27.717365798,42.));
#14788=DIRECTION('',(0.,0.,1.));
#14789=VECTOR('',#14788,3.);
#14790=LINE('',#14787,#14789);
#14791=EDGE_CURVE('',#9698,#13129,#14790,.T.);
#14792=ORIENTED_EDGE('',*,*,#14791,.T.);
#14793=ORIENTED_EDGE('',*,*,#13136,.T.);
#14794=CARTESIAN_POINT('',(22.7932,-25.119289586,42.));
#14795=DIRECTION('',(0.,0.,1.));
#14796=VECTOR('',#14795,3.);
#14797=LINE('',#14794,#14796);
#14798=EDGE_CURVE('',#9706,#13131,#14797,.T.);
#14799=ORIENTED_EDGE('',*,*,#14798,.F.);
#14800=ORIENTED_EDGE('',*,*,#9711,.F.);
#14801=EDGE_LOOP('',(#14792,#14793,#14799,#14800));
#14802=FACE_BOUND('',#14801,.T.);
#14803=ADVANCED_FACE('',(#14802),#14786,.F.);
#14804=CARTESIAN_POINT('',(22.0432,-23.820251481,15.));
#14805=DIRECTION('',(0.866025404,0.5,0.));
#14806=DIRECTION('',(-0.5,0.866025404,0.));
#14807=AXIS2_PLACEMENT_3D('',#14804,#14805,#14806);
#14808=PLANE('',#14807);
#14809=ORIENTED_EDGE('',*,*,#14798,.T.);
#14810=ORIENTED_EDGE('',*,*,#13174,.T.);
#14811=CARTESIAN_POINT('',(21.2932,-22.521213375,42.));
#14812=DIRECTION('',(0.,0.,1.));
#14813=VECTOR('',#14812,3.);
#14814=LINE('',#14811,#14813);
#14815=EDGE_CURVE('',#9714,#13163,#14814,.T.);
#14816=ORIENTED_EDGE('',*,*,#14815,.F.);
#14817=ORIENTED_EDGE('',*,*,#9719,.F.);
#14818=EDGE_LOOP('',(#14809,#14810,#14816,#14817));
#14819=FACE_BOUND('',#14818,.T.);
#14820=ADVANCED_FACE('',(#14819),#14808,.F.);
#14821=CARTESIAN_POINT('',(19.7932,-22.521213375,15.));
#14822=DIRECTION('',(0.,1.,0.));
#14823=DIRECTION('',(0.,0.,1.));
#14824=AXIS2_PLACEMENT_3D('',#14821,#14822,#14823);
#14825=PLANE('',#14824);
#14826=ORIENTED_EDGE('',*,*,#14815,.T.);
#14827=ORIENTED_EDGE('',*,*,#13168,.T.);
#14828=CARTESIAN_POINT('',(18.2932,-22.521213375,42.));
#14829=DIRECTION('',(0.,0.,1.));
#14830=VECTOR('',#14829,3.);
#14831=LINE('',#14828,#14830);
#14832=EDGE_CURVE('',#9722,#13155,#14831,.T.);
#14833=ORIENTED_EDGE('',*,*,#14832,.F.);
#14834=ORIENTED_EDGE('',*,*,#9727,.F.);
#14835=EDGE_LOOP('',(#14826,#14827,#14833,#14834));
#14836=FACE_BOUND('',#14835,.T.);
#14837=ADVANCED_FACE('',(#14836),#14825,.F.);
#14838=CARTESIAN_POINT('',(17.5432,-23.820251481,15.));
#14839=DIRECTION('',(-0.866025404,0.5,0.));
#14840=DIRECTION('',(-0.5,-0.866025404,0.));
#14841=AXIS2_PLACEMENT_3D('',#14838,#14839,#14840);
#14842=PLANE('',#14841);
#14843=ORIENTED_EDGE('',*,*,#14832,.T.);
#14844=ORIENTED_EDGE('',*,*,#13160,.T.);
#14845=CARTESIAN_POINT('',(16.7932,-25.119289586,42.));
#14846=DIRECTION('',(0.,0.,1.));
#14847=VECTOR('',#14846,3.);
#14848=LINE('',#14845,#14847);
#14849=EDGE_CURVE('',#9730,#13147,#14848,.T.);
#14850=ORIENTED_EDGE('',*,*,#14849,.F.);
#14851=ORIENTED_EDGE('',*,*,#9735,.F.);
#14852=EDGE_LOOP('',(#14843,#14844,#14850,#14851));
#14853=FACE_BOUND('',#14852,.T.);
#14854=ADVANCED_FACE('',(#14853),#14842,.F.);
#14855=CARTESIAN_POINT('',(17.5432,-26.418327692,15.));
#14856=DIRECTION('',(-0.866025404,-0.5,0.));
#14857=DIRECTION('',(0.5,-0.866025404,0.));
#14858=AXIS2_PLACEMENT_3D('',#14855,#14856,#14857);
#14859=PLANE('',#14858);
#14860=ORIENTED_EDGE('',*,*,#14849,.T.);
#14861=ORIENTED_EDGE('',*,*,#13152,.T.);
#14862=CARTESIAN_POINT('',(18.2932,-27.717365798,42.));
#14863=DIRECTION('',(0.,0.,1.));
#14864=VECTOR('',#14863,3.);
#14865=LINE('',#14862,#14864);
#14866=EDGE_CURVE('',#9696,#13139,#14865,.T.);
#14867=ORIENTED_EDGE('',*,*,#14866,.F.);
#14868=ORIENTED_EDGE('',*,*,#9741,.F.);
#14869=EDGE_LOOP('',(#14860,#14861,#14867,#14868));
#14870=FACE_BOUND('',#14869,.T.);
#14871=ADVANCED_FACE('',(#14870),#14859,.F.);
#14872=CARTESIAN_POINT('',(19.7932,-27.717365798,15.));
#14873=DIRECTION('',(0.,-1.,0.));
#14874=DIRECTION('',(1.,0.,0.));
#14875=AXIS2_PLACEMENT_3D('',#14872,#14873,#14874);
#14876=PLANE('',#14875);
#14877=ORIENTED_EDGE('',*,*,#14866,.T.);
#14878=ORIENTED_EDGE('',*,*,#13144,.T.);
#14879=ORIENTED_EDGE('',*,*,#14791,.F.);
#14880=ORIENTED_EDGE('',*,*,#9703,.F.);
#14881=EDGE_LOOP('',(#14877,#14878,#14879,#14880));
#14882=FACE_BOUND('',#14881,.T.);
#14883=ADVANCED_FACE('',(#14882),#14876,.F.);
#14884=CARTESIAN_POINT('',(-11.888,10.366472308,15.));
#14885=DIRECTION('',(0.866025404,-0.5,0.));
#14886=DIRECTION('',(0.5,0.866025404,0.));
#14887=AXIS2_PLACEMENT_3D('',#14884,#14885,#14886);
#14888=PLANE('',#14887);
#14889=CARTESIAN_POINT('',(-12.638,9.067434202,42.));
#14890=DIRECTION('',(0.,0.,1.));
#14891=VECTOR('',#14890,3.);
#14892=LINE('',#14889,#14891);
#14893=EDGE_CURVE('',#9648,#13079,#14892,.T.);
#14894=ORIENTED_EDGE('',*,*,#14893,.T.);
#14895=ORIENTED_EDGE('',*,*,#13086,.T.);
#14896=CARTESIAN_POINT('',(-11.138,11.665510414,42.));
#14897=DIRECTION('',(0.,0.,1.));
#14898=VECTOR('',#14897,3.);
#14899=LINE('',#14896,#14898);
#14900=EDGE_CURVE('',#9656,#13081,#14899,.T.);
#14901=ORIENTED_EDGE('',*,*,#14900,.F.);
#14902=ORIENTED_EDGE('',*,*,#9661,.F.);
#14903=EDGE_LOOP('',(#14894,#14895,#14901,#14902));
#14904=FACE_BOUND('',#14903,.T.);
#14905=ADVANCED_FACE('',(#14904),#14888,.F.);
#14906=CARTESIAN_POINT('',(-11.888,12.964548519,15.));
#14907=DIRECTION('',(0.866025404,0.5,0.));
#14908=DIRECTION('',(-0.5,0.866025404,0.));
#14909=AXIS2_PLACEMENT_3D('',#14906,#14907,#14908);
#14910=PLANE('',#14909);
#14911=ORIENTED_EDGE('',*,*,#14900,.T.);
#14912=ORIENTED_EDGE('',*,*,#13124,.T.);
#14913=CARTESIAN_POINT('',(-12.638,14.263586625,42.));
#14914=DIRECTION('',(0.,0.,1.));
#14915=VECTOR('',#14914,3.);
#14916=LINE('',#14913,#14915);
#14917=EDGE_CURVE('',#9664,#13113,#14916,.T.);
#14918=ORIENTED_EDGE('',*,*,#14917,.F.);
#14919=ORIENTED_EDGE('',*,*,#9669,.F.);
#14920=EDGE_LOOP('',(#14911,#14912,#14918,#14919));
#14921=FACE_BOUND('',#14920,.T.);
#14922=ADVANCED_FACE('',(#14921),#14910,.F.);
#14923=CARTESIAN_POINT('',(-14.138,14.263586625,15.));
#14924=DIRECTION('',(0.,1.,0.));
#14925=DIRECTION('',(0.,0.,1.));
#14926=AXIS2_PLACEMENT_3D('',#14923,#14924,#14925);
#14927=PLANE('',#14926);
#14928=ORIENTED_EDGE('',*,*,#14917,.T.);
#14929=ORIENTED_EDGE('',*,*,#13118,.T.);
#14930=CARTESIAN_POINT('',(-15.638,14.263586625,42.));
#14931=DIRECTION('',(0.,0.,1.));
#14932=VECTOR('',#14931,3.);
#14933=LINE('',#14930,#14932);
#14934=EDGE_CURVE('',#9672,#13105,#14933,.T.);
#14935=ORIENTED_EDGE('',*,*,#14934,.F.);
#14936=ORIENTED_EDGE('',*,*,#9677,.F.);
#14937=EDGE_LOOP('',(#14928,#14929,#14935,#14936));
#14938=FACE_BOUND('',#14937,.T.);
#14939=ADVANCED_FACE('',(#14938),#14927,.F.);
#14940=CARTESIAN_POINT('',(-16.388,12.964548519,15.));
#14941=DIRECTION('',(-0.866025404,0.5,0.));
#14942=DIRECTION('',(-0.5,-0.866025404,0.));
#14943=AXIS2_PLACEMENT_3D('',#14940,#14941,#14942);
#14944=PLANE('',#14943);
#14945=ORIENTED_EDGE('',*,*,#14934,.T.);
#14946=ORIENTED_EDGE('',*,*,#13110,.T.);
#14947=CARTESIAN_POINT('',(-17.138,11.665510414,42.));
#14948=DIRECTION('',(0.,0.,1.));
#14949=VECTOR('',#14948,3.);
#14950=LINE('',#14947,#14949);
#14951=EDGE_CURVE('',#9680,#13097,#14950,.T.);
#14952=ORIENTED_EDGE('',*,*,#14951,.F.);
#14953=ORIENTED_EDGE('',*,*,#9685,.F.);
#14954=EDGE_LOOP('',(#14945,#14946,#14952,#14953));
#14955=FACE_BOUND('',#14954,.T.);
#14956=ADVANCED_FACE('',(#14955),#14944,.F.);
#14957=CARTESIAN_POINT('',(-16.388,10.366472308,15.));
#14958=DIRECTION('',(-0.866025404,-0.5,0.));
#14959=DIRECTION('',(0.5,-0.866025404,0.));
#14960=AXIS2_PLACEMENT_3D('',#14957,#14958,#14959);
#14961=PLANE('',#14960);
#14962=ORIENTED_EDGE('',*,*,#14951,.T.);
#14963=ORIENTED_EDGE('',*,*,#13102,.T.);
#14964=CARTESIAN_POINT('',(-15.638,9.067434202,42.));
#14965=DIRECTION('',(0.,0.,1.));
#14966=VECTOR('',#14965,3.);
#14967=LINE('',#14964,#14966);
#14968=EDGE_CURVE('',#9646,#13089,#14967,.T.);
#14969=ORIENTED_EDGE('',*,*,#14968,.F.);
#14970=ORIENTED_EDGE('',*,*,#9691,.F.);
#14971=EDGE_LOOP('',(#14962,#14963,#14969,#14970));
#14972=FACE_BOUND('',#14971,.T.);
#14973=ADVANCED_FACE('',(#14972),#14961,.F.);
#14974=CARTESIAN_POINT('',(-14.138,9.067434202,15.));
#14975=DIRECTION('',(0.,-1.,0.));
#14976=DIRECTION('',(1.,0.,0.));
#14977=AXIS2_PLACEMENT_3D('',#14974,#14975,#14976);
#14978=PLANE('',#14977);
#14979=ORIENTED_EDGE('',*,*,#14968,.T.);
#14980=ORIENTED_EDGE('',*,*,#13094,.T.);
#14981=ORIENTED_EDGE('',*,*,#14893,.F.);
#14982=ORIENTED_EDGE('',*,*,#9653,.F.);
#14983=EDGE_LOOP('',(#14979,#14980,#14981,#14982));
#14984=FACE_BOUND('',#14983,.T.);
#14985=ADVANCED_FACE('',(#14984),#14978,.F.);
#14986=CARTESIAN_POINT('',(22.0432,-17.222127692,15.));
#14987=DIRECTION('',(0.866025404,-0.5,0.));
#14988=DIRECTION('',(0.5,0.866025404,0.));
#14989=AXIS2_PLACEMENT_3D('',#14986,#14987,#14988);
#14990=PLANE('',#14989);
#14991=CARTESIAN_POINT('',(21.2932,-18.521165798,42.));
#14992=DIRECTION('',(0.,0.,1.));
#14993=VECTOR('',#14992,3.);
#14994=LINE('',#14991,#14993);
#14995=EDGE_CURVE('',#9598,#13029,#14994,.T.);
#14996=ORIENTED_EDGE('',*,*,#14995,.T.);
#14997=ORIENTED_EDGE('',*,*,#13036,.T.);
#14998=CARTESIAN_POINT('',(22.7932,-15.923089586,42.));
#14999=DIRECTION('',(0.,0.,1.));
#15000=VECTOR('',#14999,3.);
#15001=LINE('',#14998,#15000);
#15002=EDGE_CURVE('',#9606,#13031,#15001,.T.);
#15003=ORIENTED_EDGE('',*,*,#15002,.F.);
#15004=ORIENTED_EDGE('',*,*,#9611,.F.);
#15005=EDGE_LOOP('',(#14996,#14997,#15003,#15004));
#15006=FACE_BOUND('',#15005,.T.);
#15007=ADVANCED_FACE('',(#15006),#14990,.F.);
#15008=CARTESIAN_POINT('',(22.0432,-14.624051481,15.));
#15009=DIRECTION('',(0.866025404,0.5,0.));
#15010=DIRECTION('',(-0.5,0.866025404,0.));
#15011=AXIS2_PLACEMENT_3D('',#15008,#15009,#15010);
#15012=PLANE('',#15011);
#15013=ORIENTED_EDGE('',*,*,#15002,.T.);
#15014=ORIENTED_EDGE('',*,*,#13074,.T.);
#15015=CARTESIAN_POINT('',(21.2932,-13.325013375,42.));
#15016=DIRECTION('',(0.,0.,1.));
#15017=VECTOR('',#15016,3.);
#15018=LINE('',#15015,#15017);
#15019=EDGE_CURVE('',#9614,#13063,#15018,.T.);
#15020=ORIENTED_EDGE('',*,*,#15019,.F.);
#15021=ORIENTED_EDGE('',*,*,#9619,.F.);
#15022=EDGE_LOOP('',(#15013,#15014,#15020,#15021));
#15023=FACE_BOUND('',#15022,.T.);
#15024=ADVANCED_FACE('',(#15023),#15012,.F.);
#15025=CARTESIAN_POINT('',(19.7932,-13.325013375,15.));
#15026=DIRECTION('',(0.,1.,0.));
#15027=DIRECTION('',(0.,0.,1.));
#15028=AXIS2_PLACEMENT_3D('',#15025,#15026,#15027);
#15029=PLANE('',#15028);
#15030=ORIENTED_EDGE('',*,*,#15019,.T.);
#15031=ORIENTED_EDGE('',*,*,#13068,.T.);
#15032=CARTESIAN_POINT('',(18.2932,-13.325013375,42.));
#15033=DIRECTION('',(0.,0.,1.));
#15034=VECTOR('',#15033,3.);
#15035=LINE('',#15032,#15034);
#15036=EDGE_CURVE('',#9622,#13055,#15035,.T.);
#15037=ORIENTED_EDGE('',*,*,#15036,.F.);
#15038=ORIENTED_EDGE('',*,*,#9627,.F.);
#15039=EDGE_LOOP('',(#15030,#15031,#15037,#15038));
#15040=FACE_BOUND('',#15039,.T.);
#15041=ADVANCED_FACE('',(#15040),#15029,.F.);
#15042=CARTESIAN_POINT('',(17.5432,-14.624051481,15.));
#15043=DIRECTION('',(-0.866025404,0.5,0.));
#15044=DIRECTION('',(-0.5,-0.866025404,0.));
#15045=AXIS2_PLACEMENT_3D('',#15042,#15043,#15044);
#15046=PLANE('',#15045);
#15047=ORIENTED_EDGE('',*,*,#15036,.T.);
#15048=ORIENTED_EDGE('',*,*,#13060,.T.);
#15049=CARTESIAN_POINT('',(16.7932,-15.923089586,42.));
#15050=DIRECTION('',(0.,0.,1.));
#15051=VECTOR('',#15050,3.);
#15052=LINE('',#15049,#15051);
#15053=EDGE_CURVE('',#9630,#13047,#15052,.T.);
#15054=ORIENTED_EDGE('',*,*,#15053,.F.);
#15055=ORIENTED_EDGE('',*,*,#9635,.F.);
#15056=EDGE_LOOP('',(#15047,#15048,#15054,#15055));
#15057=FACE_BOUND('',#15056,.T.);
#15058=ADVANCED_FACE('',(#15057),#15046,.F.);
#15059=CARTESIAN_POINT('',(17.5432,-17.222127692,15.));
#15060=DIRECTION('',(-0.866025404,-0.5,0.));
#15061=DIRECTION('',(0.5,-0.866025404,0.));
#15062=AXIS2_PLACEMENT_3D('',#15059,#15060,#15061);
#15063=PLANE('',#15062);
#15064=ORIENTED_EDGE('',*,*,#15053,.T.);
#15065=ORIENTED_EDGE('',*,*,#13052,.T.);
#15066=CARTESIAN_POINT('',(18.2932,-18.521165798,42.));
#15067=DIRECTION('',(0.,0.,1.));
#15068=VECTOR('',#15067,3.);
#15069=LINE('',#15066,#15068);
#15070=EDGE_CURVE('',#9596,#13039,#15069,.T.);
#15071=ORIENTED_EDGE('',*,*,#15070,.F.);
#15072=ORIENTED_EDGE('',*,*,#9641,.F.);
#15073=EDGE_LOOP('',(#15064,#15065,#15071,#15072));
#15074=FACE_BOUND('',#15073,.T.);
#15075=ADVANCED_FACE('',(#15074),#15063,.F.);
#15076=CARTESIAN_POINT('',(19.7932,-18.521165798,15.));
#15077=DIRECTION('',(0.,-1.,0.));
#15078=DIRECTION('',(1.,0.,0.));
#15079=AXIS2_PLACEMENT_3D('',#15076,#15077,#15078);
#15080=PLANE('',#15079);
#15081=ORIENTED_EDGE('',*,*,#15070,.T.);
#15082=ORIENTED_EDGE('',*,*,#13044,.T.);
#15083=ORIENTED_EDGE('',*,*,#14995,.F.);
#15084=ORIENTED_EDGE('',*,*,#9603,.F.);
#15085=EDGE_LOOP('',(#15081,#15082,#15083,#15084));
#15086=FACE_BOUND('',#15085,.T.);
#15087=ADVANCED_FACE('',(#15086),#15080,.F.);
#15088=CARTESIAN_POINT('',(10.7328,10.366472308,15.));
#15089=DIRECTION('',(0.866025404,-0.5,0.));
#15090=DIRECTION('',(0.5,0.866025404,0.));
#15091=AXIS2_PLACEMENT_3D('',#15088,#15089,#15090);
#15092=PLANE('',#15091);
#15093=CARTESIAN_POINT('',(9.9828,9.067434202,42.));
#15094=DIRECTION('',(0.,0.,1.));
#15095=VECTOR('',#15094,3.);
#15096=LINE('',#15093,#15095);
#15097=EDGE_CURVE('',#9548,#12979,#15096,.T.);
#15098=ORIENTED_EDGE('',*,*,#15097,.T.);
#15099=ORIENTED_EDGE('',*,*,#12986,.T.);
#15100=CARTESIAN_POINT('',(11.4828,11.665510414,42.));
#15101=DIRECTION('',(0.,0.,1.));
#15102=VECTOR('',#15101,3.);
#15103=LINE('',#15100,#15102);
#15104=EDGE_CURVE('',#9556,#12981,#15103,.T.);
#15105=ORIENTED_EDGE('',*,*,#15104,.F.);
#15106=ORIENTED_EDGE('',*,*,#9561,.F.);
#15107=EDGE_LOOP('',(#15098,#15099,#15105,#15106));
#15108=FACE_BOUND('',#15107,.T.);
#15109=ADVANCED_FACE('',(#15108),#15092,.F.);
#15110=CARTESIAN_POINT('',(10.7328,12.964548519,15.));
#15111=DIRECTION('',(0.866025404,0.5,0.));
#15112=DIRECTION('',(-0.5,0.866025404,0.));
#15113=AXIS2_PLACEMENT_3D('',#15110,#15111,#15112);
#15114=PLANE('',#15113);
#15115=ORIENTED_EDGE('',*,*,#15104,.T.);
#15116=ORIENTED_EDGE('',*,*,#13024,.T.);
#15117=CARTESIAN_POINT('',(9.9828,14.263586625,42.));
#15118=DIRECTION('',(0.,0.,1.));
#15119=VECTOR('',#15118,3.);
#15120=LINE('',#15117,#15119);
#15121=EDGE_CURVE('',#9564,#13013,#15120,.T.);
#15122=ORIENTED_EDGE('',*,*,#15121,.F.);
#15123=ORIENTED_EDGE('',*,*,#9569,.F.);
#15124=EDGE_LOOP('',(#15115,#15116,#15122,#15123));
#15125=FACE_BOUND('',#15124,.T.);
#15126=ADVANCED_FACE('',(#15125),#15114,.F.);
#15127=CARTESIAN_POINT('',(8.4828,14.263586625,15.));
#15128=DIRECTION('',(0.,1.,0.));
#15129=DIRECTION('',(0.,0.,1.));
#15130=AXIS2_PLACEMENT_3D('',#15127,#15128,#15129);
#15131=PLANE('',#15130);
#15132=ORIENTED_EDGE('',*,*,#15121,.T.);
#15133=ORIENTED_EDGE('',*,*,#13018,.T.);
#15134=CARTESIAN_POINT('',(6.9828,14.263586625,42.));
#15135=DIRECTION('',(0.,0.,1.));
#15136=VECTOR('',#15135,3.);
#15137=LINE('',#15134,#15136);
#15138=EDGE_CURVE('',#9572,#13005,#15137,.T.);
#15139=ORIENTED_EDGE('',*,*,#15138,.F.);
#15140=ORIENTED_EDGE('',*,*,#9577,.F.);
#15141=EDGE_LOOP('',(#15132,#15133,#15139,#15140));
#15142=FACE_BOUND('',#15141,.T.);
#15143=ADVANCED_FACE('',(#15142),#15131,.F.);
#15144=CARTESIAN_POINT('',(6.2328,12.964548519,15.));
#15145=DIRECTION('',(-0.866025404,0.5,0.));
#15146=DIRECTION('',(-0.5,-0.866025404,0.));
#15147=AXIS2_PLACEMENT_3D('',#15144,#15145,#15146);
#15148=PLANE('',#15147);
#15149=ORIENTED_EDGE('',*,*,#15138,.T.);
#15150=ORIENTED_EDGE('',*,*,#13010,.T.);
#15151=CARTESIAN_POINT('',(5.4828,11.665510414,42.));
#15152=DIRECTION('',(0.,0.,1.));
#15153=VECTOR('',#15152,3.);
#15154=LINE('',#15151,#15153);
#15155=EDGE_CURVE('',#9580,#12997,#15154,.T.);
#15156=ORIENTED_EDGE('',*,*,#15155,.F.);
#15157=ORIENTED_EDGE('',*,*,#9585,.F.);
#15158=EDGE_LOOP('',(#15149,#15150,#15156,#15157));
#15159=FACE_BOUND('',#15158,.T.);
#15160=ADVANCED_FACE('',(#15159),#15148,.F.);
#15161=CARTESIAN_POINT('',(6.2328,10.366472308,15.));
#15162=DIRECTION('',(-0.866025404,-0.5,0.));
#15163=DIRECTION('',(0.5,-0.866025404,0.));
#15164=AXIS2_PLACEMENT_3D('',#15161,#15162,#15163);
#15165=PLANE('',#15164);
#15166=ORIENTED_EDGE('',*,*,#15155,.T.);
#15167=ORIENTED_EDGE('',*,*,#13002,.T.);
#15168=CARTESIAN_POINT('',(6.9828,9.067434202,42.));
#15169=DIRECTION('',(0.,0.,1.));
#15170=VECTOR('',#15169,3.);
#15171=LINE('',#15168,#15170);
#15172=EDGE_CURVE('',#9546,#12989,#15171,.T.);
#15173=ORIENTED_EDGE('',*,*,#15172,.F.);
#15174=ORIENTED_EDGE('',*,*,#9591,.F.);
#15175=EDGE_LOOP('',(#15166,#15167,#15173,#15174));
#15176=FACE_BOUND('',#15175,.T.);
#15177=ADVANCED_FACE('',(#15176),#15165,.F.);
#15178=CARTESIAN_POINT('',(8.4828,9.067434202,15.));
#15179=DIRECTION('',(0.,-1.,0.));
#15180=DIRECTION('',(1.,0.,0.));
#15181=AXIS2_PLACEMENT_3D('',#15178,#15179,#15180);
#15182=PLANE('',#15181);
#15183=ORIENTED_EDGE('',*,*,#15172,.T.);
#15184=ORIENTED_EDGE('',*,*,#12994,.T.);
#15185=ORIENTED_EDGE('',*,*,#15097,.F.);
#15186=ORIENTED_EDGE('',*,*,#9553,.F.);
#15187=EDGE_LOOP('',(#15183,#15184,#15185,#15186));
#15188=FACE_BOUND('',#15187,.T.);
#15189=ADVANCED_FACE('',(#15188),#15182,.F.);
#15190=CARTESIAN_POINT('',(-6.2328,-40.212651481,15.));
#15191=DIRECTION('',(0.866025404,-0.5,0.));
#15192=DIRECTION('',(0.5,0.866025404,0.));
#15193=AXIS2_PLACEMENT_3D('',#15190,#15191,#15192);
#15194=PLANE('',#15193);
#15195=CARTESIAN_POINT('',(-6.9828,-41.511689586,42.));
#15196=DIRECTION('',(0.,0.,1.));
#15197=VECTOR('',#15196,3.);
#15198=LINE('',#15195,#15197);
#15199=EDGE_CURVE('',#9498,#12929,#15198,.T.);
#15200=ORIENTED_EDGE('',*,*,#15199,.T.);
#15201=ORIENTED_EDGE('',*,*,#12936,.T.);
#15202=CARTESIAN_POINT('',(-5.4828,-38.913613375,42.));
#15203=DIRECTION('',(0.,0.,1.));
#15204=VECTOR('',#15203,3.);
#15205=LINE('',#15202,#15204);
#15206=EDGE_CURVE('',#9506,#12931,#15205,.T.);
#15207=ORIENTED_EDGE('',*,*,#15206,.F.);
#15208=ORIENTED_EDGE('',*,*,#9511,.F.);
#15209=EDGE_LOOP('',(#15200,#15201,#15207,#15208));
#15210=FACE_BOUND('',#15209,.T.);
#15211=ADVANCED_FACE('',(#15210),#15194,.F.);
#15212=CARTESIAN_POINT('',(-6.2328,-37.614575269,15.));
#15213=DIRECTION('',(0.866025404,0.5,0.));
#15214=DIRECTION('',(-0.5,0.866025404,0.));
#15215=AXIS2_PLACEMENT_3D('',#15212,#15213,#15214);
#15216=PLANE('',#15215);
#15217=ORIENTED_EDGE('',*,*,#15206,.T.);
#15218=ORIENTED_EDGE('',*,*,#12974,.T.);
#15219=CARTESIAN_POINT('',(-6.9828,-36.315537164,42.));
#15220=DIRECTION('',(0.,0.,1.));
#15221=VECTOR('',#15220,3.);
#15222=LINE('',#15219,#15221);
#15223=EDGE_CURVE('',#9514,#12963,#15222,.T.);
#15224=ORIENTED_EDGE('',*,*,#15223,.F.);
#15225=ORIENTED_EDGE('',*,*,#9519,.F.);
#15226=EDGE_LOOP('',(#15217,#15218,#15224,#15225));
#15227=FACE_BOUND('',#15226,.T.);
#15228=ADVANCED_FACE('',(#15227),#15216,.F.);
#15229=CARTESIAN_POINT('',(-8.4828,-36.315537164,15.));
#15230=DIRECTION('',(0.,1.,0.));
#15231=DIRECTION('',(0.,0.,1.));
#15232=AXIS2_PLACEMENT_3D('',#15229,#15230,#15231);
#15233=PLANE('',#15232);
#15234=ORIENTED_EDGE('',*,*,#15223,.T.);
#15235=ORIENTED_EDGE('',*,*,#12968,.T.);
#15236=CARTESIAN_POINT('',(-9.9828,-36.315537164,42.));
#15237=DIRECTION('',(0.,0.,1.));
#15238=VECTOR('',#15237,3.);
#15239=LINE('',#15236,#15238);
#15240=EDGE_CURVE('',#9522,#12955,#15239,.T.);
#15241=ORIENTED_EDGE('',*,*,#15240,.F.);
#15242=ORIENTED_EDGE('',*,*,#9527,.F.);
#15243=EDGE_LOOP('',(#15234,#15235,#15241,#15242));
#15244=FACE_BOUND('',#15243,.T.);
#15245=ADVANCED_FACE('',(#15244),#15233,.F.);
#15246=CARTESIAN_POINT('',(-10.7328,-37.614575269,15.));
#15247=DIRECTION('',(-0.866025404,0.5,0.));
#15248=DIRECTION('',(-0.5,-0.866025404,0.));
#15249=AXIS2_PLACEMENT_3D('',#15246,#15247,#15248);
#15250=PLANE('',#15249);
#15251=ORIENTED_EDGE('',*,*,#15240,.T.);
#15252=ORIENTED_EDGE('',*,*,#12960,.T.);
#15253=CARTESIAN_POINT('',(-11.4828,-38.913613375,42.));
#15254=DIRECTION('',(0.,0.,1.));
#15255=VECTOR('',#15254,3.);
#15256=LINE('',#15253,#15255);
#15257=EDGE_CURVE('',#9530,#12947,#15256,.T.);
#15258=ORIENTED_EDGE('',*,*,#15257,.F.);
#15259=ORIENTED_EDGE('',*,*,#9535,.F.);
#15260=EDGE_LOOP('',(#15251,#15252,#15258,#15259));
#15261=FACE_BOUND('',#15260,.T.);
#15262=ADVANCED_FACE('',(#15261),#15250,.F.);
#15263=CARTESIAN_POINT('',(-10.7328,-40.212651481,15.));
#15264=DIRECTION('',(-0.866025404,-0.5,0.));
#15265=DIRECTION('',(0.5,-0.866025404,0.));
#15266=AXIS2_PLACEMENT_3D('',#15263,#15264,#15265);
#15267=PLANE('',#15266);
#15268=ORIENTED_EDGE('',*,*,#15257,.T.);
#15269=ORIENTED_EDGE('',*,*,#12952,.T.);
#15270=CARTESIAN_POINT('',(-9.9828,-41.511689586,42.));
#15271=DIRECTION('',(0.,0.,1.));
#15272=VECTOR('',#15271,3.);
#15273=LINE('',#15270,#15272);
#15274=EDGE_CURVE('',#9496,#12939,#15273,.T.);
#15275=ORIENTED_EDGE('',*,*,#15274,.F.);
#15276=ORIENTED_EDGE('',*,*,#9541,.F.);
#15277=EDGE_LOOP('',(#15268,#15269,#15275,#15276));
#15278=FACE_BOUND('',#15277,.T.);
#15279=ADVANCED_FACE('',(#15278),#15267,.F.);
#15280=CARTESIAN_POINT('',(-8.4828,-41.511689586,15.));
#15281=DIRECTION('',(0.,-1.,0.));
#15282=DIRECTION('',(1.,0.,0.));
#15283=AXIS2_PLACEMENT_3D('',#15280,#15281,#15282);
#15284=PLANE('',#15283);
#15285=ORIENTED_EDGE('',*,*,#15274,.T.);
#15286=ORIENTED_EDGE('',*,*,#12944,.T.);
#15287=ORIENTED_EDGE('',*,*,#15199,.F.);
#15288=ORIENTED_EDGE('',*,*,#9503,.F.);
#15289=EDGE_LOOP('',(#15285,#15286,#15287,#15288));
#15290=FACE_BOUND('',#15289,.T.);
#15291=ADVANCED_FACE('',(#15290),#15284,.F.);
#15292=CARTESIAN_POINT('',(-11.888,1.170272308,15.));
#15293=DIRECTION('',(0.866025404,-0.5,0.));
#15294=DIRECTION('',(0.5,0.866025404,0.));
#15295=AXIS2_PLACEMENT_3D('',#15292,#15293,#15294);
#15296=PLANE('',#15295);
#15297=CARTESIAN_POINT('',(-12.638,-0.128765798,42.));
#15298=DIRECTION('',(0.,0.,1.));
#15299=VECTOR('',#15298,3.);
#15300=LINE('',#15297,#15299);
#15301=EDGE_CURVE('',#9448,#12879,#15300,.T.);
#15302=ORIENTED_EDGE('',*,*,#15301,.T.);
#15303=ORIENTED_EDGE('',*,*,#12886,.T.);
#15304=CARTESIAN_POINT('',(-11.138,2.469310414,42.));
#15305=DIRECTION('',(0.,0.,1.));
#15306=VECTOR('',#15305,3.);
#15307=LINE('',#15304,#15306);
#15308=EDGE_CURVE('',#9456,#12881,#15307,.T.);
#15309=ORIENTED_EDGE('',*,*,#15308,.F.);
#15310=ORIENTED_EDGE('',*,*,#9461,.F.);
#15311=EDGE_LOOP('',(#15302,#15303,#15309,#15310));
#15312=FACE_BOUND('',#15311,.T.);
#15313=ADVANCED_FACE('',(#15312),#15296,.F.);
#15314=CARTESIAN_POINT('',(-11.888,3.768348519,15.));
#15315=DIRECTION('',(0.866025404,0.5,0.));
#15316=DIRECTION('',(-0.5,0.866025404,0.));
#15317=AXIS2_PLACEMENT_3D('',#15314,#15315,#15316);
#15318=PLANE('',#15317);
#15319=ORIENTED_EDGE('',*,*,#15308,.T.);
#15320=ORIENTED_EDGE('',*,*,#12924,.T.);
#15321=CARTESIAN_POINT('',(-12.638,5.067386625,42.));
#15322=DIRECTION('',(0.,0.,1.));
#15323=VECTOR('',#15322,3.);
#15324=LINE('',#15321,#15323);
#15325=EDGE_CURVE('',#9464,#12913,#15324,.T.);
#15326=ORIENTED_EDGE('',*,*,#15325,.F.);
#15327=ORIENTED_EDGE('',*,*,#9469,.F.);
#15328=EDGE_LOOP('',(#15319,#15320,#15326,#15327));
#15329=FACE_BOUND('',#15328,.T.);
#15330=ADVANCED_FACE('',(#15329),#15318,.F.);
#15331=CARTESIAN_POINT('',(-14.138,5.067386625,15.));
#15332=DIRECTION('',(0.,1.,0.));
#15333=DIRECTION('',(0.,0.,1.));
#15334=AXIS2_PLACEMENT_3D('',#15331,#15332,#15333);
#15335=PLANE('',#15334);
#15336=ORIENTED_EDGE('',*,*,#15325,.T.);
#15337=ORIENTED_EDGE('',*,*,#12918,.T.);
#15338=CARTESIAN_POINT('',(-15.638,5.067386625,42.));
#15339=DIRECTION('',(0.,0.,1.));
#15340=VECTOR('',#15339,3.);
#15341=LINE('',#15338,#15340);
#15342=EDGE_CURVE('',#9472,#12905,#15341,.T.);
#15343=ORIENTED_EDGE('',*,*,#15342,.F.);
#15344=ORIENTED_EDGE('',*,*,#9477,.F.);
#15345=EDGE_LOOP('',(#15336,#15337,#15343,#15344));
#15346=FACE_BOUND('',#15345,.T.);
#15347=ADVANCED_FACE('',(#15346),#15335,.F.);
#15348=CARTESIAN_POINT('',(-16.388,3.768348519,15.));
#15349=DIRECTION('',(-0.866025404,0.5,0.));
#15350=DIRECTION('',(-0.5,-0.866025404,0.));
#15351=AXIS2_PLACEMENT_3D('',#15348,#15349,#15350);
#15352=PLANE('',#15351);
#15353=ORIENTED_EDGE('',*,*,#15342,.T.);
#15354=ORIENTED_EDGE('',*,*,#12910,.T.);
#15355=CARTESIAN_POINT('',(-17.138,2.469310414,42.));
#15356=DIRECTION('',(0.,0.,1.));
#15357=VECTOR('',#15356,3.);
#15358=LINE('',#15355,#15357);
#15359=EDGE_CURVE('',#9480,#12897,#15358,.T.);
#15360=ORIENTED_EDGE('',*,*,#15359,.F.);
#15361=ORIENTED_EDGE('',*,*,#9485,.F.);
#15362=EDGE_LOOP('',(#15353,#15354,#15360,#15361));
#15363=FACE_BOUND('',#15362,.T.);
#15364=ADVANCED_FACE('',(#15363),#15352,.F.);
#15365=CARTESIAN_POINT('',(-16.388,1.170272308,15.));
#15366=DIRECTION('',(-0.866025404,-0.5,0.));
#15367=DIRECTION('',(0.5,-0.866025404,0.));
#15368=AXIS2_PLACEMENT_3D('',#15365,#15366,#15367);
#15369=PLANE('',#15368);
#15370=ORIENTED_EDGE('',*,*,#15359,.T.);
#15371=ORIENTED_EDGE('',*,*,#12902,.T.);
#15372=CARTESIAN_POINT('',(-15.638,-0.128765798,42.));
#15373=DIRECTION('',(0.,0.,1.));
#15374=VECTOR('',#15373,3.);
#15375=LINE('',#15372,#15374);
#15376=EDGE_CURVE('',#9446,#12889,#15375,.T.);
#15377=ORIENTED_EDGE('',*,*,#15376,.F.);
#15378=ORIENTED_EDGE('',*,*,#9491,.F.);
#15379=EDGE_LOOP('',(#15370,#15371,#15377,#15378));
#15380=FACE_BOUND('',#15379,.T.);
#15381=ADVANCED_FACE('',(#15380),#15369,.F.);
#15382=CARTESIAN_POINT('',(-14.138,-0.128765798,15.));
#15383=DIRECTION('',(0.,-1.,0.));
#15384=DIRECTION('',(1.,0.,0.));
#15385=AXIS2_PLACEMENT_3D('',#15382,#15383,#15384);
#15386=PLANE('',#15385);
#15387=ORIENTED_EDGE('',*,*,#15376,.T.);
#15388=ORIENTED_EDGE('',*,*,#12894,.T.);
#15389=ORIENTED_EDGE('',*,*,#15301,.F.);
#15390=ORIENTED_EDGE('',*,*,#9453,.F.);
#15391=EDGE_LOOP('',(#15387,#15388,#15389,#15390));
#15392=FACE_BOUND('',#15391,.T.);
#15393=ADVANCED_FACE('',(#15392),#15386,.F.);
#15394=CARTESIAN_POINT('',(-11.888,-44.810727692,15.));
#15395=DIRECTION('',(0.866025404,-0.5,0.));
#15396=DIRECTION('',(0.5,0.866025404,0.));
#15397=AXIS2_PLACEMENT_3D('',#15394,#15395,#15396);
#15398=PLANE('',#15397);
#15399=CARTESIAN_POINT('',(-12.638,-46.109765798,42.));
#15400=DIRECTION('',(0.,0.,1.));
#15401=VECTOR('',#15400,3.);
#15402=LINE('',#15399,#15401);
#15403=EDGE_CURVE('',#9398,#12829,#15402,.T.);
#15404=ORIENTED_EDGE('',*,*,#15403,.T.);
#15405=ORIENTED_EDGE('',*,*,#12836,.T.);
#15406=CARTESIAN_POINT('',(-11.138,-43.511689586,42.));
#15407=DIRECTION('',(0.,0.,1.));
#15408=VECTOR('',#15407,3.);
#15409=LINE('',#15406,#15408);
#15410=EDGE_CURVE('',#9406,#12831,#15409,.T.);
#15411=ORIENTED_EDGE('',*,*,#15410,.F.);
#15412=ORIENTED_EDGE('',*,*,#9411,.F.);
#15413=EDGE_LOOP('',(#15404,#15405,#15411,#15412));
#15414=FACE_BOUND('',#15413,.T.);
#15415=ADVANCED_FACE('',(#15414),#15398,.F.);
#15416=CARTESIAN_POINT('',(-11.888,-42.212651481,15.));
#15417=DIRECTION('',(0.866025404,0.5,0.));
#15418=DIRECTION('',(-0.5,0.866025404,0.));
#15419=AXIS2_PLACEMENT_3D('',#15416,#15417,#15418);
#15420=PLANE('',#15419);
#15421=ORIENTED_EDGE('',*,*,#15410,.T.);
#15422=ORIENTED_EDGE('',*,*,#12874,.T.);
#15423=CARTESIAN_POINT('',(-12.638,-40.913613375,42.));
#15424=DIRECTION('',(0.,0.,1.));
#15425=VECTOR('',#15424,3.);
#15426=LINE('',#15423,#15425);
#15427=EDGE_CURVE('',#9414,#12863,#15426,.T.);
#15428=ORIENTED_EDGE('',*,*,#15427,.F.);
#15429=ORIENTED_EDGE('',*,*,#9419,.F.);
#15430=EDGE_LOOP('',(#15421,#15422,#15428,#15429));
#15431=FACE_BOUND('',#15430,.T.);
#15432=ADVANCED_FACE('',(#15431),#15420,.F.);
#15433=CARTESIAN_POINT('',(-14.138,-40.913613375,15.));
#15434=DIRECTION('',(0.,1.,0.));
#15435=DIRECTION('',(0.,0.,1.));
#15436=AXIS2_PLACEMENT_3D('',#15433,#15434,#15435);
#15437=PLANE('',#15436);
#15438=ORIENTED_EDGE('',*,*,#15427,.T.);
#15439=ORIENTED_EDGE('',*,*,#12868,.T.);
#15440=CARTESIAN_POINT('',(-15.638,-40.913613375,42.));
#15441=DIRECTION('',(0.,0.,1.));
#15442=VECTOR('',#15441,3.);
#15443=LINE('',#15440,#15442);
#15444=EDGE_CURVE('',#9422,#12855,#15443,.T.);
#15445=ORIENTED_EDGE('',*,*,#15444,.F.);
#15446=ORIENTED_EDGE('',*,*,#9427,.F.);
#15447=EDGE_LOOP('',(#15438,#15439,#15445,#15446));
#15448=FACE_BOUND('',#15447,.T.);
#15449=ADVANCED_FACE('',(#15448),#15437,.F.);
#15450=CARTESIAN_POINT('',(-16.388,-42.212651481,15.));
#15451=DIRECTION('',(-0.866025404,0.5,0.));
#15452=DIRECTION('',(-0.5,-0.866025404,0.));
#15453=AXIS2_PLACEMENT_3D('',#15450,#15451,#15452);
#15454=PLANE('',#15453);
#15455=ORIENTED_EDGE('',*,*,#15444,.T.);
#15456=ORIENTED_EDGE('',*,*,#12860,.T.);
#15457=CARTESIAN_POINT('',(-17.138,-43.511689586,42.));
#15458=DIRECTION('',(0.,0.,1.));
#15459=VECTOR('',#15458,3.);
#15460=LINE('',#15457,#15459);
#15461=EDGE_CURVE('',#9430,#12847,#15460,.T.);
#15462=ORIENTED_EDGE('',*,*,#15461,.F.);
#15463=ORIENTED_EDGE('',*,*,#9435,.F.);
#15464=EDGE_LOOP('',(#15455,#15456,#15462,#15463));
#15465=FACE_BOUND('',#15464,.T.);
#15466=ADVANCED_FACE('',(#15465),#15454,.F.);
#15467=CARTESIAN_POINT('',(-16.388,-44.810727692,15.));
#15468=DIRECTION('',(-0.866025404,-0.5,0.));
#15469=DIRECTION('',(0.5,-0.866025404,0.));
#15470=AXIS2_PLACEMENT_3D('',#15467,#15468,#15469);
#15471=PLANE('',#15470);
#15472=ORIENTED_EDGE('',*,*,#15461,.T.);
#15473=ORIENTED_EDGE('',*,*,#12852,.T.);
#15474=CARTESIAN_POINT('',(-15.638,-46.109765798,42.));
#15475=DIRECTION('',(0.,0.,1.));
#15476=VECTOR('',#15475,3.);
#15477=LINE('',#15474,#15476);
#15478=EDGE_CURVE('',#9396,#12839,#15477,.T.);
#15479=ORIENTED_EDGE('',*,*,#15478,.F.);
#15480=ORIENTED_EDGE('',*,*,#9441,.F.);
#15481=EDGE_LOOP('',(#15472,#15473,#15479,#15480));
#15482=FACE_BOUND('',#15481,.T.);
#15483=ADVANCED_FACE('',(#15482),#15471,.F.);
#15484=CARTESIAN_POINT('',(-14.138,-46.109765798,15.));
#15485=DIRECTION('',(0.,-1.,0.));
#15486=DIRECTION('',(1.,0.,0.));
#15487=AXIS2_PLACEMENT_3D('',#15484,#15485,#15486);
#15488=PLANE('',#15487);
#15489=ORIENTED_EDGE('',*,*,#15478,.T.);
#15490=ORIENTED_EDGE('',*,*,#12844,.T.);
#15491=ORIENTED_EDGE('',*,*,#15403,.F.);
#15492=ORIENTED_EDGE('',*,*,#9403,.F.);
#15493=EDGE_LOOP('',(#15489,#15490,#15491,#15492));
#15494=FACE_BOUND('',#15493,.T.);
#15495=ADVANCED_FACE('',(#15494),#15488,.F.);
#15496=CARTESIAN_POINT('',(22.0432,-35.614527692,15.));
#15497=DIRECTION('',(0.866025404,-0.5,0.));
#15498=DIRECTION('',(0.5,0.866025404,0.));
#15499=AXIS2_PLACEMENT_3D('',#15496,#15497,#15498);
#15500=PLANE('',#15499);
#15501=CARTESIAN_POINT('',(21.2932,-36.913565798,42.));
#15502=DIRECTION('',(0.,0.,1.));
#15503=VECTOR('',#15502,3.);
#15504=LINE('',#15501,#15503);
#15505=EDGE_CURVE('',#9348,#12779,#15504,.T.);
#15506=ORIENTED_EDGE('',*,*,#15505,.T.);
#15507=ORIENTED_EDGE('',*,*,#12786,.T.);
#15508=CARTESIAN_POINT('',(22.7932,-34.315489586,42.));
#15509=DIRECTION('',(0.,0.,1.));
#15510=VECTOR('',#15509,3.);
#15511=LINE('',#15508,#15510);
#15512=EDGE_CURVE('',#9356,#12781,#15511,.T.);
#15513=ORIENTED_EDGE('',*,*,#15512,.F.);
#15514=ORIENTED_EDGE('',*,*,#9361,.F.);
#15515=EDGE_LOOP('',(#15506,#15507,#15513,#15514));
#15516=FACE_BOUND('',#15515,.T.);
#15517=ADVANCED_FACE('',(#15516),#15500,.F.);
#15518=CARTESIAN_POINT('',(22.0432,-33.016451481,15.));
#15519=DIRECTION('',(0.866025404,0.5,0.));
#15520=DIRECTION('',(-0.5,0.866025404,0.));
#15521=AXIS2_PLACEMENT_3D('',#15518,#15519,#15520);
#15522=PLANE('',#15521);
#15523=ORIENTED_EDGE('',*,*,#15512,.T.);
#15524=ORIENTED_EDGE('',*,*,#12824,.T.);
#15525=CARTESIAN_POINT('',(21.2932,-31.717413375,42.));
#15526=DIRECTION('',(0.,0.,1.));
#15527=VECTOR('',#15526,3.);
#15528=LINE('',#15525,#15527);
#15529=EDGE_CURVE('',#9364,#12813,#15528,.T.);
#15530=ORIENTED_EDGE('',*,*,#15529,.F.);
#15531=ORIENTED_EDGE('',*,*,#9369,.F.);
#15532=EDGE_LOOP('',(#15523,#15524,#15530,#15531));
#15533=FACE_BOUND('',#15532,.T.);
#15534=ADVANCED_FACE('',(#15533),#15522,.F.);
#15535=CARTESIAN_POINT('',(19.7932,-31.717413375,15.));
#15536=DIRECTION('',(0.,1.,0.));
#15537=DIRECTION('',(0.,0.,1.));
#15538=AXIS2_PLACEMENT_3D('',#15535,#15536,#15537);
#15539=PLANE('',#15538);
#15540=ORIENTED_EDGE('',*,*,#15529,.T.);
#15541=ORIENTED_EDGE('',*,*,#12818,.T.);
#15542=CARTESIAN_POINT('',(18.2932,-31.717413375,42.));
#15543=DIRECTION('',(0.,0.,1.));
#15544=VECTOR('',#15543,3.);
#15545=LINE('',#15542,#15544);
#15546=EDGE_CURVE('',#9372,#12805,#15545,.T.);
#15547=ORIENTED_EDGE('',*,*,#15546,.F.);
#15548=ORIENTED_EDGE('',*,*,#9377,.F.);
#15549=EDGE_LOOP('',(#15540,#15541,#15547,#15548));
#15550=FACE_BOUND('',#15549,.T.);
#15551=ADVANCED_FACE('',(#15550),#15539,.F.);
#15552=CARTESIAN_POINT('',(17.5432,-33.016451481,15.));
#15553=DIRECTION('',(-0.866025404,0.5,0.));
#15554=DIRECTION('',(-0.5,-0.866025404,0.));
#15555=AXIS2_PLACEMENT_3D('',#15552,#15553,#15554);
#15556=PLANE('',#15555);
#15557=ORIENTED_EDGE('',*,*,#15546,.T.);
#15558=ORIENTED_EDGE('',*,*,#12810,.T.);
#15559=CARTESIAN_POINT('',(16.7932,-34.315489586,42.));
#15560=DIRECTION('',(0.,0.,1.));
#15561=VECTOR('',#15560,3.);
#15562=LINE('',#15559,#15561);
#15563=EDGE_CURVE('',#9380,#12797,#15562,.T.);
#15564=ORIENTED_EDGE('',*,*,#15563,.F.);
#15565=ORIENTED_EDGE('',*,*,#9385,.F.);
#15566=EDGE_LOOP('',(#15557,#15558,#15564,#15565));
#15567=FACE_BOUND('',#15566,.T.);
#15568=ADVANCED_FACE('',(#15567),#15556,.F.);
#15569=CARTESIAN_POINT('',(17.5432,-35.614527692,15.));
#15570=DIRECTION('',(-0.866025404,-0.5,0.));
#15571=DIRECTION('',(0.5,-0.866025404,0.));
#15572=AXIS2_PLACEMENT_3D('',#15569,#15570,#15571);
#15573=PLANE('',#15572);
#15574=ORIENTED_EDGE('',*,*,#15563,.T.);
#15575=ORIENTED_EDGE('',*,*,#12802,.T.);
#15576=CARTESIAN_POINT('',(18.2932,-36.913565798,42.));
#15577=DIRECTION('',(0.,0.,1.));
#15578=VECTOR('',#15577,3.);
#15579=LINE('',#15576,#15578);
#15580=EDGE_CURVE('',#9346,#12789,#15579,.T.);
#15581=ORIENTED_EDGE('',*,*,#15580,.F.);
#15582=ORIENTED_EDGE('',*,*,#9391,.F.);
#15583=EDGE_LOOP('',(#15574,#15575,#15581,#15582));
#15584=FACE_BOUND('',#15583,.T.);
#15585=ADVANCED_FACE('',(#15584),#15573,.F.);
#15586=CARTESIAN_POINT('',(19.7932,-36.913565798,15.));
#15587=DIRECTION('',(0.,-1.,0.));
#15588=DIRECTION('',(1.,0.,0.));
#15589=AXIS2_PLACEMENT_3D('',#15586,#15587,#15588);
#15590=PLANE('',#15589);
#15591=ORIENTED_EDGE('',*,*,#15580,.T.);
#15592=ORIENTED_EDGE('',*,*,#12794,.T.);
#15593=ORIENTED_EDGE('',*,*,#15505,.F.);
#15594=ORIENTED_EDGE('',*,*,#9353,.F.);
#15595=EDGE_LOOP('',(#15591,#15592,#15593,#15594));
#15596=FACE_BOUND('',#15595,.T.);
#15597=ADVANCED_FACE('',(#15596),#15590,.F.);
#15598=CARTESIAN_POINT('',(-11.888,-17.222127692,15.));
#15599=DIRECTION('',(0.866025404,-0.5,0.));
#15600=DIRECTION('',(0.5,0.866025404,0.));
#15601=AXIS2_PLACEMENT_3D('',#15598,#15599,#15600);
#15602=PLANE('',#15601);
#15603=CARTESIAN_POINT('',(-12.638,-18.521165798,42.));
#15604=DIRECTION('',(0.,0.,1.));
#15605=VECTOR('',#15604,3.);
#15606=LINE('',#15603,#15605);
#15607=EDGE_CURVE('',#9298,#12729,#15606,.T.);
#15608=ORIENTED_EDGE('',*,*,#15607,.T.);
#15609=ORIENTED_EDGE('',*,*,#12736,.T.);
#15610=CARTESIAN_POINT('',(-11.138,-15.923089586,42.));
#15611=DIRECTION('',(0.,0.,1.));
#15612=VECTOR('',#15611,3.);
#15613=LINE('',#15610,#15612);
#15614=EDGE_CURVE('',#9306,#12731,#15613,.T.);
#15615=ORIENTED_EDGE('',*,*,#15614,.F.);
#15616=ORIENTED_EDGE('',*,*,#9311,.F.);
#15617=EDGE_LOOP('',(#15608,#15609,#15615,#15616));
#15618=FACE_BOUND('',#15617,.T.);
#15619=ADVANCED_FACE('',(#15618),#15602,.F.);
#15620=CARTESIAN_POINT('',(-11.888,-14.624051481,15.));
#15621=DIRECTION('',(0.866025404,0.5,0.));
#15622=DIRECTION('',(-0.5,0.866025404,0.));
#15623=AXIS2_PLACEMENT_3D('',#15620,#15621,#15622);
#15624=PLANE('',#15623);
#15625=ORIENTED_EDGE('',*,*,#15614,.T.);
#15626=ORIENTED_EDGE('',*,*,#12774,.T.);
#15627=CARTESIAN_POINT('',(-12.638,-13.325013375,42.));
#15628=DIRECTION('',(0.,0.,1.));
#15629=VECTOR('',#15628,3.);
#15630=LINE('',#15627,#15629);
#15631=EDGE_CURVE('',#9314,#12763,#15630,.T.);
#15632=ORIENTED_EDGE('',*,*,#15631,.F.);
#15633=ORIENTED_EDGE('',*,*,#9319,.F.);
#15634=EDGE_LOOP('',(#15625,#15626,#15632,#15633));
#15635=FACE_BOUND('',#15634,.T.);
#15636=ADVANCED_FACE('',(#15635),#15624,.F.);
#15637=CARTESIAN_POINT('',(-14.138,-13.325013375,15.));
#15638=DIRECTION('',(0.,1.,0.));
#15639=DIRECTION('',(0.,0.,1.));
#15640=AXIS2_PLACEMENT_3D('',#15637,#15638,#15639);
#15641=PLANE('',#15640);
#15642=ORIENTED_EDGE('',*,*,#15631,.T.);
#15643=ORIENTED_EDGE('',*,*,#12768,.T.);
#15644=CARTESIAN_POINT('',(-15.638,-13.325013375,42.));
#15645=DIRECTION('',(0.,0.,1.));
#15646=VECTOR('',#15645,3.);
#15647=LINE('',#15644,#15646);
#15648=EDGE_CURVE('',#9322,#12755,#15647,.T.);
#15649=ORIENTED_EDGE('',*,*,#15648,.F.);
#15650=ORIENTED_EDGE('',*,*,#9327,.F.);
#15651=EDGE_LOOP('',(#15642,#15643,#15649,#15650));
#15652=FACE_BOUND('',#15651,.T.);
#15653=ADVANCED_FACE('',(#15652),#15641,.F.);
#15654=CARTESIAN_POINT('',(-16.388,-14.624051481,15.));
#15655=DIRECTION('',(-0.866025404,0.5,0.));
#15656=DIRECTION('',(-0.5,-0.866025404,0.));
#15657=AXIS2_PLACEMENT_3D('',#15654,#15655,#15656);
#15658=PLANE('',#15657);
#15659=ORIENTED_EDGE('',*,*,#15648,.T.);
#15660=ORIENTED_EDGE('',*,*,#12760,.T.);
#15661=CARTESIAN_POINT('',(-17.138,-15.923089586,42.));
#15662=DIRECTION('',(0.,0.,1.));
#15663=VECTOR('',#15662,3.);
#15664=LINE('',#15661,#15663);
#15665=EDGE_CURVE('',#9330,#12747,#15664,.T.);
#15666=ORIENTED_EDGE('',*,*,#15665,.F.);
#15667=ORIENTED_EDGE('',*,*,#9335,.F.);
#15668=EDGE_LOOP('',(#15659,#15660,#15666,#15667));
#15669=FACE_BOUND('',#15668,.T.);
#15670=ADVANCED_FACE('',(#15669),#15658,.F.);
#15671=CARTESIAN_POINT('',(-16.388,-17.222127692,15.));
#15672=DIRECTION('',(-0.866025404,-0.5,0.));
#15673=DIRECTION('',(0.5,-0.866025404,0.));
#15674=AXIS2_PLACEMENT_3D('',#15671,#15672,#15673);
#15675=PLANE('',#15674);
#15676=ORIENTED_EDGE('',*,*,#15665,.T.);
#15677=ORIENTED_EDGE('',*,*,#12752,.T.);
#15678=CARTESIAN_POINT('',(-15.638,-18.521165798,42.));
#15679=DIRECTION('',(0.,0.,1.));
#15680=VECTOR('',#15679,3.);
#15681=LINE('',#15678,#15680);
#15682=EDGE_CURVE('',#9296,#12739,#15681,.T.);
#15683=ORIENTED_EDGE('',*,*,#15682,.F.);
#15684=ORIENTED_EDGE('',*,*,#9341,.F.);
#15685=EDGE_LOOP('',(#15676,#15677,#15683,#15684));
#15686=FACE_BOUND('',#15685,.T.);
#15687=ADVANCED_FACE('',(#15686),#15675,.F.);
#15688=CARTESIAN_POINT('',(-14.138,-18.521165798,15.));
#15689=DIRECTION('',(0.,-1.,0.));
#15690=DIRECTION('',(1.,0.,0.));
#15691=AXIS2_PLACEMENT_3D('',#15688,#15689,#15690);
#15692=PLANE('',#15691);
#15693=ORIENTED_EDGE('',*,*,#15682,.T.);
#15694=ORIENTED_EDGE('',*,*,#12744,.T.);
#15695=ORIENTED_EDGE('',*,*,#15607,.F.);
#15696=ORIENTED_EDGE('',*,*,#9303,.F.);
#15697=EDGE_LOOP('',(#15693,#15694,#15695,#15696));
#15698=FACE_BOUND('',#15697,.T.);
#15699=ADVANCED_FACE('',(#15698),#15692,.F.);
#15700=CARTESIAN_POINT('',(-17.5432,-31.016451481,15.));
#15701=DIRECTION('',(0.866025404,-0.5,0.));
#15702=DIRECTION('',(0.5,0.866025404,0.));
#15703=AXIS2_PLACEMENT_3D('',#15700,#15701,#15702);
#15704=PLANE('',#15703);
#15705=CARTESIAN_POINT('',(-18.2932,-32.315489586,42.));
#15706=DIRECTION('',(0.,0.,1.));
#15707=VECTOR('',#15706,3.);
#15708=LINE('',#15705,#15707);
#15709=EDGE_CURVE('',#9248,#12679,#15708,.T.);
#15710=ORIENTED_EDGE('',*,*,#15709,.T.);
#15711=ORIENTED_EDGE('',*,*,#12686,.T.);
#15712=CARTESIAN_POINT('',(-16.7932,-29.717413375,42.));
#15713=DIRECTION('',(0.,0.,1.));
#15714=VECTOR('',#15713,3.);
#15715=LINE('',#15712,#15714);
#15716=EDGE_CURVE('',#9256,#12681,#15715,.T.);
#15717=ORIENTED_EDGE('',*,*,#15716,.F.);
#15718=ORIENTED_EDGE('',*,*,#9261,.F.);
#15719=EDGE_LOOP('',(#15710,#15711,#15717,#15718));
#15720=FACE_BOUND('',#15719,.T.);
#15721=ADVANCED_FACE('',(#15720),#15704,.F.);
#15722=CARTESIAN_POINT('',(-17.5432,-28.418375269,15.));
#15723=DIRECTION('',(0.866025404,0.5,0.));
#15724=DIRECTION('',(-0.5,0.866025404,0.));
#15725=AXIS2_PLACEMENT_3D('',#15722,#15723,#15724);
#15726=PLANE('',#15725);
#15727=ORIENTED_EDGE('',*,*,#15716,.T.);
#15728=ORIENTED_EDGE('',*,*,#12724,.T.);
#15729=CARTESIAN_POINT('',(-18.2932,-27.119337164,42.));
#15730=DIRECTION('',(0.,0.,1.));
#15731=VECTOR('',#15730,3.);
#15732=LINE('',#15729,#15731);
#15733=EDGE_CURVE('',#9264,#12713,#15732,.T.);
#15734=ORIENTED_EDGE('',*,*,#15733,.F.);
#15735=ORIENTED_EDGE('',*,*,#9269,.F.);
#15736=EDGE_LOOP('',(#15727,#15728,#15734,#15735));
#15737=FACE_BOUND('',#15736,.T.);
#15738=ADVANCED_FACE('',(#15737),#15726,.F.);
#15739=CARTESIAN_POINT('',(-19.7932,-27.119337164,15.));
#15740=DIRECTION('',(0.,1.,0.));
#15741=DIRECTION('',(0.,0.,1.));
#15742=AXIS2_PLACEMENT_3D('',#15739,#15740,#15741);
#15743=PLANE('',#15742);
#15744=ORIENTED_EDGE('',*,*,#15733,.T.);
#15745=ORIENTED_EDGE('',*,*,#12718,.T.);
#15746=CARTESIAN_POINT('',(-21.2932,-27.119337164,42.));
#15747=DIRECTION('',(0.,0.,1.));
#15748=VECTOR('',#15747,3.);
#15749=LINE('',#15746,#15748);
#15750=EDGE_CURVE('',#9272,#12705,#15749,.T.);
#15751=ORIENTED_EDGE('',*,*,#15750,.F.);
#15752=ORIENTED_EDGE('',*,*,#9277,.F.);
#15753=EDGE_LOOP('',(#15744,#15745,#15751,#15752));
#15754=FACE_BOUND('',#15753,.T.);
#15755=ADVANCED_FACE('',(#15754),#15743,.F.);
#15756=CARTESIAN_POINT('',(-22.0432,-28.418375269,15.));
#15757=DIRECTION('',(-0.866025404,0.5,0.));
#15758=DIRECTION('',(-0.5,-0.866025404,0.));
#15759=AXIS2_PLACEMENT_3D('',#15756,#15757,#15758);
#15760=PLANE('',#15759);
#15761=ORIENTED_EDGE('',*,*,#15750,.T.);
#15762=ORIENTED_EDGE('',*,*,#12710,.T.);
#15763=CARTESIAN_POINT('',(-22.7932,-29.717413375,42.));
#15764=DIRECTION('',(0.,0.,1.));
#15765=VECTOR('',#15764,3.);
#15766=LINE('',#15763,#15765);
#15767=EDGE_CURVE('',#9280,#12697,#15766,.T.);
#15768=ORIENTED_EDGE('',*,*,#15767,.F.);
#15769=ORIENTED_EDGE('',*,*,#9285,.F.);
#15770=EDGE_LOOP('',(#15761,#15762,#15768,#15769));
#15771=FACE_BOUND('',#15770,.T.);
#15772=ADVANCED_FACE('',(#15771),#15760,.F.);
#15773=CARTESIAN_POINT('',(-22.0432,-31.016451481,15.));
#15774=DIRECTION('',(-0.866025404,-0.5,0.));
#15775=DIRECTION('',(0.5,-0.866025404,0.));
#15776=AXIS2_PLACEMENT_3D('',#15773,#15774,#15775);
#15777=PLANE('',#15776);
#15778=ORIENTED_EDGE('',*,*,#15767,.T.);
#15779=ORIENTED_EDGE('',*,*,#12702,.T.);
#15780=CARTESIAN_POINT('',(-21.2932,-32.315489586,42.));
#15781=DIRECTION('',(0.,0.,1.));
#15782=VECTOR('',#15781,3.);
#15783=LINE('',#15780,#15782);
#15784=EDGE_CURVE('',#9246,#12689,#15783,.T.);
#15785=ORIENTED_EDGE('',*,*,#15784,.F.);
#15786=ORIENTED_EDGE('',*,*,#9291,.F.);
#15787=EDGE_LOOP('',(#15778,#15779,#15785,#15786));
#15788=FACE_BOUND('',#15787,.T.);
#15789=ADVANCED_FACE('',(#15788),#15777,.F.);
#15790=CARTESIAN_POINT('',(-19.7932,-32.315489586,15.));
#15791=DIRECTION('',(0.,-1.,0.));
#15792=DIRECTION('',(1.,0.,0.));
#15793=AXIS2_PLACEMENT_3D('',#15790,#15791,#15792);
#15794=PLANE('',#15793);
#15795=ORIENTED_EDGE('',*,*,#15784,.T.);
#15796=ORIENTED_EDGE('',*,*,#12694,.T.);
#15797=ORIENTED_EDGE('',*,*,#15709,.F.);
#15798=ORIENTED_EDGE('',*,*,#9253,.F.);
#15799=EDGE_LOOP('',(#15795,#15796,#15797,#15798));
#15800=FACE_BOUND('',#15799,.T.);
#15801=ADVANCED_FACE('',(#15800),#15794,.F.);
#15802=CARTESIAN_POINT('',(-0.5776,-44.810727692,15.));
#15803=DIRECTION('',(0.866025404,-0.5,0.));
#15804=DIRECTION('',(0.5,0.866025404,0.));
#15805=AXIS2_PLACEMENT_3D('',#15802,#15803,#15804);
#15806=PLANE('',#15805);
#15807=CARTESIAN_POINT('',(-1.3276,-46.109765798,42.));
#15808=DIRECTION('',(0.,0.,1.));
#15809=VECTOR('',#15808,3.);
#15810=LINE('',#15807,#15809);
#15811=EDGE_CURVE('',#9198,#12629,#15810,.T.);
#15812=ORIENTED_EDGE('',*,*,#15811,.T.);
#15813=ORIENTED_EDGE('',*,*,#12636,.T.);
#15814=CARTESIAN_POINT('',(0.1724,-43.511689586,42.));
#15815=DIRECTION('',(0.,0.,1.));
#15816=VECTOR('',#15815,3.);
#15817=LINE('',#15814,#15816);
#15818=EDGE_CURVE('',#9206,#12631,#15817,.T.);
#15819=ORIENTED_EDGE('',*,*,#15818,.F.);
#15820=ORIENTED_EDGE('',*,*,#9211,.F.);
#15821=EDGE_LOOP('',(#15812,#15813,#15819,#15820));
#15822=FACE_BOUND('',#15821,.T.);
#15823=ADVANCED_FACE('',(#15822),#15806,.F.);
#15824=CARTESIAN_POINT('',(-0.5776,-42.212651481,15.));
#15825=DIRECTION('',(0.866025404,0.5,0.));
#15826=DIRECTION('',(-0.5,0.866025404,0.));
#15827=AXIS2_PLACEMENT_3D('',#15824,#15825,#15826);
#15828=PLANE('',#15827);
#15829=ORIENTED_EDGE('',*,*,#15818,.T.);
#15830=ORIENTED_EDGE('',*,*,#12674,.T.);
#15831=CARTESIAN_POINT('',(-1.3276,-40.913613375,42.));
#15832=DIRECTION('',(0.,0.,1.));
#15833=VECTOR('',#15832,3.);
#15834=LINE('',#15831,#15833);
#15835=EDGE_CURVE('',#9214,#12663,#15834,.T.);
#15836=ORIENTED_EDGE('',*,*,#15835,.F.);
#15837=ORIENTED_EDGE('',*,*,#9219,.F.);
#15838=EDGE_LOOP('',(#15829,#15830,#15836,#15837));
#15839=FACE_BOUND('',#15838,.T.);
#15840=ADVANCED_FACE('',(#15839),#15828,.F.);
#15841=CARTESIAN_POINT('',(-2.8276,-40.913613375,15.));
#15842=DIRECTION('',(0.,1.,0.));
#15843=DIRECTION('',(0.,0.,1.));
#15844=AXIS2_PLACEMENT_3D('',#15841,#15842,#15843);
#15845=PLANE('',#15844);
#15846=ORIENTED_EDGE('',*,*,#15835,.T.);
#15847=ORIENTED_EDGE('',*,*,#12668,.T.);
#15848=CARTESIAN_POINT('',(-4.3276,-40.913613375,42.));
#15849=DIRECTION('',(0.,0.,1.));
#15850=VECTOR('',#15849,3.);
#15851=LINE('',#15848,#15850);
#15852=EDGE_CURVE('',#9222,#12655,#15851,.T.);
#15853=ORIENTED_EDGE('',*,*,#15852,.F.);
#15854=ORIENTED_EDGE('',*,*,#9227,.F.);
#15855=EDGE_LOOP('',(#15846,#15847,#15853,#15854));
#15856=FACE_BOUND('',#15855,.T.);
#15857=ADVANCED_FACE('',(#15856),#15845,.F.);
#15858=CARTESIAN_POINT('',(-5.0776,-42.212651481,15.));
#15859=DIRECTION('',(-0.866025404,0.5,0.));
#15860=DIRECTION('',(-0.5,-0.866025404,0.));
#15861=AXIS2_PLACEMENT_3D('',#15858,#15859,#15860);
#15862=PLANE('',#15861);
#15863=ORIENTED_EDGE('',*,*,#15852,.T.);
#15864=ORIENTED_EDGE('',*,*,#12660,.T.);
#15865=CARTESIAN_POINT('',(-5.8276,-43.511689586,42.));
#15866=DIRECTION('',(0.,0.,1.));
#15867=VECTOR('',#15866,3.);
#15868=LINE('',#15865,#15867);
#15869=EDGE_CURVE('',#9230,#12647,#15868,.T.);
#15870=ORIENTED_EDGE('',*,*,#15869,.F.);
#15871=ORIENTED_EDGE('',*,*,#9235,.F.);
#15872=EDGE_LOOP('',(#15863,#15864,#15870,#15871));
#15873=FACE_BOUND('',#15872,.T.);
#15874=ADVANCED_FACE('',(#15873),#15862,.F.);
#15875=CARTESIAN_POINT('',(-5.0776,-44.810727692,15.));
#15876=DIRECTION('',(-0.866025404,-0.5,0.));
#15877=DIRECTION('',(0.5,-0.866025404,0.));
#15878=AXIS2_PLACEMENT_3D('',#15875,#15876,#15877);
#15879=PLANE('',#15878);
#15880=ORIENTED_EDGE('',*,*,#15869,.T.);
#15881=ORIENTED_EDGE('',*,*,#12652,.T.);
#15882=CARTESIAN_POINT('',(-4.3276,-46.109765798,42.));
#15883=DIRECTION('',(0.,0.,1.));
#15884=VECTOR('',#15883,3.);
#15885=LINE('',#15882,#15884);
#15886=EDGE_CURVE('',#9196,#12639,#15885,.T.);
#15887=ORIENTED_EDGE('',*,*,#15886,.F.);
#15888=ORIENTED_EDGE('',*,*,#9241,.F.);
#15889=EDGE_LOOP('',(#15880,#15881,#15887,#15888));
#15890=FACE_BOUND('',#15889,.T.);
#15891=ADVANCED_FACE('',(#15890),#15879,.F.);
#15892=CARTESIAN_POINT('',(-2.8276,-46.109765798,15.));
#15893=DIRECTION('',(0.,-1.,0.));
#15894=DIRECTION('',(1.,0.,0.));
#15895=AXIS2_PLACEMENT_3D('',#15892,#15893,#15894);
#15896=PLANE('',#15895);
#15897=ORIENTED_EDGE('',*,*,#15886,.T.);
#15898=ORIENTED_EDGE('',*,*,#12644,.T.);
#15899=ORIENTED_EDGE('',*,*,#15811,.F.);
#15900=ORIENTED_EDGE('',*,*,#9203,.F.);
#15901=EDGE_LOOP('',(#15897,#15898,#15899,#15900));
#15902=FACE_BOUND('',#15901,.T.);
#15903=ADVANCED_FACE('',(#15902),#15896,.F.);
#15904=CARTESIAN_POINT('',(16.388,-21.820251481,15.));
#15905=DIRECTION('',(0.866025404,-0.5,0.));
#15906=DIRECTION('',(0.5,0.866025404,0.));
#15907=AXIS2_PLACEMENT_3D('',#15904,#15905,#15906);
#15908=PLANE('',#15907);
#15909=CARTESIAN_POINT('',(15.638,-23.119289586,42.));
#15910=DIRECTION('',(0.,0.,1.));
#15911=VECTOR('',#15910,3.);
#15912=LINE('',#15909,#15911);
#15913=EDGE_CURVE('',#9148,#12579,#15912,.T.);
#15914=ORIENTED_EDGE('',*,*,#15913,.T.);
#15915=ORIENTED_EDGE('',*,*,#12586,.T.);
#15916=CARTESIAN_POINT('',(17.138,-20.521213375,42.));
#15917=DIRECTION('',(0.,0.,1.));
#15918=VECTOR('',#15917,3.);
#15919=LINE('',#15916,#15918);
#15920=EDGE_CURVE('',#9156,#12581,#15919,.T.);
#15921=ORIENTED_EDGE('',*,*,#15920,.F.);
#15922=ORIENTED_EDGE('',*,*,#9161,.F.);
#15923=EDGE_LOOP('',(#15914,#15915,#15921,#15922));
#15924=FACE_BOUND('',#15923,.T.);
#15925=ADVANCED_FACE('',(#15924),#15908,.F.);
#15926=CARTESIAN_POINT('',(16.388,-19.222175269,15.));
#15927=DIRECTION('',(0.866025404,0.5,0.));
#15928=DIRECTION('',(-0.5,0.866025404,0.));
#15929=AXIS2_PLACEMENT_3D('',#15926,#15927,#15928);
#15930=PLANE('',#15929);
#15931=ORIENTED_EDGE('',*,*,#15920,.T.);
#15932=ORIENTED_EDGE('',*,*,#12624,.T.);
#15933=CARTESIAN_POINT('',(15.638,-17.923137164,42.));
#15934=DIRECTION('',(0.,0.,1.));
#15935=VECTOR('',#15934,3.);
#15936=LINE('',#15933,#15935);
#15937=EDGE_CURVE('',#9164,#12613,#15936,.T.);
#15938=ORIENTED_EDGE('',*,*,#15937,.F.);
#15939=ORIENTED_EDGE('',*,*,#9169,.F.);
#15940=EDGE_LOOP('',(#15931,#15932,#15938,#15939));
#15941=FACE_BOUND('',#15940,.T.);
#15942=ADVANCED_FACE('',(#15941),#15930,.F.);
#15943=CARTESIAN_POINT('',(14.138,-17.923137164,15.));
#15944=DIRECTION('',(0.,1.,0.));
#15945=DIRECTION('',(0.,0.,1.));
#15946=AXIS2_PLACEMENT_3D('',#15943,#15944,#15945);
#15947=PLANE('',#15946);
#15948=ORIENTED_EDGE('',*,*,#15937,.T.);
#15949=ORIENTED_EDGE('',*,*,#12618,.T.);
#15950=CARTESIAN_POINT('',(12.638,-17.923137164,42.));
#15951=DIRECTION('',(0.,0.,1.));
#15952=VECTOR('',#15951,3.);
#15953=LINE('',#15950,#15952);
#15954=EDGE_CURVE('',#9172,#12605,#15953,.T.);
#15955=ORIENTED_EDGE('',*,*,#15954,.F.);
#15956=ORIENTED_EDGE('',*,*,#9177,.F.);
#15957=EDGE_LOOP('',(#15948,#15949,#15955,#15956));
#15958=FACE_BOUND('',#15957,.T.);
#15959=ADVANCED_FACE('',(#15958),#15947,.F.);
#15960=CARTESIAN_POINT('',(11.888,-19.222175269,15.));
#15961=DIRECTION('',(-0.866025404,0.5,0.));
#15962=DIRECTION('',(-0.5,-0.866025404,0.));
#15963=AXIS2_PLACEMENT_3D('',#15960,#15961,#15962);
#15964=PLANE('',#15963);
#15965=ORIENTED_EDGE('',*,*,#15954,.T.);
#15966=ORIENTED_EDGE('',*,*,#12610,.T.);
#15967=CARTESIAN_POINT('',(11.138,-20.521213375,42.));
#15968=DIRECTION('',(0.,0.,1.));
#15969=VECTOR('',#15968,3.);
#15970=LINE('',#15967,#15969);
#15971=EDGE_CURVE('',#9180,#12597,#15970,.T.);
#15972=ORIENTED_EDGE('',*,*,#15971,.F.);
#15973=ORIENTED_EDGE('',*,*,#9185,.F.);
#15974=EDGE_LOOP('',(#15965,#15966,#15972,#15973));
#15975=FACE_BOUND('',#15974,.T.);
#15976=ADVANCED_FACE('',(#15975),#15964,.F.);
#15977=CARTESIAN_POINT('',(11.888,-21.820251481,15.));
#15978=DIRECTION('',(-0.866025404,-0.5,0.));
#15979=DIRECTION('',(0.5,-0.866025404,0.));
#15980=AXIS2_PLACEMENT_3D('',#15977,#15978,#15979);
#15981=PLANE('',#15980);
#15982=ORIENTED_EDGE('',*,*,#15971,.T.);
#15983=ORIENTED_EDGE('',*,*,#12602,.T.);
#15984=CARTESIAN_POINT('',(12.638,-23.119289586,42.));
#15985=DIRECTION('',(0.,0.,1.));
#15986=VECTOR('',#15985,3.);
#15987=LINE('',#15984,#15986);
#15988=EDGE_CURVE('',#9146,#12589,#15987,.T.);
#15989=ORIENTED_EDGE('',*,*,#15988,.F.);
#15990=ORIENTED_EDGE('',*,*,#9191,.F.);
#15991=EDGE_LOOP('',(#15982,#15983,#15989,#15990));
#15992=FACE_BOUND('',#15991,.T.);
#15993=ADVANCED_FACE('',(#15992),#15981,.F.);
#15994=CARTESIAN_POINT('',(14.138,-23.119289586,15.));
#15995=DIRECTION('',(0.,-1.,0.));
#15996=DIRECTION('',(1.,0.,0.));
#15997=AXIS2_PLACEMENT_3D('',#15994,#15995,#15996);
#15998=PLANE('',#15997);
#15999=ORIENTED_EDGE('',*,*,#15988,.T.);
#16000=ORIENTED_EDGE('',*,*,#12594,.T.);
#16001=ORIENTED_EDGE('',*,*,#15913,.F.);
#16002=ORIENTED_EDGE('',*,*,#9153,.F.);
#16003=EDGE_LOOP('',(#15999,#16000,#16001,#16002));
#16004=FACE_BOUND('',#16003,.T.);
#16005=ADVANCED_FACE('',(#16004),#15998,.F.);
#16006=CARTESIAN_POINT('',(10.7328,-26.418327692,15.));
#16007=DIRECTION('',(0.866025404,-0.5,0.));
#16008=DIRECTION('',(0.5,0.866025404,0.));
#16009=AXIS2_PLACEMENT_3D('',#16006,#16007,#16008);
#16010=PLANE('',#16009);
#16011=CARTESIAN_POINT('',(9.9828,-27.717365798,42.));
#16012=DIRECTION('',(0.,0.,1.));
#16013=VECTOR('',#16012,3.);
#16014=LINE('',#16011,#16013);
#16015=EDGE_CURVE('',#9098,#12529,#16014,.T.);
#16016=ORIENTED_EDGE('',*,*,#16015,.T.);
#16017=ORIENTED_EDGE('',*,*,#12536,.T.);
#16018=CARTESIAN_POINT('',(11.4828,-25.119289586,42.));
#16019=DIRECTION('',(0.,0.,1.));
#16020=VECTOR('',#16019,3.);
#16021=LINE('',#16018,#16020);
#16022=EDGE_CURVE('',#9106,#12531,#16021,.T.);
#16023=ORIENTED_EDGE('',*,*,#16022,.F.);
#16024=ORIENTED_EDGE('',*,*,#9111,.F.);
#16025=EDGE_LOOP('',(#16016,#16017,#16023,#16024));
#16026=FACE_BOUND('',#16025,.T.);
#16027=ADVANCED_FACE('',(#16026),#16010,.F.);
#16028=CARTESIAN_POINT('',(10.7328,-23.820251481,15.));
#16029=DIRECTION('',(0.866025404,0.5,0.));
#16030=DIRECTION('',(-0.5,0.866025404,0.));
#16031=AXIS2_PLACEMENT_3D('',#16028,#16029,#16030);
#16032=PLANE('',#16031);
#16033=ORIENTED_EDGE('',*,*,#16022,.T.);
#16034=ORIENTED_EDGE('',*,*,#12574,.T.);
#16035=CARTESIAN_POINT('',(9.9828,-22.521213375,42.));
#16036=DIRECTION('',(0.,0.,1.));
#16037=VECTOR('',#16036,3.);
#16038=LINE('',#16035,#16037);
#16039=EDGE_CURVE('',#9114,#12563,#16038,.T.);
#16040=ORIENTED_EDGE('',*,*,#16039,.F.);
#16041=ORIENTED_EDGE('',*,*,#9119,.F.);
#16042=EDGE_LOOP('',(#16033,#16034,#16040,#16041));
#16043=FACE_BOUND('',#16042,.T.);
#16044=ADVANCED_FACE('',(#16043),#16032,.F.);
#16045=CARTESIAN_POINT('',(8.4828,-22.521213375,15.));
#16046=DIRECTION('',(0.,1.,0.));
#16047=DIRECTION('',(0.,0.,1.));
#16048=AXIS2_PLACEMENT_3D('',#16045,#16046,#16047);
#16049=PLANE('',#16048);
#16050=ORIENTED_EDGE('',*,*,#16039,.T.);
#16051=ORIENTED_EDGE('',*,*,#12568,.T.);
#16052=CARTESIAN_POINT('',(6.9828,-22.521213375,42.));
#16053=DIRECTION('',(0.,0.,1.));
#16054=VECTOR('',#16053,3.);
#16055=LINE('',#16052,#16054);
#16056=EDGE_CURVE('',#9122,#12555,#16055,.T.);
#16057=ORIENTED_EDGE('',*,*,#16056,.F.);
#16058=ORIENTED_EDGE('',*,*,#9127,.F.);
#16059=EDGE_LOOP('',(#16050,#16051,#16057,#16058));
#16060=FACE_BOUND('',#16059,.T.);
#16061=ADVANCED_FACE('',(#16060),#16049,.F.);
#16062=CARTESIAN_POINT('',(6.2328,-23.820251481,15.));
#16063=DIRECTION('',(-0.866025404,0.5,0.));
#16064=DIRECTION('',(-0.5,-0.866025404,0.));
#16065=AXIS2_PLACEMENT_3D('',#16062,#16063,#16064);
#16066=PLANE('',#16065);
#16067=ORIENTED_EDGE('',*,*,#16056,.T.);
#16068=ORIENTED_EDGE('',*,*,#12560,.T.);
#16069=CARTESIAN_POINT('',(5.4828,-25.119289586,42.));
#16070=DIRECTION('',(0.,0.,1.));
#16071=VECTOR('',#16070,3.);
#16072=LINE('',#16069,#16071);
#16073=EDGE_CURVE('',#9130,#12547,#16072,.T.);
#16074=ORIENTED_EDGE('',*,*,#16073,.F.);
#16075=ORIENTED_EDGE('',*,*,#9135,.F.);
#16076=EDGE_LOOP('',(#16067,#16068,#16074,#16075));
#16077=FACE_BOUND('',#16076,.T.);
#16078=ADVANCED_FACE('',(#16077),#16066,.F.);
#16079=CARTESIAN_POINT('',(6.2328,-26.418327692,15.));
#16080=DIRECTION('',(-0.866025404,-0.5,0.));
#16081=DIRECTION('',(0.5,-0.866025404,0.));
#16082=AXIS2_PLACEMENT_3D('',#16079,#16080,#16081);
#16083=PLANE('',#16082);
#16084=ORIENTED_EDGE('',*,*,#16073,.T.);
#16085=ORIENTED_EDGE('',*,*,#12552,.T.);
#16086=CARTESIAN_POINT('',(6.9828,-27.717365798,42.));
#16087=DIRECTION('',(0.,0.,1.));
#16088=VECTOR('',#16087,3.);
#16089=LINE('',#16086,#16088);
#16090=EDGE_CURVE('',#9096,#12539,#16089,.T.);
#16091=ORIENTED_EDGE('',*,*,#16090,.F.);
#16092=ORIENTED_EDGE('',*,*,#9141,.F.);
#16093=EDGE_LOOP('',(#16084,#16085,#16091,#16092));
#16094=FACE_BOUND('',#16093,.T.);
#16095=ADVANCED_FACE('',(#16094),#16083,.F.);
#16096=CARTESIAN_POINT('',(8.4828,-27.717365798,15.));
#16097=DIRECTION('',(0.,-1.,0.));
#16098=DIRECTION('',(1.,0.,0.));
#16099=AXIS2_PLACEMENT_3D('',#16096,#16097,#16098);
#16100=PLANE('',#16099);
#16101=ORIENTED_EDGE('',*,*,#16090,.T.);
#16102=ORIENTED_EDGE('',*,*,#12544,.T.);
#16103=ORIENTED_EDGE('',*,*,#16015,.F.);
#16104=ORIENTED_EDGE('',*,*,#9103,.F.);
#16105=EDGE_LOOP('',(#16101,#16102,#16103,#16104));
#16106=FACE_BOUND('',#16105,.T.);
#16107=ADVANCED_FACE('',(#16106),#16100,.F.);
#16108=CARTESIAN_POINT('',(-17.5432,-3.427851481,15.));
#16109=DIRECTION('',(0.866025404,-0.5,0.));
#16110=DIRECTION('',(0.5,0.866025404,0.));
#16111=AXIS2_PLACEMENT_3D('',#16108,#16109,#16110);
#16112=PLANE('',#16111);
#16113=CARTESIAN_POINT('',(-18.2932,-4.726889586,42.));
#16114=DIRECTION('',(0.,0.,1.));
#16115=VECTOR('',#16114,3.);
#16116=LINE('',#16113,#16115);
#16117=EDGE_CURVE('',#9048,#12479,#16116,.T.);
#16118=ORIENTED_EDGE('',*,*,#16117,.T.);
#16119=ORIENTED_EDGE('',*,*,#12486,.T.);
#16120=CARTESIAN_POINT('',(-16.7932,-2.128813375,42.));
#16121=DIRECTION('',(0.,0.,1.));
#16122=VECTOR('',#16121,3.);
#16123=LINE('',#16120,#16122);
#16124=EDGE_CURVE('',#9056,#12481,#16123,.T.);
#16125=ORIENTED_EDGE('',*,*,#16124,.F.);
#16126=ORIENTED_EDGE('',*,*,#9061,.F.);
#16127=EDGE_LOOP('',(#16118,#16119,#16125,#16126));
#16128=FACE_BOUND('',#16127,.T.);
#16129=ADVANCED_FACE('',(#16128),#16112,.F.);
#16130=CARTESIAN_POINT('',(-17.5432,-0.829775269,15.));
#16131=DIRECTION('',(0.866025404,0.5,0.));
#16132=DIRECTION('',(-0.5,0.866025404,0.));
#16133=AXIS2_PLACEMENT_3D('',#16130,#16131,#16132);
#16134=PLANE('',#16133);
#16135=ORIENTED_EDGE('',*,*,#16124,.T.);
#16136=ORIENTED_EDGE('',*,*,#12524,.T.);
#16137=CARTESIAN_POINT('',(-18.2932,0.469262836,42.));
#16138=DIRECTION('',(0.,0.,1.));
#16139=VECTOR('',#16138,3.);
#16140=LINE('',#16137,#16139);
#16141=EDGE_CURVE('',#9064,#12513,#16140,.T.);
#16142=ORIENTED_EDGE('',*,*,#16141,.F.);
#16143=ORIENTED_EDGE('',*,*,#9069,.F.);
#16144=EDGE_LOOP('',(#16135,#16136,#16142,#16143));
#16145=FACE_BOUND('',#16144,.T.);
#16146=ADVANCED_FACE('',(#16145),#16134,.F.);
#16147=CARTESIAN_POINT('',(-19.7932,0.469262836,15.));
#16148=DIRECTION('',(0.,1.,0.));
#16149=DIRECTION('',(0.,0.,1.));
#16150=AXIS2_PLACEMENT_3D('',#16147,#16148,#16149);
#16151=PLANE('',#16150);
#16152=ORIENTED_EDGE('',*,*,#16141,.T.);
#16153=ORIENTED_EDGE('',*,*,#12518,.T.);
#16154=CARTESIAN_POINT('',(-21.2932,0.469262836,42.));
#16155=DIRECTION('',(0.,0.,1.));
#16156=VECTOR('',#16155,3.);
#16157=LINE('',#16154,#16156);
#16158=EDGE_CURVE('',#9072,#12505,#16157,.T.);
#16159=ORIENTED_EDGE('',*,*,#16158,.F.);
#16160=ORIENTED_EDGE('',*,*,#9077,.F.);
#16161=EDGE_LOOP('',(#16152,#16153,#16159,#16160));
#16162=FACE_BOUND('',#16161,.T.);
#16163=ADVANCED_FACE('',(#16162),#16151,.F.);
#16164=CARTESIAN_POINT('',(-22.0432,-0.829775269,15.));
#16165=DIRECTION('',(-0.866025404,0.5,0.));
#16166=DIRECTION('',(-0.5,-0.866025404,0.));
#16167=AXIS2_PLACEMENT_3D('',#16164,#16165,#16166);
#16168=PLANE('',#16167);
#16169=ORIENTED_EDGE('',*,*,#16158,.T.);
#16170=ORIENTED_EDGE('',*,*,#12510,.T.);
#16171=CARTESIAN_POINT('',(-22.7932,-2.128813375,42.));
#16172=DIRECTION('',(0.,0.,1.));
#16173=VECTOR('',#16172,3.);
#16174=LINE('',#16171,#16173);
#16175=EDGE_CURVE('',#9080,#12497,#16174,.T.);
#16176=ORIENTED_EDGE('',*,*,#16175,.F.);
#16177=ORIENTED_EDGE('',*,*,#9085,.F.);
#16178=EDGE_LOOP('',(#16169,#16170,#16176,#16177));
#16179=FACE_BOUND('',#16178,.T.);
#16180=ADVANCED_FACE('',(#16179),#16168,.F.);
#16181=CARTESIAN_POINT('',(-22.0432,-3.427851481,15.));
#16182=DIRECTION('',(-0.866025404,-0.5,0.));
#16183=DIRECTION('',(0.5,-0.866025404,0.));
#16184=AXIS2_PLACEMENT_3D('',#16181,#16182,#16183);
#16185=PLANE('',#16184);
#16186=ORIENTED_EDGE('',*,*,#16175,.T.);
#16187=ORIENTED_EDGE('',*,*,#12502,.T.);
#16188=CARTESIAN_POINT('',(-21.2932,-4.726889586,42.));
#16189=DIRECTION('',(0.,0.,1.));
#16190=VECTOR('',#16189,3.);
#16191=LINE('',#16188,#16190);
#16192=EDGE_CURVE('',#9046,#12489,#16191,.T.);
#16193=ORIENTED_EDGE('',*,*,#16192,.F.);
#16194=ORIENTED_EDGE('',*,*,#9091,.F.);
#16195=EDGE_LOOP('',(#16186,#16187,#16193,#16194));
#16196=FACE_BOUND('',#16195,.T.);
#16197=ADVANCED_FACE('',(#16196),#16185,.F.);
#16198=CARTESIAN_POINT('',(-19.7932,-4.726889586,15.));
#16199=DIRECTION('',(0.,-1.,0.));
#16200=DIRECTION('',(1.,0.,0.));
#16201=AXIS2_PLACEMENT_3D('',#16198,#16199,#16200);
#16202=PLANE('',#16201);
#16203=ORIENTED_EDGE('',*,*,#16192,.T.);
#16204=ORIENTED_EDGE('',*,*,#12494,.T.);
#16205=ORIENTED_EDGE('',*,*,#16117,.F.);
#16206=ORIENTED_EDGE('',*,*,#9053,.F.);
#16207=EDGE_LOOP('',(#16203,#16204,#16205,#16206));
#16208=FACE_BOUND('',#16207,.T.);
#16209=ADVANCED_FACE('',(#16208),#16202,.F.);
#16210=CARTESIAN_POINT('',(-6.2328,-21.820251481,15.));
#16211=DIRECTION('',(0.866025404,-0.5,0.));
#16212=DIRECTION('',(0.5,0.866025404,0.));
#16213=AXIS2_PLACEMENT_3D('',#16210,#16211,#16212);
#16214=PLANE('',#16213);
#16215=CARTESIAN_POINT('',(-6.9828,-23.119289586,42.));
#16216=DIRECTION('',(0.,0.,1.));
#16217=VECTOR('',#16216,3.);
#16218=LINE('',#16215,#16217);
#16219=EDGE_CURVE('',#8998,#12429,#16218,.T.);
#16220=ORIENTED_EDGE('',*,*,#16219,.T.);
#16221=ORIENTED_EDGE('',*,*,#12436,.T.);
#16222=CARTESIAN_POINT('',(-5.4828,-20.521213375,42.));
#16223=DIRECTION('',(0.,0.,1.));
#16224=VECTOR('',#16223,3.);
#16225=LINE('',#16222,#16224);
#16226=EDGE_CURVE('',#9006,#12431,#16225,.T.);
#16227=ORIENTED_EDGE('',*,*,#16226,.F.);
#16228=ORIENTED_EDGE('',*,*,#9011,.F.);
#16229=EDGE_LOOP('',(#16220,#16221,#16227,#16228));
#16230=FACE_BOUND('',#16229,.T.);
#16231=ADVANCED_FACE('',(#16230),#16214,.F.);
#16232=CARTESIAN_POINT('',(-6.2328,-19.222175269,15.));
#16233=DIRECTION('',(0.866025404,0.5,0.));
#16234=DIRECTION('',(-0.5,0.866025404,0.));
#16235=AXIS2_PLACEMENT_3D('',#16232,#16233,#16234);
#16236=PLANE('',#16235);
#16237=ORIENTED_EDGE('',*,*,#16226,.T.);
#16238=ORIENTED_EDGE('',*,*,#12474,.T.);
#16239=CARTESIAN_POINT('',(-6.9828,-17.923137164,42.));
#16240=DIRECTION('',(0.,0.,1.));
#16241=VECTOR('',#16240,3.);
#16242=LINE('',#16239,#16241);
#16243=EDGE_CURVE('',#9014,#12463,#16242,.T.);
#16244=ORIENTED_EDGE('',*,*,#16243,.F.);
#16245=ORIENTED_EDGE('',*,*,#9019,.F.);
#16246=EDGE_LOOP('',(#16237,#16238,#16244,#16245));
#16247=FACE_BOUND('',#16246,.T.);
#16248=ADVANCED_FACE('',(#16247),#16236,.F.);
#16249=CARTESIAN_POINT('',(-8.4828,-17.923137164,15.));
#16250=DIRECTION('',(0.,1.,0.));
#16251=DIRECTION('',(0.,0.,1.));
#16252=AXIS2_PLACEMENT_3D('',#16249,#16250,#16251);
#16253=PLANE('',#16252);
#16254=ORIENTED_EDGE('',*,*,#16243,.T.);
#16255=ORIENTED_EDGE('',*,*,#12468,.T.);
#16256=CARTESIAN_POINT('',(-9.9828,-17.923137164,42.));
#16257=DIRECTION('',(0.,0.,1.));
#16258=VECTOR('',#16257,3.);
#16259=LINE('',#16256,#16258);
#16260=EDGE_CURVE('',#9022,#12455,#16259,.T.);
#16261=ORIENTED_EDGE('',*,*,#16260,.F.);
#16262=ORIENTED_EDGE('',*,*,#9027,.F.);
#16263=EDGE_LOOP('',(#16254,#16255,#16261,#16262));
#16264=FACE_BOUND('',#16263,.T.);
#16265=ADVANCED_FACE('',(#16264),#16253,.F.);
#16266=CARTESIAN_POINT('',(-10.7328,-19.222175269,15.));
#16267=DIRECTION('',(-0.866025404,0.5,0.));
#16268=DIRECTION('',(-0.5,-0.866025404,0.));
#16269=AXIS2_PLACEMENT_3D('',#16266,#16267,#16268);
#16270=PLANE('',#16269);
#16271=ORIENTED_EDGE('',*,*,#16260,.T.);
#16272=ORIENTED_EDGE('',*,*,#12460,.T.);
#16273=CARTESIAN_POINT('',(-11.4828,-20.521213375,42.));
#16274=DIRECTION('',(0.,0.,1.));
#16275=VECTOR('',#16274,3.);
#16276=LINE('',#16273,#16275);
#16277=EDGE_CURVE('',#9030,#12447,#16276,.T.);
#16278=ORIENTED_EDGE('',*,*,#16277,.F.);
#16279=ORIENTED_EDGE('',*,*,#9035,.F.);
#16280=EDGE_LOOP('',(#16271,#16272,#16278,#16279));
#16281=FACE_BOUND('',#16280,.T.);
#16282=ADVANCED_FACE('',(#16281),#16270,.F.);
#16283=CARTESIAN_POINT('',(-10.7328,-21.820251481,15.));
#16284=DIRECTION('',(-0.866025404,-0.5,0.));
#16285=DIRECTION('',(0.5,-0.866025404,0.));
#16286=AXIS2_PLACEMENT_3D('',#16283,#16284,#16285);
#16287=PLANE('',#16286);
#16288=ORIENTED_EDGE('',*,*,#16277,.T.);
#16289=ORIENTED_EDGE('',*,*,#12452,.T.);
#16290=CARTESIAN_POINT('',(-9.9828,-23.119289586,42.));
#16291=DIRECTION('',(0.,0.,1.));
#16292=VECTOR('',#16291,3.);
#16293=LINE('',#16290,#16292);
#16294=EDGE_CURVE('',#8996,#12439,#16293,.T.);
#16295=ORIENTED_EDGE('',*,*,#16294,.F.);
#16296=ORIENTED_EDGE('',*,*,#9041,.F.);
#16297=EDGE_LOOP('',(#16288,#16289,#16295,#16296));
#16298=FACE_BOUND('',#16297,.T.);
#16299=ADVANCED_FACE('',(#16298),#16287,.F.);
#16300=CARTESIAN_POINT('',(-8.4828,-23.119289586,15.));
#16301=DIRECTION('',(0.,-1.,0.));
#16302=DIRECTION('',(1.,0.,0.));
#16303=AXIS2_PLACEMENT_3D('',#16300,#16301,#16302);
#16304=PLANE('',#16303);
#16305=ORIENTED_EDGE('',*,*,#16294,.T.);
#16306=ORIENTED_EDGE('',*,*,#12444,.T.);
#16307=ORIENTED_EDGE('',*,*,#16219,.F.);
#16308=ORIENTED_EDGE('',*,*,#9003,.F.);
#16309=EDGE_LOOP('',(#16305,#16306,#16307,#16308));
#16310=FACE_BOUND('',#16309,.T.);
#16311=ADVANCED_FACE('',(#16310),#16304,.F.);
#16312=CARTESIAN_POINT('',(-0.5776,19.562672308,15.));
#16313=DIRECTION('',(0.866025404,-0.5,0.));
#16314=DIRECTION('',(0.5,0.866025404,0.));
#16315=AXIS2_PLACEMENT_3D('',#16312,#16313,#16314);
#16316=PLANE('',#16315);
#16317=CARTESIAN_POINT('',(-1.3276,18.263634202,42.));
#16318=DIRECTION('',(0.,0.,1.));
#16319=VECTOR('',#16318,3.);
#16320=LINE('',#16317,#16319);
#16321=EDGE_CURVE('',#8948,#12379,#16320,.T.);
#16322=ORIENTED_EDGE('',*,*,#16321,.T.);
#16323=ORIENTED_EDGE('',*,*,#12386,.T.);
#16324=CARTESIAN_POINT('',(0.1724,20.861710414,42.));
#16325=DIRECTION('',(0.,0.,1.));
#16326=VECTOR('',#16325,3.);
#16327=LINE('',#16324,#16326);
#16328=EDGE_CURVE('',#8956,#12381,#16327,.T.);
#16329=ORIENTED_EDGE('',*,*,#16328,.F.);
#16330=ORIENTED_EDGE('',*,*,#8961,.F.);
#16331=EDGE_LOOP('',(#16322,#16323,#16329,#16330));
#16332=FACE_BOUND('',#16331,.T.);
#16333=ADVANCED_FACE('',(#16332),#16316,.F.);
#16334=CARTESIAN_POINT('',(-0.5776,22.160748519,15.));
#16335=DIRECTION('',(0.866025404,0.5,0.));
#16336=DIRECTION('',(-0.5,0.866025404,0.));
#16337=AXIS2_PLACEMENT_3D('',#16334,#16335,#16336);
#16338=PLANE('',#16337);
#16339=ORIENTED_EDGE('',*,*,#16328,.T.);
#16340=ORIENTED_EDGE('',*,*,#12424,.T.);
#16341=CARTESIAN_POINT('',(-1.3276,23.459786625,42.));
#16342=DIRECTION('',(0.,0.,1.));
#16343=VECTOR('',#16342,3.);
#16344=LINE('',#16341,#16343);
#16345=EDGE_CURVE('',#8964,#12413,#16344,.T.);
#16346=ORIENTED_EDGE('',*,*,#16345,.F.);
#16347=ORIENTED_EDGE('',*,*,#8969,.F.);
#16348=EDGE_LOOP('',(#16339,#16340,#16346,#16347));
#16349=FACE_BOUND('',#16348,.T.);
#16350=ADVANCED_FACE('',(#16349),#16338,.F.);
#16351=CARTESIAN_POINT('',(-2.8276,23.459786625,15.));
#16352=DIRECTION('',(0.,1.,0.));
#16353=DIRECTION('',(0.,0.,1.));
#16354=AXIS2_PLACEMENT_3D('',#16351,#16352,#16353);
#16355=PLANE('',#16354);
#16356=ORIENTED_EDGE('',*,*,#16345,.T.);
#16357=ORIENTED_EDGE('',*,*,#12418,.T.);
#16358=CARTESIAN_POINT('',(-4.3276,23.459786625,42.));
#16359=DIRECTION('',(0.,0.,1.));
#16360=VECTOR('',#16359,3.);
#16361=LINE('',#16358,#16360);
#16362=EDGE_CURVE('',#8972,#12405,#16361,.T.);
#16363=ORIENTED_EDGE('',*,*,#16362,.F.);
#16364=ORIENTED_EDGE('',*,*,#8977,.F.);
#16365=EDGE_LOOP('',(#16356,#16357,#16363,#16364));
#16366=FACE_BOUND('',#16365,.T.);
#16367=ADVANCED_FACE('',(#16366),#16355,.F.);
#16368=CARTESIAN_POINT('',(-5.0776,22.160748519,15.));
#16369=DIRECTION('',(-0.866025404,0.5,0.));
#16370=DIRECTION('',(-0.5,-0.866025404,0.));
#16371=AXIS2_PLACEMENT_3D('',#16368,#16369,#16370);
#16372=PLANE('',#16371);
#16373=ORIENTED_EDGE('',*,*,#16362,.T.);
#16374=ORIENTED_EDGE('',*,*,#12410,.T.);
#16375=CARTESIAN_POINT('',(-5.8276,20.861710414,42.));
#16376=DIRECTION('',(0.,0.,1.));
#16377=VECTOR('',#16376,3.);
#16378=LINE('',#16375,#16377);
#16379=EDGE_CURVE('',#8980,#12397,#16378,.T.);
#16380=ORIENTED_EDGE('',*,*,#16379,.F.);
#16381=ORIENTED_EDGE('',*,*,#8985,.F.);
#16382=EDGE_LOOP('',(#16373,#16374,#16380,#16381));
#16383=FACE_BOUND('',#16382,.T.);
#16384=ADVANCED_FACE('',(#16383),#16372,.F.);
#16385=CARTESIAN_POINT('',(-5.0776,19.562672308,15.));
#16386=DIRECTION('',(-0.866025404,-0.5,0.));
#16387=DIRECTION('',(0.5,-0.866025404,0.));
#16388=AXIS2_PLACEMENT_3D('',#16385,#16386,#16387);
#16389=PLANE('',#16388);
#16390=ORIENTED_EDGE('',*,*,#16379,.T.);
#16391=ORIENTED_EDGE('',*,*,#12402,.T.);
#16392=CARTESIAN_POINT('',(-4.3276,18.263634202,42.));
#16393=DIRECTION('',(0.,0.,1.));
#16394=VECTOR('',#16393,3.);
#16395=LINE('',#16392,#16394);
#16396=EDGE_CURVE('',#8946,#12389,#16395,.T.);
#16397=ORIENTED_EDGE('',*,*,#16396,.F.);
#16398=ORIENTED_EDGE('',*,*,#8991,.F.);
#16399=EDGE_LOOP('',(#16390,#16391,#16397,#16398));
#16400=FACE_BOUND('',#16399,.T.);
#16401=ADVANCED_FACE('',(#16400),#16389,.F.);
#16402=CARTESIAN_POINT('',(-2.8276,18.263634202,15.));
#16403=DIRECTION('',(0.,-1.,0.));
#16404=DIRECTION('',(1.,0.,0.));
#16405=AXIS2_PLACEMENT_3D('',#16402,#16403,#16404);
#16406=PLANE('',#16405);
#16407=ORIENTED_EDGE('',*,*,#16396,.T.);
#16408=ORIENTED_EDGE('',*,*,#12394,.T.);
#16409=ORIENTED_EDGE('',*,*,#16321,.F.);
#16410=ORIENTED_EDGE('',*,*,#8953,.F.);
#16411=EDGE_LOOP('',(#16407,#16408,#16409,#16410));
#16412=FACE_BOUND('',#16411,.T.);
#16413=ADVANCED_FACE('',(#16412),#16406,.F.);
#16414=CARTESIAN_POINT('',(22.0432,-8.025927692,15.));
#16415=DIRECTION('',(0.866025404,-0.5,0.));
#16416=DIRECTION('',(0.5,0.866025404,0.));
#16417=AXIS2_PLACEMENT_3D('',#16414,#16415,#16416);
#16418=PLANE('',#16417);
#16419=CARTESIAN_POINT('',(21.2932,-9.324965798,42.));
#16420=DIRECTION('',(0.,0.,1.));
#16421=VECTOR('',#16420,3.);
#16422=LINE('',#16419,#16421);
#16423=EDGE_CURVE('',#8898,#12329,#16422,.T.);
#16424=ORIENTED_EDGE('',*,*,#16423,.T.);
#16425=ORIENTED_EDGE('',*,*,#12336,.T.);
#16426=CARTESIAN_POINT('',(22.7932,-6.726889586,42.));
#16427=DIRECTION('',(0.,0.,1.));
#16428=VECTOR('',#16427,3.);
#16429=LINE('',#16426,#16428);
#16430=EDGE_CURVE('',#8906,#12331,#16429,.T.);
#16431=ORIENTED_EDGE('',*,*,#16430,.F.);
#16432=ORIENTED_EDGE('',*,*,#8911,.F.);
#16433=EDGE_LOOP('',(#16424,#16425,#16431,#16432));
#16434=FACE_BOUND('',#16433,.T.);
#16435=ADVANCED_FACE('',(#16434),#16418,.F.);
#16436=CARTESIAN_POINT('',(22.0432,-5.427851481,15.));
#16437=DIRECTION('',(0.866025404,0.5,0.));
#16438=DIRECTION('',(-0.5,0.866025404,0.));
#16439=AXIS2_PLACEMENT_3D('',#16436,#16437,#16438);
#16440=PLANE('',#16439);
#16441=ORIENTED_EDGE('',*,*,#16430,.T.);
#16442=ORIENTED_EDGE('',*,*,#12374,.T.);
#16443=CARTESIAN_POINT('',(21.2932,-4.128813375,42.));
#16444=DIRECTION('',(0.,0.,1.));
#16445=VECTOR('',#16444,3.);
#16446=LINE('',#16443,#16445);
#16447=EDGE_CURVE('',#8914,#12363,#16446,.T.);
#16448=ORIENTED_EDGE('',*,*,#16447,.F.);
#16449=ORIENTED_EDGE('',*,*,#8919,.F.);
#16450=EDGE_LOOP('',(#16441,#16442,#16448,#16449));
#16451=FACE_BOUND('',#16450,.T.);
#16452=ADVANCED_FACE('',(#16451),#16440,.F.);
#16453=CARTESIAN_POINT('',(19.7932,-4.128813375,15.));
#16454=DIRECTION('',(0.,1.,0.));
#16455=DIRECTION('',(0.,0.,1.));
#16456=AXIS2_PLACEMENT_3D('',#16453,#16454,#16455);
#16457=PLANE('',#16456);
#16458=ORIENTED_EDGE('',*,*,#16447,.T.);
#16459=ORIENTED_EDGE('',*,*,#12368,.T.);
#16460=CARTESIAN_POINT('',(18.2932,-4.128813375,42.));
#16461=DIRECTION('',(0.,0.,1.));
#16462=VECTOR('',#16461,3.);
#16463=LINE('',#16460,#16462);
#16464=EDGE_CURVE('',#8922,#12355,#16463,.T.);
#16465=ORIENTED_EDGE('',*,*,#16464,.F.);
#16466=ORIENTED_EDGE('',*,*,#8927,.F.);
#16467=EDGE_LOOP('',(#16458,#16459,#16465,#16466));
#16468=FACE_BOUND('',#16467,.T.);
#16469=ADVANCED_FACE('',(#16468),#16457,.F.);
#16470=CARTESIAN_POINT('',(17.5432,-5.427851481,15.));
#16471=DIRECTION('',(-0.866025404,0.5,0.));
#16472=DIRECTION('',(-0.5,-0.866025404,0.));
#16473=AXIS2_PLACEMENT_3D('',#16470,#16471,#16472);
#16474=PLANE('',#16473);
#16475=ORIENTED_EDGE('',*,*,#16464,.T.);
#16476=ORIENTED_EDGE('',*,*,#12360,.T.);
#16477=CARTESIAN_POINT('',(16.7932,-6.726889586,42.));
#16478=DIRECTION('',(0.,0.,1.));
#16479=VECTOR('',#16478,3.);
#16480=LINE('',#16477,#16479);
#16481=EDGE_CURVE('',#8930,#12347,#16480,.T.);
#16482=ORIENTED_EDGE('',*,*,#16481,.F.);
#16483=ORIENTED_EDGE('',*,*,#8935,.F.);
#16484=EDGE_LOOP('',(#16475,#16476,#16482,#16483));
#16485=FACE_BOUND('',#16484,.T.);
#16486=ADVANCED_FACE('',(#16485),#16474,.F.);
#16487=CARTESIAN_POINT('',(17.5432,-8.025927692,15.));
#16488=DIRECTION('',(-0.866025404,-0.5,0.));
#16489=DIRECTION('',(0.5,-0.866025404,0.));
#16490=AXIS2_PLACEMENT_3D('',#16487,#16488,#16489);
#16491=PLANE('',#16490);
#16492=ORIENTED_EDGE('',*,*,#16481,.T.);
#16493=ORIENTED_EDGE('',*,*,#12352,.T.);
#16494=CARTESIAN_POINT('',(18.2932,-9.324965798,42.));
#16495=DIRECTION('',(0.,0.,1.));
#16496=VECTOR('',#16495,3.);
#16497=LINE('',#16494,#16496);
#16498=EDGE_CURVE('',#8896,#12339,#16497,.T.);
#16499=ORIENTED_EDGE('',*,*,#16498,.F.);
#16500=ORIENTED_EDGE('',*,*,#8941,.F.);
#16501=EDGE_LOOP('',(#16492,#16493,#16499,#16500));
#16502=FACE_BOUND('',#16501,.T.);
#16503=ADVANCED_FACE('',(#16502),#16491,.F.);
#16504=CARTESIAN_POINT('',(19.7932,-9.324965798,15.));
#16505=DIRECTION('',(0.,-1.,0.));
#16506=DIRECTION('',(1.,0.,0.));
#16507=AXIS2_PLACEMENT_3D('',#16504,#16505,#16506);
#16508=PLANE('',#16507);
#16509=ORIENTED_EDGE('',*,*,#16498,.T.);
#16510=ORIENTED_EDGE('',*,*,#12344,.T.);
#16511=ORIENTED_EDGE('',*,*,#16423,.F.);
#16512=ORIENTED_EDGE('',*,*,#8903,.F.);
#16513=EDGE_LOOP('',(#16509,#16510,#16511,#16512));
#16514=FACE_BOUND('',#16513,.T.);
#16515=ADVANCED_FACE('',(#16514),#16508,.F.);
#16516=CARTESIAN_POINT('',(-6.2328,-31.016451481,15.));
#16517=DIRECTION('',(0.866025404,-0.5,0.));
#16518=DIRECTION('',(0.5,0.866025404,0.));
#16519=AXIS2_PLACEMENT_3D('',#16516,#16517,#16518);
#16520=PLANE('',#16519);
#16521=CARTESIAN_POINT('',(-6.9828,-32.315489586,42.));
#16522=DIRECTION('',(0.,0.,1.));
#16523=VECTOR('',#16522,3.);
#16524=LINE('',#16521,#16523);
#16525=EDGE_CURVE('',#8848,#12279,#16524,.T.);
#16526=ORIENTED_EDGE('',*,*,#16525,.T.);
#16527=ORIENTED_EDGE('',*,*,#12286,.T.);
#16528=CARTESIAN_POINT('',(-5.4828,-29.717413375,42.));
#16529=DIRECTION('',(0.,0.,1.));
#16530=VECTOR('',#16529,3.);
#16531=LINE('',#16528,#16530);
#16532=EDGE_CURVE('',#8856,#12281,#16531,.T.);
#16533=ORIENTED_EDGE('',*,*,#16532,.F.);
#16534=ORIENTED_EDGE('',*,*,#8861,.F.);
#16535=EDGE_LOOP('',(#16526,#16527,#16533,#16534));
#16536=FACE_BOUND('',#16535,.T.);
#16537=ADVANCED_FACE('',(#16536),#16520,.F.);
#16538=CARTESIAN_POINT('',(-6.2328,-28.418375269,15.));
#16539=DIRECTION('',(0.866025404,0.5,0.));
#16540=DIRECTION('',(-0.5,0.866025404,0.));
#16541=AXIS2_PLACEMENT_3D('',#16538,#16539,#16540);
#16542=PLANE('',#16541);
#16543=ORIENTED_EDGE('',*,*,#16532,.T.);
#16544=ORIENTED_EDGE('',*,*,#12324,.T.);
#16545=CARTESIAN_POINT('',(-6.9828,-27.119337164,42.));
#16546=DIRECTION('',(0.,0.,1.));
#16547=VECTOR('',#16546,3.);
#16548=LINE('',#16545,#16547);
#16549=EDGE_CURVE('',#8864,#12313,#16548,.T.);
#16550=ORIENTED_EDGE('',*,*,#16549,.F.);
#16551=ORIENTED_EDGE('',*,*,#8869,.F.);
#16552=EDGE_LOOP('',(#16543,#16544,#16550,#16551));
#16553=FACE_BOUND('',#16552,.T.);
#16554=ADVANCED_FACE('',(#16553),#16542,.F.);
#16555=CARTESIAN_POINT('',(-8.4828,-27.119337164,15.));
#16556=DIRECTION('',(0.,1.,0.));
#16557=DIRECTION('',(0.,0.,1.));
#16558=AXIS2_PLACEMENT_3D('',#16555,#16556,#16557);
#16559=PLANE('',#16558);
#16560=ORIENTED_EDGE('',*,*,#16549,.T.);
#16561=ORIENTED_EDGE('',*,*,#12318,.T.);
#16562=CARTESIAN_POINT('',(-9.9828,-27.119337164,42.));
#16563=DIRECTION('',(0.,0.,1.));
#16564=VECTOR('',#16563,3.);
#16565=LINE('',#16562,#16564);
#16566=EDGE_CURVE('',#8872,#12305,#16565,.T.);
#16567=ORIENTED_EDGE('',*,*,#16566,.F.);
#16568=ORIENTED_EDGE('',*,*,#8877,.F.);
#16569=EDGE_LOOP('',(#16560,#16561,#16567,#16568));
#16570=FACE_BOUND('',#16569,.T.);
#16571=ADVANCED_FACE('',(#16570),#16559,.F.);
#16572=CARTESIAN_POINT('',(-10.7328,-28.418375269,15.));
#16573=DIRECTION('',(-0.866025404,0.5,0.));
#16574=DIRECTION('',(-0.5,-0.866025404,0.));
#16575=AXIS2_PLACEMENT_3D('',#16572,#16573,#16574);
#16576=PLANE('',#16575);
#16577=ORIENTED_EDGE('',*,*,#16566,.T.);
#16578=ORIENTED_EDGE('',*,*,#12310,.T.);
#16579=CARTESIAN_POINT('',(-11.4828,-29.717413375,42.));
#16580=DIRECTION('',(0.,0.,1.));
#16581=VECTOR('',#16580,3.);
#16582=LINE('',#16579,#16581);
#16583=EDGE_CURVE('',#8880,#12297,#16582,.T.);
#16584=ORIENTED_EDGE('',*,*,#16583,.F.);
#16585=ORIENTED_EDGE('',*,*,#8885,.F.);
#16586=EDGE_LOOP('',(#16577,#16578,#16584,#16585));
#16587=FACE_BOUND('',#16586,.T.);
#16588=ADVANCED_FACE('',(#16587),#16576,.F.);
#16589=CARTESIAN_POINT('',(-10.7328,-31.016451481,15.));
#16590=DIRECTION('',(-0.866025404,-0.5,0.));
#16591=DIRECTION('',(0.5,-0.866025404,0.));
#16592=AXIS2_PLACEMENT_3D('',#16589,#16590,#16591);
#16593=PLANE('',#16592);
#16594=ORIENTED_EDGE('',*,*,#16583,.T.);
#16595=ORIENTED_EDGE('',*,*,#12302,.T.);
#16596=CARTESIAN_POINT('',(-9.9828,-32.315489586,42.));
#16597=DIRECTION('',(0.,0.,1.));
#16598=VECTOR('',#16597,3.);
#16599=LINE('',#16596,#16598);
#16600=EDGE_CURVE('',#8846,#12289,#16599,.T.);
#16601=ORIENTED_EDGE('',*,*,#16600,.F.);
#16602=ORIENTED_EDGE('',*,*,#8891,.F.);
#16603=EDGE_LOOP('',(#16594,#16595,#16601,#16602));
#16604=FACE_BOUND('',#16603,.T.);
#16605=ADVANCED_FACE('',(#16604),#16593,.F.);
#16606=CARTESIAN_POINT('',(-8.4828,-32.315489586,15.));
#16607=DIRECTION('',(0.,-1.,0.));
#16608=DIRECTION('',(1.,0.,0.));
#16609=AXIS2_PLACEMENT_3D('',#16606,#16607,#16608);
#16610=PLANE('',#16609);
#16611=ORIENTED_EDGE('',*,*,#16600,.T.);
#16612=ORIENTED_EDGE('',*,*,#12294,.T.);
#16613=ORIENTED_EDGE('',*,*,#16525,.F.);
#16614=ORIENTED_EDGE('',*,*,#8853,.F.);
#16615=EDGE_LOOP('',(#16611,#16612,#16613,#16614));
#16616=FACE_BOUND('',#16615,.T.);
#16617=ADVANCED_FACE('',(#16616),#16610,.F.);
#16618=CARTESIAN_POINT('',(-6.2328,24.160748519,15.));
#16619=DIRECTION('',(0.866025404,-0.5,0.));
#16620=DIRECTION('',(0.5,0.866025404,0.));
#16621=AXIS2_PLACEMENT_3D('',#16618,#16619,#16620);
#16622=PLANE('',#16621);
#16623=CARTESIAN_POINT('',(-6.9828,22.861710414,42.));
#16624=DIRECTION('',(0.,0.,1.));
#16625=VECTOR('',#16624,3.);
#16626=LINE('',#16623,#16625);
#16627=EDGE_CURVE('',#8798,#12229,#16626,.T.);
#16628=ORIENTED_EDGE('',*,*,#16627,.T.);
#16629=ORIENTED_EDGE('',*,*,#12236,.T.);
#16630=CARTESIAN_POINT('',(-5.4828,25.459786625,42.));
#16631=DIRECTION('',(0.,0.,1.));
#16632=VECTOR('',#16631,3.);
#16633=LINE('',#16630,#16632);
#16634=EDGE_CURVE('',#8806,#12231,#16633,.T.);
#16635=ORIENTED_EDGE('',*,*,#16634,.F.);
#16636=ORIENTED_EDGE('',*,*,#8811,.F.);
#16637=EDGE_LOOP('',(#16628,#16629,#16635,#16636));
#16638=FACE_BOUND('',#16637,.T.);
#16639=ADVANCED_FACE('',(#16638),#16622,.F.);
#16640=CARTESIAN_POINT('',(-6.2328,26.758824731,15.));
#16641=DIRECTION('',(0.866025404,0.5,0.));
#16642=DIRECTION('',(-0.5,0.866025404,0.));
#16643=AXIS2_PLACEMENT_3D('',#16640,#16641,#16642);
#16644=PLANE('',#16643);
#16645=ORIENTED_EDGE('',*,*,#16634,.T.);
#16646=ORIENTED_EDGE('',*,*,#12274,.T.);
#16647=CARTESIAN_POINT('',(-6.9828,28.057862836,42.));
#16648=DIRECTION('',(0.,0.,1.));
#16649=VECTOR('',#16648,3.);
#16650=LINE('',#16647,#16649);
#16651=EDGE_CURVE('',#8814,#12263,#16650,.T.);
#16652=ORIENTED_EDGE('',*,*,#16651,.F.);
#16653=ORIENTED_EDGE('',*,*,#8819,.F.);
#16654=EDGE_LOOP('',(#16645,#16646,#16652,#16653));
#16655=FACE_BOUND('',#16654,.T.);
#16656=ADVANCED_FACE('',(#16655),#16644,.F.);
#16657=CARTESIAN_POINT('',(-8.4828,28.057862836,15.));
#16658=DIRECTION('',(0.,1.,0.));
#16659=DIRECTION('',(0.,0.,1.));
#16660=AXIS2_PLACEMENT_3D('',#16657,#16658,#16659);
#16661=PLANE('',#16660);
#16662=ORIENTED_EDGE('',*,*,#16651,.T.);
#16663=ORIENTED_EDGE('',*,*,#12268,.T.);
#16664=CARTESIAN_POINT('',(-9.9828,28.057862836,42.));
#16665=DIRECTION('',(0.,0.,1.));
#16666=VECTOR('',#16665,3.);
#16667=LINE('',#16664,#16666);
#16668=EDGE_CURVE('',#8822,#12255,#16667,.T.);
#16669=ORIENTED_EDGE('',*,*,#16668,.F.);
#16670=ORIENTED_EDGE('',*,*,#8827,.F.);
#16671=EDGE_LOOP('',(#16662,#16663,#16669,#16670));
#16672=FACE_BOUND('',#16671,.T.);
#16673=ADVANCED_FACE('',(#16672),#16661,.F.);
#16674=CARTESIAN_POINT('',(-10.7328,26.758824731,15.));
#16675=DIRECTION('',(-0.866025404,0.5,0.));
#16676=DIRECTION('',(-0.5,-0.866025404,0.));
#16677=AXIS2_PLACEMENT_3D('',#16674,#16675,#16676);
#16678=PLANE('',#16677);
#16679=ORIENTED_EDGE('',*,*,#16668,.T.);
#16680=ORIENTED_EDGE('',*,*,#12260,.T.);
#16681=CARTESIAN_POINT('',(-11.4828,25.459786625,42.));
#16682=DIRECTION('',(0.,0.,1.));
#16683=VECTOR('',#16682,3.);
#16684=LINE('',#16681,#16683);
#16685=EDGE_CURVE('',#8830,#12247,#16684,.T.);
#16686=ORIENTED_EDGE('',*,*,#16685,.F.);
#16687=ORIENTED_EDGE('',*,*,#8835,.F.);
#16688=EDGE_LOOP('',(#16679,#16680,#16686,#16687));
#16689=FACE_BOUND('',#16688,.T.);
#16690=ADVANCED_FACE('',(#16689),#16678,.F.);
#16691=CARTESIAN_POINT('',(-10.7328,24.160748519,15.));
#16692=DIRECTION('',(-0.866025404,-0.5,0.));
#16693=DIRECTION('',(0.5,-0.866025404,0.));
#16694=AXIS2_PLACEMENT_3D('',#16691,#16692,#16693);
#16695=PLANE('',#16694);
#16696=ORIENTED_EDGE('',*,*,#16685,.T.);
#16697=ORIENTED_EDGE('',*,*,#12252,.T.);
#16698=CARTESIAN_POINT('',(-9.9828,22.861710414,42.));
#16699=DIRECTION('',(0.,0.,1.));
#16700=VECTOR('',#16699,3.);
#16701=LINE('',#16698,#16700);
#16702=EDGE_CURVE('',#8796,#12239,#16701,.T.);
#16703=ORIENTED_EDGE('',*,*,#16702,.F.);
#16704=ORIENTED_EDGE('',*,*,#8841,.F.);
#16705=EDGE_LOOP('',(#16696,#16697,#16703,#16704));
#16706=FACE_BOUND('',#16705,.T.);
#16707=ADVANCED_FACE('',(#16706),#16695,.F.);
#16708=CARTESIAN_POINT('',(-8.4828,22.861710414,15.));
#16709=DIRECTION('',(0.,-1.,0.));
#16710=DIRECTION('',(1.,0.,0.));
#16711=AXIS2_PLACEMENT_3D('',#16708,#16709,#16710);
#16712=PLANE('',#16711);
#16713=ORIENTED_EDGE('',*,*,#16702,.T.);
#16714=ORIENTED_EDGE('',*,*,#12244,.T.);
#16715=ORIENTED_EDGE('',*,*,#16627,.F.);
#16716=ORIENTED_EDGE('',*,*,#8803,.F.);
#16717=EDGE_LOOP('',(#16713,#16714,#16715,#16716));
#16718=FACE_BOUND('',#16717,.T.);
#16719=ADVANCED_FACE('',(#16718),#16712,.F.);
#16720=CARTESIAN_POINT('',(16.388,-40.212651481,15.));
#16721=DIRECTION('',(0.866025404,-0.5,0.));
#16722=DIRECTION('',(0.5,0.866025404,0.));
#16723=AXIS2_PLACEMENT_3D('',#16720,#16721,#16722);
#16724=PLANE('',#16723);
#16725=CARTESIAN_POINT('',(15.638,-41.511689586,42.));
#16726=DIRECTION('',(0.,0.,1.));
#16727=VECTOR('',#16726,3.);
#16728=LINE('',#16725,#16727);
#16729=EDGE_CURVE('',#8748,#12179,#16728,.T.);
#16730=ORIENTED_EDGE('',*,*,#16729,.T.);
#16731=ORIENTED_EDGE('',*,*,#12186,.T.);
#16732=CARTESIAN_POINT('',(17.138,-38.913613375,42.));
#16733=DIRECTION('',(0.,0.,1.));
#16734=VECTOR('',#16733,3.);
#16735=LINE('',#16732,#16734);
#16736=EDGE_CURVE('',#8756,#12181,#16735,.T.);
#16737=ORIENTED_EDGE('',*,*,#16736,.F.);
#16738=ORIENTED_EDGE('',*,*,#8761,.F.);
#16739=EDGE_LOOP('',(#16730,#16731,#16737,#16738));
#16740=FACE_BOUND('',#16739,.T.);
#16741=ADVANCED_FACE('',(#16740),#16724,.F.);
#16742=CARTESIAN_POINT('',(16.388,-37.614575269,15.));
#16743=DIRECTION('',(0.866025404,0.5,0.));
#16744=DIRECTION('',(-0.5,0.866025404,0.));
#16745=AXIS2_PLACEMENT_3D('',#16742,#16743,#16744);
#16746=PLANE('',#16745);
#16747=ORIENTED_EDGE('',*,*,#16736,.T.);
#16748=ORIENTED_EDGE('',*,*,#12224,.T.);
#16749=CARTESIAN_POINT('',(15.638,-36.315537164,42.));
#16750=DIRECTION('',(0.,0.,1.));
#16751=VECTOR('',#16750,3.);
#16752=LINE('',#16749,#16751);
#16753=EDGE_CURVE('',#8764,#12213,#16752,.T.);
#16754=ORIENTED_EDGE('',*,*,#16753,.F.);
#16755=ORIENTED_EDGE('',*,*,#8769,.F.);
#16756=EDGE_LOOP('',(#16747,#16748,#16754,#16755));
#16757=FACE_BOUND('',#16756,.T.);
#16758=ADVANCED_FACE('',(#16757),#16746,.F.);
#16759=CARTESIAN_POINT('',(14.138,-36.315537164,15.));
#16760=DIRECTION('',(0.,1.,0.));
#16761=DIRECTION('',(0.,0.,1.));
#16762=AXIS2_PLACEMENT_3D('',#16759,#16760,#16761);
#16763=PLANE('',#16762);
#16764=ORIENTED_EDGE('',*,*,#16753,.T.);
#16765=ORIENTED_EDGE('',*,*,#12218,.T.);
#16766=CARTESIAN_POINT('',(12.638,-36.315537164,42.));
#16767=DIRECTION('',(0.,0.,1.));
#16768=VECTOR('',#16767,3.);
#16769=LINE('',#16766,#16768);
#16770=EDGE_CURVE('',#8772,#12205,#16769,.T.);
#16771=ORIENTED_EDGE('',*,*,#16770,.F.);
#16772=ORIENTED_EDGE('',*,*,#8777,.F.);
#16773=EDGE_LOOP('',(#16764,#16765,#16771,#16772));
#16774=FACE_BOUND('',#16773,.T.);
#16775=ADVANCED_FACE('',(#16774),#16763,.F.);
#16776=CARTESIAN_POINT('',(11.888,-37.614575269,15.));
#16777=DIRECTION('',(-0.866025404,0.5,0.));
#16778=DIRECTION('',(-0.5,-0.866025404,0.));
#16779=AXIS2_PLACEMENT_3D('',#16776,#16777,#16778);
#16780=PLANE('',#16779);
#16781=ORIENTED_EDGE('',*,*,#16770,.T.);
#16782=ORIENTED_EDGE('',*,*,#12210,.T.);
#16783=CARTESIAN_POINT('',(11.138,-38.913613375,42.));
#16784=DIRECTION('',(0.,0.,1.));
#16785=VECTOR('',#16784,3.);
#16786=LINE('',#16783,#16785);
#16787=EDGE_CURVE('',#8780,#12197,#16786,.T.);
#16788=ORIENTED_EDGE('',*,*,#16787,.F.);
#16789=ORIENTED_EDGE('',*,*,#8785,.F.);
#16790=EDGE_LOOP('',(#16781,#16782,#16788,#16789));
#16791=FACE_BOUND('',#16790,.T.);
#16792=ADVANCED_FACE('',(#16791),#16780,.F.);
#16793=CARTESIAN_POINT('',(11.888,-40.212651481,15.));
#16794=DIRECTION('',(-0.866025404,-0.5,0.));
#16795=DIRECTION('',(0.5,-0.866025404,0.));
#16796=AXIS2_PLACEMENT_3D('',#16793,#16794,#16795);
#16797=PLANE('',#16796);
#16798=ORIENTED_EDGE('',*,*,#16787,.T.);
#16799=ORIENTED_EDGE('',*,*,#12202,.T.);
#16800=CARTESIAN_POINT('',(12.638,-41.511689586,42.));
#16801=DIRECTION('',(0.,0.,1.));
#16802=VECTOR('',#16801,3.);
#16803=LINE('',#16800,#16802);
#16804=EDGE_CURVE('',#8746,#12189,#16803,.T.);
#16805=ORIENTED_EDGE('',*,*,#16804,.F.);
#16806=ORIENTED_EDGE('',*,*,#8791,.F.);
#16807=EDGE_LOOP('',(#16798,#16799,#16805,#16806));
#16808=FACE_BOUND('',#16807,.T.);
#16809=ADVANCED_FACE('',(#16808),#16797,.F.);
#16810=CARTESIAN_POINT('',(14.138,-41.511689586,15.));
#16811=DIRECTION('',(0.,-1.,0.));
#16812=DIRECTION('',(0.,0.,-1.));
#16813=AXIS2_PLACEMENT_3D('',#16810,#16811,#16812);
#16814=PLANE('',#16813);
#16815=ORIENTED_EDGE('',*,*,#16804,.T.);
#16816=ORIENTED_EDGE('',*,*,#12194,.T.);
#16817=ORIENTED_EDGE('',*,*,#16729,.F.);
#16818=ORIENTED_EDGE('',*,*,#8753,.F.);
#16819=EDGE_LOOP('',(#16815,#16816,#16817,#16818));
#16820=FACE_BOUND('',#16819,.T.);
#16821=ADVANCED_FACE('',(#16820),#16814,.F.);
#16822=CARTESIAN_POINT('',(10.7328,-17.222127692,15.));
#16823=DIRECTION('',(0.866025404,-0.5,0.));
#16824=DIRECTION('',(0.5,0.866025404,0.));
#16825=AXIS2_PLACEMENT_3D('',#16822,#16823,#16824);
#16826=PLANE('',#16825);
#16827=CARTESIAN_POINT('',(9.9828,-18.521165798,42.));
#16828=DIRECTION('',(0.,0.,1.));
#16829=VECTOR('',#16828,3.);
#16830=LINE('',#16827,#16829);
#16831=EDGE_CURVE('',#8698,#12129,#16830,.T.);
#16832=ORIENTED_EDGE('',*,*,#16831,.T.);
#16833=ORIENTED_EDGE('',*,*,#12136,.T.);
#16834=CARTESIAN_POINT('',(11.4828,-15.923089586,42.));
#16835=DIRECTION('',(0.,0.,1.));
#16836=VECTOR('',#16835,3.);
#16837=LINE('',#16834,#16836);
#16838=EDGE_CURVE('',#8706,#12131,#16837,.T.);
#16839=ORIENTED_EDGE('',*,*,#16838,.F.);
#16840=ORIENTED_EDGE('',*,*,#8711,.F.);
#16841=EDGE_LOOP('',(#16832,#16833,#16839,#16840));
#16842=FACE_BOUND('',#16841,.T.);
#16843=ADVANCED_FACE('',(#16842),#16826,.F.);
#16844=CARTESIAN_POINT('',(10.7328,-14.624051481,15.));
#16845=DIRECTION('',(0.866025404,0.5,0.));
#16846=DIRECTION('',(-0.5,0.866025404,0.));
#16847=AXIS2_PLACEMENT_3D('',#16844,#16845,#16846);
#16848=PLANE('',#16847);
#16849=ORIENTED_EDGE('',*,*,#16838,.T.);
#16850=ORIENTED_EDGE('',*,*,#12174,.T.);
#16851=CARTESIAN_POINT('',(9.9828,-13.325013375,42.));
#16852=DIRECTION('',(0.,0.,1.));
#16853=VECTOR('',#16852,3.);
#16854=LINE('',#16851,#16853);
#16855=EDGE_CURVE('',#8714,#12163,#16854,.T.);
#16856=ORIENTED_EDGE('',*,*,#16855,.F.);
#16857=ORIENTED_EDGE('',*,*,#8719,.F.);
#16858=EDGE_LOOP('',(#16849,#16850,#16856,#16857));
#16859=FACE_BOUND('',#16858,.T.);
#16860=ADVANCED_FACE('',(#16859),#16848,.F.);
#16861=CARTESIAN_POINT('',(8.4828,-13.325013375,15.));
#16862=DIRECTION('',(0.,1.,0.));
#16863=DIRECTION('',(0.,0.,1.));
#16864=AXIS2_PLACEMENT_3D('',#16861,#16862,#16863);
#16865=PLANE('',#16864);
#16866=ORIENTED_EDGE('',*,*,#16855,.T.);
#16867=ORIENTED_EDGE('',*,*,#12168,.T.);
#16868=CARTESIAN_POINT('',(6.9828,-13.325013375,42.));
#16869=DIRECTION('',(0.,0.,1.));
#16870=VECTOR('',#16869,3.);
#16871=LINE('',#16868,#16870);
#16872=EDGE_CURVE('',#8722,#12155,#16871,.T.);
#16873=ORIENTED_EDGE('',*,*,#16872,.F.);
#16874=ORIENTED_EDGE('',*,*,#8727,.F.);
#16875=EDGE_LOOP('',(#16866,#16867,#16873,#16874));
#16876=FACE_BOUND('',#16875,.T.);
#16877=ADVANCED_FACE('',(#16876),#16865,.F.);
#16878=CARTESIAN_POINT('',(6.2328,-14.624051481,15.));
#16879=DIRECTION('',(-0.866025404,0.5,0.));
#16880=DIRECTION('',(-0.5,-0.866025404,0.));
#16881=AXIS2_PLACEMENT_3D('',#16878,#16879,#16880);
#16882=PLANE('',#16881);
#16883=ORIENTED_EDGE('',*,*,#16872,.T.);
#16884=ORIENTED_EDGE('',*,*,#12160,.T.);
#16885=CARTESIAN_POINT('',(5.4828,-15.923089586,42.));
#16886=DIRECTION('',(0.,0.,1.));
#16887=VECTOR('',#16886,3.);
#16888=LINE('',#16885,#16887);
#16889=EDGE_CURVE('',#8730,#12147,#16888,.T.);
#16890=ORIENTED_EDGE('',*,*,#16889,.F.);
#16891=ORIENTED_EDGE('',*,*,#8735,.F.);
#16892=EDGE_LOOP('',(#16883,#16884,#16890,#16891));
#16893=FACE_BOUND('',#16892,.T.);
#16894=ADVANCED_FACE('',(#16893),#16882,.F.);
#16895=CARTESIAN_POINT('',(6.2328,-17.222127692,15.));
#16896=DIRECTION('',(-0.866025404,-0.5,0.));
#16897=DIRECTION('',(0.5,-0.866025404,0.));
#16898=AXIS2_PLACEMENT_3D('',#16895,#16896,#16897);
#16899=PLANE('',#16898);
#16900=ORIENTED_EDGE('',*,*,#16889,.T.);
#16901=ORIENTED_EDGE('',*,*,#12152,.T.);
#16902=CARTESIAN_POINT('',(6.9828,-18.521165798,42.));
#16903=DIRECTION('',(0.,0.,1.));
#16904=VECTOR('',#16903,3.);
#16905=LINE('',#16902,#16904);
#16906=EDGE_CURVE('',#8696,#12139,#16905,.T.);
#16907=ORIENTED_EDGE('',*,*,#16906,.F.);
#16908=ORIENTED_EDGE('',*,*,#8741,.F.);
#16909=EDGE_LOOP('',(#16900,#16901,#16907,#16908));
#16910=FACE_BOUND('',#16909,.T.);
#16911=ADVANCED_FACE('',(#16910),#16899,.F.);
#16912=CARTESIAN_POINT('',(8.4828,-18.521165798,15.));
#16913=DIRECTION('',(0.,-1.,0.));
#16914=DIRECTION('',(1.,0.,0.));
#16915=AXIS2_PLACEMENT_3D('',#16912,#16913,#16914);
#16916=PLANE('',#16915);
#16917=ORIENTED_EDGE('',*,*,#16906,.T.);
#16918=ORIENTED_EDGE('',*,*,#12144,.T.);
#16919=ORIENTED_EDGE('',*,*,#16831,.F.);
#16920=ORIENTED_EDGE('',*,*,#8703,.F.);
#16921=EDGE_LOOP('',(#16917,#16918,#16919,#16920));
#16922=FACE_BOUND('',#16921,.T.);
#16923=ADVANCED_FACE('',(#16922),#16916,.F.);
#16924=CARTESIAN_POINT('',(5.0776,14.964548519,15.));
#16925=DIRECTION('',(0.866025404,-0.5,0.));
#16926=DIRECTION('',(0.5,0.866025404,0.));
#16927=AXIS2_PLACEMENT_3D('',#16924,#16925,#16926);
#16928=PLANE('',#16927);
#16929=CARTESIAN_POINT('',(4.3276,13.665510414,42.));
#16930=DIRECTION('',(0.,0.,1.));
#16931=VECTOR('',#16930,3.);
#16932=LINE('',#16929,#16931);
#16933=EDGE_CURVE('',#8648,#12079,#16932,.T.);
#16934=ORIENTED_EDGE('',*,*,#16933,.T.);
#16935=ORIENTED_EDGE('',*,*,#12086,.T.);
#16936=CARTESIAN_POINT('',(5.8276,16.263586625,42.));
#16937=DIRECTION('',(0.,0.,1.));
#16938=VECTOR('',#16937,3.);
#16939=LINE('',#16936,#16938);
#16940=EDGE_CURVE('',#8656,#12081,#16939,.T.);
#16941=ORIENTED_EDGE('',*,*,#16940,.F.);
#16942=ORIENTED_EDGE('',*,*,#8661,.F.);
#16943=EDGE_LOOP('',(#16934,#16935,#16941,#16942));
#16944=FACE_BOUND('',#16943,.T.);
#16945=ADVANCED_FACE('',(#16944),#16928,.F.);
#16946=CARTESIAN_POINT('',(5.0776,17.562624731,15.));
#16947=DIRECTION('',(0.866025404,0.5,0.));
#16948=DIRECTION('',(-0.5,0.866025404,0.));
#16949=AXIS2_PLACEMENT_3D('',#16946,#16947,#16948);
#16950=PLANE('',#16949);
#16951=ORIENTED_EDGE('',*,*,#16940,.T.);
#16952=ORIENTED_EDGE('',*,*,#12124,.T.);
#16953=CARTESIAN_POINT('',(4.3276,18.861662836,42.));
#16954=DIRECTION('',(0.,0.,1.));
#16955=VECTOR('',#16954,3.);
#16956=LINE('',#16953,#16955);
#16957=EDGE_CURVE('',#8664,#12113,#16956,.T.);
#16958=ORIENTED_EDGE('',*,*,#16957,.F.);
#16959=ORIENTED_EDGE('',*,*,#8669,.F.);
#16960=EDGE_LOOP('',(#16951,#16952,#16958,#16959));
#16961=FACE_BOUND('',#16960,.T.);
#16962=ADVANCED_FACE('',(#16961),#16950,.F.);
#16963=CARTESIAN_POINT('',(2.8276,18.861662836,15.));
#16964=DIRECTION('',(0.,1.,0.));
#16965=DIRECTION('',(0.,0.,1.));
#16966=AXIS2_PLACEMENT_3D('',#16963,#16964,#16965);
#16967=PLANE('',#16966);
#16968=ORIENTED_EDGE('',*,*,#16957,.T.);
#16969=ORIENTED_EDGE('',*,*,#12118,.T.);
#16970=CARTESIAN_POINT('',(1.3276,18.861662836,42.));
#16971=DIRECTION('',(0.,0.,1.));
#16972=VECTOR('',#16971,3.);
#16973=LINE('',#16970,#16972);
#16974=EDGE_CURVE('',#8672,#12105,#16973,.T.);
#16975=ORIENTED_EDGE('',*,*,#16974,.F.);
#16976=ORIENTED_EDGE('',*,*,#8677,.F.);
#16977=EDGE_LOOP('',(#16968,#16969,#16975,#16976));
#16978=FACE_BOUND('',#16977,.T.);
#16979=ADVANCED_FACE('',(#16978),#16967,.F.);
#16980=CARTESIAN_POINT('',(0.5776,17.562624731,15.));
#16981=DIRECTION('',(-0.866025404,0.5,0.));
#16982=DIRECTION('',(-0.5,-0.866025404,0.));
#16983=AXIS2_PLACEMENT_3D('',#16980,#16981,#16982);
#16984=PLANE('',#16983);
#16985=ORIENTED_EDGE('',*,*,#16974,.T.);
#16986=ORIENTED_EDGE('',*,*,#12110,.T.);
#16987=CARTESIAN_POINT('',(-0.1724,16.263586625,42.));
#16988=DIRECTION('',(0.,0.,1.));
#16989=VECTOR('',#16988,3.);
#16990=LINE('',#16987,#16989);
#16991=EDGE_CURVE('',#8680,#12097,#16990,.T.);
#16992=ORIENTED_EDGE('',*,*,#16991,.F.);
#16993=ORIENTED_EDGE('',*,*,#8685,.F.);
#16994=EDGE_LOOP('',(#16985,#16986,#16992,#16993));
#16995=FACE_BOUND('',#16994,.T.);
#16996=ADVANCED_FACE('',(#16995),#16984,.F.);
#16997=CARTESIAN_POINT('',(0.5776,14.964548519,15.));
#16998=DIRECTION('',(-0.866025404,-0.5,0.));
#16999=DIRECTION('',(0.5,-0.866025404,0.));
#17000=AXIS2_PLACEMENT_3D('',#16997,#16998,#16999);
#17001=PLANE('',#17000);
#17002=ORIENTED_EDGE('',*,*,#16991,.T.);
#17003=ORIENTED_EDGE('',*,*,#12102,.T.);
#17004=CARTESIAN_POINT('',(1.3276,13.665510414,42.));
#17005=DIRECTION('',(0.,0.,1.));
#17006=VECTOR('',#17005,3.);
#17007=LINE('',#17004,#17006);
#17008=EDGE_CURVE('',#8646,#12089,#17007,.T.);
#17009=ORIENTED_EDGE('',*,*,#17008,.F.);
#17010=ORIENTED_EDGE('',*,*,#8691,.F.);
#17011=EDGE_LOOP('',(#17002,#17003,#17009,#17010));
#17012=FACE_BOUND('',#17011,.T.);
#17013=ADVANCED_FACE('',(#17012),#17001,.F.);
#17014=CARTESIAN_POINT('',(2.8276,13.665510414,15.));
#17015=DIRECTION('',(0.,-1.,0.));
#17016=DIRECTION('',(1.,0.,0.));
#17017=AXIS2_PLACEMENT_3D('',#17014,#17015,#17016);
#17018=PLANE('',#17017);
#17019=ORIENTED_EDGE('',*,*,#17008,.T.);
#17020=ORIENTED_EDGE('',*,*,#12094,.T.);
#17021=ORIENTED_EDGE('',*,*,#16933,.F.);
#17022=ORIENTED_EDGE('',*,*,#8653,.F.);
#17023=EDGE_LOOP('',(#17019,#17020,#17021,#17022));
#17024=FACE_BOUND('',#17023,.T.);
#17025=ADVANCED_FACE('',(#17024),#17018,.F.);
#17026=CARTESIAN_POINT('',(-17.5432,24.160748519,15.));
#17027=DIRECTION('',(0.866025404,-0.5,0.));
#17028=DIRECTION('',(0.5,0.866025404,0.));
#17029=AXIS2_PLACEMENT_3D('',#17026,#17027,#17028);
#17030=PLANE('',#17029);
#17031=CARTESIAN_POINT('',(-18.2932,22.861710414,42.));
#17032=DIRECTION('',(0.,0.,1.));
#17033=VECTOR('',#17032,3.);
#17034=LINE('',#17031,#17033);
#17035=EDGE_CURVE('',#8598,#12029,#17034,.T.);
#17036=ORIENTED_EDGE('',*,*,#17035,.T.);
#17037=ORIENTED_EDGE('',*,*,#12036,.T.);
#17038=CARTESIAN_POINT('',(-16.7932,25.459786625,42.));
#17039=DIRECTION('',(0.,0.,1.));
#17040=VECTOR('',#17039,3.);
#17041=LINE('',#17038,#17040);
#17042=EDGE_CURVE('',#8606,#12031,#17041,.T.);
#17043=ORIENTED_EDGE('',*,*,#17042,.F.);
#17044=ORIENTED_EDGE('',*,*,#8611,.F.);
#17045=EDGE_LOOP('',(#17036,#17037,#17043,#17044));
#17046=FACE_BOUND('',#17045,.T.);
#17047=ADVANCED_FACE('',(#17046),#17030,.F.);
#17048=CARTESIAN_POINT('',(-17.5432,26.758824731,15.));
#17049=DIRECTION('',(0.866025404,0.5,0.));
#17050=DIRECTION('',(-0.5,0.866025404,0.));
#17051=AXIS2_PLACEMENT_3D('',#17048,#17049,#17050);
#17052=PLANE('',#17051);
#17053=ORIENTED_EDGE('',*,*,#17042,.T.);
#17054=ORIENTED_EDGE('',*,*,#12074,.T.);
#17055=CARTESIAN_POINT('',(-18.2932,28.057862836,42.));
#17056=DIRECTION('',(0.,0.,1.));
#17057=VECTOR('',#17056,3.);
#17058=LINE('',#17055,#17057);
#17059=EDGE_CURVE('',#8614,#12063,#17058,.T.);
#17060=ORIENTED_EDGE('',*,*,#17059,.F.);
#17061=ORIENTED_EDGE('',*,*,#8619,.F.);
#17062=EDGE_LOOP('',(#17053,#17054,#17060,#17061));
#17063=FACE_BOUND('',#17062,.T.);
#17064=ADVANCED_FACE('',(#17063),#17052,.F.);
#17065=CARTESIAN_POINT('',(-19.7932,28.057862836,15.));
#17066=DIRECTION('',(0.,1.,0.));
#17067=DIRECTION('',(0.,0.,1.));
#17068=AXIS2_PLACEMENT_3D('',#17065,#17066,#17067);
#17069=PLANE('',#17068);
#17070=ORIENTED_EDGE('',*,*,#17059,.T.);
#17071=ORIENTED_EDGE('',*,*,#12068,.T.);
#17072=CARTESIAN_POINT('',(-21.2932,28.057862836,42.));
#17073=DIRECTION('',(0.,0.,1.));
#17074=VECTOR('',#17073,3.);
#17075=LINE('',#17072,#17074);
#17076=EDGE_CURVE('',#8622,#12055,#17075,.T.);
#17077=ORIENTED_EDGE('',*,*,#17076,.F.);
#17078=ORIENTED_EDGE('',*,*,#8627,.F.);
#17079=EDGE_LOOP('',(#17070,#17071,#17077,#17078));
#17080=FACE_BOUND('',#17079,.T.);
#17081=ADVANCED_FACE('',(#17080),#17069,.F.);
#17082=CARTESIAN_POINT('',(-22.0432,26.758824731,15.));
#17083=DIRECTION('',(-0.866025404,0.5,0.));
#17084=DIRECTION('',(-0.5,-0.866025404,0.));
#17085=AXIS2_PLACEMENT_3D('',#17082,#17083,#17084);
#17086=PLANE('',#17085);
#17087=ORIENTED_EDGE('',*,*,#17076,.T.);
#17088=ORIENTED_EDGE('',*,*,#12060,.T.);
#17089=CARTESIAN_POINT('',(-22.7932,25.459786625,42.));
#17090=DIRECTION('',(0.,0.,1.));
#17091=VECTOR('',#17090,3.);
#17092=LINE('',#17089,#17091);
#17093=EDGE_CURVE('',#8630,#12047,#17092,.T.);
#17094=ORIENTED_EDGE('',*,*,#17093,.F.);
#17095=ORIENTED_EDGE('',*,*,#8635,.F.);
#17096=EDGE_LOOP('',(#17087,#17088,#17094,#17095));
#17097=FACE_BOUND('',#17096,.T.);
#17098=ADVANCED_FACE('',(#17097),#17086,.F.);
#17099=CARTESIAN_POINT('',(-22.0432,24.160748519,15.));
#17100=DIRECTION('',(-0.866025404,-0.5,0.));
#17101=DIRECTION('',(0.5,-0.866025404,0.));
#17102=AXIS2_PLACEMENT_3D('',#17099,#17100,#17101);
#17103=PLANE('',#17102);
#17104=ORIENTED_EDGE('',*,*,#17093,.T.);
#17105=ORIENTED_EDGE('',*,*,#12052,.T.);
#17106=CARTESIAN_POINT('',(-21.2932,22.861710414,42.));
#17107=DIRECTION('',(0.,0.,1.));
#17108=VECTOR('',#17107,3.);
#17109=LINE('',#17106,#17108);
#17110=EDGE_CURVE('',#8596,#12039,#17109,.T.);
#17111=ORIENTED_EDGE('',*,*,#17110,.F.);
#17112=ORIENTED_EDGE('',*,*,#8641,.F.);
#17113=EDGE_LOOP('',(#17104,#17105,#17111,#17112));
#17114=FACE_BOUND('',#17113,.T.);
#17115=ADVANCED_FACE('',(#17114),#17103,.F.);
#17116=CARTESIAN_POINT('',(-19.7932,22.861710414,15.));
#17117=DIRECTION('',(0.,-1.,0.));
#17118=DIRECTION('',(1.,0.,0.));
#17119=AXIS2_PLACEMENT_3D('',#17116,#17117,#17118);
#17120=PLANE('',#17119);
#17121=ORIENTED_EDGE('',*,*,#17110,.T.);
#17122=ORIENTED_EDGE('',*,*,#12044,.T.);
#17123=ORIENTED_EDGE('',*,*,#17035,.F.);
#17124=ORIENTED_EDGE('',*,*,#8603,.F.);
#17125=EDGE_LOOP('',(#17121,#17122,#17123,#17124));
#17126=FACE_BOUND('',#17125,.T.);
#17127=ADVANCED_FACE('',(#17126),#17120,.F.);
#17128=CARTESIAN_POINT('',(-17.5432,14.964548519,15.));
#17129=DIRECTION('',(0.866025404,-0.5,0.));
#17130=DIRECTION('',(0.5,0.866025404,0.));
#17131=AXIS2_PLACEMENT_3D('',#17128,#17129,#17130);
#17132=PLANE('',#17131);
#17133=CARTESIAN_POINT('',(-18.2932,13.665510414,42.));
#17134=DIRECTION('',(0.,0.,1.));
#17135=VECTOR('',#17134,3.);
#17136=LINE('',#17133,#17135);
#17137=EDGE_CURVE('',#8548,#11979,#17136,.T.);
#17138=ORIENTED_EDGE('',*,*,#17137,.T.);
#17139=ORIENTED_EDGE('',*,*,#11986,.T.);
#17140=CARTESIAN_POINT('',(-16.7932,16.263586625,42.));
#17141=DIRECTION('',(0.,0.,1.));
#17142=VECTOR('',#17141,3.);
#17143=LINE('',#17140,#17142);
#17144=EDGE_CURVE('',#8556,#11981,#17143,.T.);
#17145=ORIENTED_EDGE('',*,*,#17144,.F.);
#17146=ORIENTED_EDGE('',*,*,#8561,.F.);
#17147=EDGE_LOOP('',(#17138,#17139,#17145,#17146));
#17148=FACE_BOUND('',#17147,.T.);
#17149=ADVANCED_FACE('',(#17148),#17132,.F.);
#17150=CARTESIAN_POINT('',(-17.5432,17.562624731,15.));
#17151=DIRECTION('',(0.866025404,0.5,0.));
#17152=DIRECTION('',(-0.5,0.866025404,0.));
#17153=AXIS2_PLACEMENT_3D('',#17150,#17151,#17152);
#17154=PLANE('',#17153);
#17155=ORIENTED_EDGE('',*,*,#17144,.T.);
#17156=ORIENTED_EDGE('',*,*,#12024,.T.);
#17157=CARTESIAN_POINT('',(-18.2932,18.861662836,42.));
#17158=DIRECTION('',(0.,0.,1.));
#17159=VECTOR('',#17158,3.);
#17160=LINE('',#17157,#17159);
#17161=EDGE_CURVE('',#8564,#12013,#17160,.T.);
#17162=ORIENTED_EDGE('',*,*,#17161,.F.);
#17163=ORIENTED_EDGE('',*,*,#8569,.F.);
#17164=EDGE_LOOP('',(#17155,#17156,#17162,#17163));
#17165=FACE_BOUND('',#17164,.T.);
#17166=ADVANCED_FACE('',(#17165),#17154,.F.);
#17167=CARTESIAN_POINT('',(-19.7932,18.861662836,15.));
#17168=DIRECTION('',(0.,1.,0.));
#17169=DIRECTION('',(0.,0.,1.));
#17170=AXIS2_PLACEMENT_3D('',#17167,#17168,#17169);
#17171=PLANE('',#17170);
#17172=ORIENTED_EDGE('',*,*,#17161,.T.);
#17173=ORIENTED_EDGE('',*,*,#12018,.T.);
#17174=CARTESIAN_POINT('',(-21.2932,18.861662836,42.));
#17175=DIRECTION('',(0.,0.,1.));
#17176=VECTOR('',#17175,3.);
#17177=LINE('',#17174,#17176);
#17178=EDGE_CURVE('',#8572,#12005,#17177,.T.);
#17179=ORIENTED_EDGE('',*,*,#17178,.F.);
#17180=ORIENTED_EDGE('',*,*,#8577,.F.);
#17181=EDGE_LOOP('',(#17172,#17173,#17179,#17180));
#17182=FACE_BOUND('',#17181,.T.);
#17183=ADVANCED_FACE('',(#17182),#17171,.F.);
#17184=CARTESIAN_POINT('',(-22.0432,17.562624731,15.));
#17185=DIRECTION('',(-0.866025404,0.5,0.));
#17186=DIRECTION('',(-0.5,-0.866025404,0.));
#17187=AXIS2_PLACEMENT_3D('',#17184,#17185,#17186);
#17188=PLANE('',#17187);
#17189=ORIENTED_EDGE('',*,*,#17178,.T.);
#17190=ORIENTED_EDGE('',*,*,#12010,.T.);
#17191=CARTESIAN_POINT('',(-22.7932,16.263586625,42.));
#17192=DIRECTION('',(0.,0.,1.));
#17193=VECTOR('',#17192,3.);
#17194=LINE('',#17191,#17193);
#17195=EDGE_CURVE('',#8580,#11997,#17194,.T.);
#17196=ORIENTED_EDGE('',*,*,#17195,.F.);
#17197=ORIENTED_EDGE('',*,*,#8585,.F.);
#17198=EDGE_LOOP('',(#17189,#17190,#17196,#17197));
#17199=FACE_BOUND('',#17198,.T.);
#17200=ADVANCED_FACE('',(#17199),#17188,.F.);
#17201=CARTESIAN_POINT('',(-22.0432,14.964548519,15.));
#17202=DIRECTION('',(-0.866025404,-0.5,0.));
#17203=DIRECTION('',(0.5,-0.866025404,0.));
#17204=AXIS2_PLACEMENT_3D('',#17201,#17202,#17203);
#17205=PLANE('',#17204);
#17206=ORIENTED_EDGE('',*,*,#17195,.T.);
#17207=ORIENTED_EDGE('',*,*,#12002,.T.);
#17208=CARTESIAN_POINT('',(-21.2932,13.665510414,42.));
#17209=DIRECTION('',(0.,0.,1.));
#17210=VECTOR('',#17209,3.);
#17211=LINE('',#17208,#17210);
#17212=EDGE_CURVE('',#8546,#11989,#17211,.T.);
#17213=ORIENTED_EDGE('',*,*,#17212,.F.);
#17214=ORIENTED_EDGE('',*,*,#8591,.F.);
#17215=EDGE_LOOP('',(#17206,#17207,#17213,#17214));
#17216=FACE_BOUND('',#17215,.T.);
#17217=ADVANCED_FACE('',(#17216),#17205,.F.);
#17218=CARTESIAN_POINT('',(-19.7932,13.665510414,15.));
#17219=DIRECTION('',(0.,-1.,0.));
#17220=DIRECTION('',(1.,0.,0.));
#17221=AXIS2_PLACEMENT_3D('',#17218,#17219,#17220);
#17222=PLANE('',#17221);
#17223=ORIENTED_EDGE('',*,*,#17212,.T.);
#17224=ORIENTED_EDGE('',*,*,#11994,.T.);
#17225=ORIENTED_EDGE('',*,*,#17137,.F.);
#17226=ORIENTED_EDGE('',*,*,#8553,.F.);
#17227=EDGE_LOOP('',(#17223,#17224,#17225,#17226));
#17228=FACE_BOUND('',#17227,.T.);
#17229=ADVANCED_FACE('',(#17228),#17222,.F.);
#17230=CARTESIAN_POINT('',(10.7328,1.170272308,15.));
#17231=DIRECTION('',(0.866025404,-0.5,0.));
#17232=DIRECTION('',(0.5,0.866025404,0.));
#17233=AXIS2_PLACEMENT_3D('',#17230,#17231,#17232);
#17234=PLANE('',#17233);
#17235=CARTESIAN_POINT('',(9.9828,-0.128765798,42.));
#17236=DIRECTION('',(0.,0.,1.));
#17237=VECTOR('',#17236,3.);
#17238=LINE('',#17235,#17237);
#17239=EDGE_CURVE('',#8498,#11929,#17238,.T.);
#17240=ORIENTED_EDGE('',*,*,#17239,.T.);
#17241=ORIENTED_EDGE('',*,*,#11936,.T.);
#17242=CARTESIAN_POINT('',(11.4828,2.469310414,42.));
#17243=DIRECTION('',(0.,0.,1.));
#17244=VECTOR('',#17243,3.);
#17245=LINE('',#17242,#17244);
#17246=EDGE_CURVE('',#8506,#11931,#17245,.T.);
#17247=ORIENTED_EDGE('',*,*,#17246,.F.);
#17248=ORIENTED_EDGE('',*,*,#8511,.F.);
#17249=EDGE_LOOP('',(#17240,#17241,#17247,#17248));
#17250=FACE_BOUND('',#17249,.T.);
#17251=ADVANCED_FACE('',(#17250),#17234,.F.);
#17252=CARTESIAN_POINT('',(10.7328,3.768348519,15.));
#17253=DIRECTION('',(0.866025404,0.5,0.));
#17254=DIRECTION('',(-0.5,0.866025404,0.));
#17255=AXIS2_PLACEMENT_3D('',#17252,#17253,#17254);
#17256=PLANE('',#17255);
#17257=ORIENTED_EDGE('',*,*,#17246,.T.);
#17258=ORIENTED_EDGE('',*,*,#11974,.T.);
#17259=CARTESIAN_POINT('',(9.9828,5.067386625,42.));
#17260=DIRECTION('',(0.,0.,1.));
#17261=VECTOR('',#17260,3.);
#17262=LINE('',#17259,#17261);
#17263=EDGE_CURVE('',#8514,#11963,#17262,.T.);
#17264=ORIENTED_EDGE('',*,*,#17263,.F.);
#17265=ORIENTED_EDGE('',*,*,#8519,.F.);
#17266=EDGE_LOOP('',(#17257,#17258,#17264,#17265));
#17267=FACE_BOUND('',#17266,.T.);
#17268=ADVANCED_FACE('',(#17267),#17256,.F.);
#17269=CARTESIAN_POINT('',(8.4828,5.067386625,15.));
#17270=DIRECTION('',(0.,1.,0.));
#17271=DIRECTION('',(0.,0.,1.));
#17272=AXIS2_PLACEMENT_3D('',#17269,#17270,#17271);
#17273=PLANE('',#17272);
#17274=ORIENTED_EDGE('',*,*,#17263,.T.);
#17275=ORIENTED_EDGE('',*,*,#11968,.T.);
#17276=CARTESIAN_POINT('',(6.9828,5.067386625,42.));
#17277=DIRECTION('',(0.,0.,1.));
#17278=VECTOR('',#17277,3.);
#17279=LINE('',#17276,#17278);
#17280=EDGE_CURVE('',#8522,#11955,#17279,.T.);
#17281=ORIENTED_EDGE('',*,*,#17280,.F.);
#17282=ORIENTED_EDGE('',*,*,#8527,.F.);
#17283=EDGE_LOOP('',(#17274,#17275,#17281,#17282));
#17284=FACE_BOUND('',#17283,.T.);
#17285=ADVANCED_FACE('',(#17284),#17273,.F.);
#17286=CARTESIAN_POINT('',(6.2328,3.768348519,15.));
#17287=DIRECTION('',(-0.866025404,0.5,0.));
#17288=DIRECTION('',(-0.5,-0.866025404,0.));
#17289=AXIS2_PLACEMENT_3D('',#17286,#17287,#17288);
#17290=PLANE('',#17289);
#17291=ORIENTED_EDGE('',*,*,#17280,.T.);
#17292=ORIENTED_EDGE('',*,*,#11960,.T.);
#17293=CARTESIAN_POINT('',(5.4828,2.469310414,42.));
#17294=DIRECTION('',(0.,0.,1.));
#17295=VECTOR('',#17294,3.);
#17296=LINE('',#17293,#17295);
#17297=EDGE_CURVE('',#8530,#11947,#17296,.T.);
#17298=ORIENTED_EDGE('',*,*,#17297,.F.);
#17299=ORIENTED_EDGE('',*,*,#8535,.F.);
#17300=EDGE_LOOP('',(#17291,#17292,#17298,#17299));
#17301=FACE_BOUND('',#17300,.T.);
#17302=ADVANCED_FACE('',(#17301),#17290,.F.);
#17303=CARTESIAN_POINT('',(6.2328,1.170272308,15.));
#17304=DIRECTION('',(-0.866025404,-0.5,0.));
#17305=DIRECTION('',(0.5,-0.866025404,0.));
#17306=AXIS2_PLACEMENT_3D('',#17303,#17304,#17305);
#17307=PLANE('',#17306);
#17308=ORIENTED_EDGE('',*,*,#17297,.T.);
#17309=ORIENTED_EDGE('',*,*,#11952,.T.);
#17310=CARTESIAN_POINT('',(6.9828,-0.128765798,42.));
#17311=DIRECTION('',(0.,0.,1.));
#17312=VECTOR('',#17311,3.);
#17313=LINE('',#17310,#17312);
#17314=EDGE_CURVE('',#8496,#11939,#17313,.T.);
#17315=ORIENTED_EDGE('',*,*,#17314,.F.);
#17316=ORIENTED_EDGE('',*,*,#8541,.F.);
#17317=EDGE_LOOP('',(#17308,#17309,#17315,#17316));
#17318=FACE_BOUND('',#17317,.T.);
#17319=ADVANCED_FACE('',(#17318),#17307,.F.);
#17320=CARTESIAN_POINT('',(8.4828,-0.128765798,15.));
#17321=DIRECTION('',(0.,-1.,0.));
#17322=DIRECTION('',(1.,0.,0.));
#17323=AXIS2_PLACEMENT_3D('',#17320,#17321,#17322);
#17324=PLANE('',#17323);
#17325=ORIENTED_EDGE('',*,*,#17314,.T.);
#17326=ORIENTED_EDGE('',*,*,#11944,.T.);
#17327=ORIENTED_EDGE('',*,*,#17239,.F.);
#17328=ORIENTED_EDGE('',*,*,#8503,.F.);
#17329=EDGE_LOOP('',(#17325,#17326,#17327,#17328));
#17330=FACE_BOUND('',#17329,.T.);
#17331=ADVANCED_FACE('',(#17330),#17324,.F.);
#17332=CARTESIAN_POINT('',(-11.888,-8.025927692,15.));
#17333=DIRECTION('',(0.866025404,-0.5,0.));
#17334=DIRECTION('',(0.5,0.866025404,0.));
#17335=AXIS2_PLACEMENT_3D('',#17332,#17333,#17334);
#17336=PLANE('',#17335);
#17337=CARTESIAN_POINT('',(-12.638,-9.324965798,42.));
#17338=DIRECTION('',(0.,0.,1.));
#17339=VECTOR('',#17338,3.);
#17340=LINE('',#17337,#17339);
#17341=EDGE_CURVE('',#8448,#11879,#17340,.T.);
#17342=ORIENTED_EDGE('',*,*,#17341,.T.);
#17343=ORIENTED_EDGE('',*,*,#11886,.T.);
#17344=CARTESIAN_POINT('',(-11.138,-6.726889586,42.));
#17345=DIRECTION('',(0.,0.,1.));
#17346=VECTOR('',#17345,3.);
#17347=LINE('',#17344,#17346);
#17348=EDGE_CURVE('',#8456,#11881,#17347,.T.);
#17349=ORIENTED_EDGE('',*,*,#17348,.F.);
#17350=ORIENTED_EDGE('',*,*,#8461,.F.);
#17351=EDGE_LOOP('',(#17342,#17343,#17349,#17350));
#17352=FACE_BOUND('',#17351,.T.);
#17353=ADVANCED_FACE('',(#17352),#17336,.F.);
#17354=CARTESIAN_POINT('',(-11.888,-5.427851481,15.));
#17355=DIRECTION('',(0.866025404,0.5,0.));
#17356=DIRECTION('',(-0.5,0.866025404,0.));
#17357=AXIS2_PLACEMENT_3D('',#17354,#17355,#17356);
#17358=PLANE('',#17357);
#17359=ORIENTED_EDGE('',*,*,#17348,.T.);
#17360=ORIENTED_EDGE('',*,*,#11924,.T.);
#17361=CARTESIAN_POINT('',(-12.638,-4.128813375,42.));
#17362=DIRECTION('',(0.,0.,1.));
#17363=VECTOR('',#17362,3.);
#17364=LINE('',#17361,#17363);
#17365=EDGE_CURVE('',#8464,#11913,#17364,.T.);
#17366=ORIENTED_EDGE('',*,*,#17365,.F.);
#17367=ORIENTED_EDGE('',*,*,#8469,.F.);
#17368=EDGE_LOOP('',(#17359,#17360,#17366,#17367));
#17369=FACE_BOUND('',#17368,.T.);
#17370=ADVANCED_FACE('',(#17369),#17358,.F.);
#17371=CARTESIAN_POINT('',(-14.138,-4.128813375,15.));
#17372=DIRECTION('',(0.,1.,0.));
#17373=DIRECTION('',(0.,0.,1.));
#17374=AXIS2_PLACEMENT_3D('',#17371,#17372,#17373);
#17375=PLANE('',#17374);
#17376=ORIENTED_EDGE('',*,*,#17365,.T.);
#17377=ORIENTED_EDGE('',*,*,#11918,.T.);
#17378=CARTESIAN_POINT('',(-15.638,-4.128813375,42.));
#17379=DIRECTION('',(0.,0.,1.));
#17380=VECTOR('',#17379,3.);
#17381=LINE('',#17378,#17380);
#17382=EDGE_CURVE('',#8472,#11905,#17381,.T.);
#17383=ORIENTED_EDGE('',*,*,#17382,.F.);
#17384=ORIENTED_EDGE('',*,*,#8477,.F.);
#17385=EDGE_LOOP('',(#17376,#17377,#17383,#17384));
#17386=FACE_BOUND('',#17385,.T.);
#17387=ADVANCED_FACE('',(#17386),#17375,.F.);
#17388=CARTESIAN_POINT('',(-16.388,-5.427851481,15.));
#17389=DIRECTION('',(-0.866025404,0.5,0.));
#17390=DIRECTION('',(-0.5,-0.866025404,0.));
#17391=AXIS2_PLACEMENT_3D('',#17388,#17389,#17390);
#17392=PLANE('',#17391);
#17393=ORIENTED_EDGE('',*,*,#17382,.T.);
#17394=ORIENTED_EDGE('',*,*,#11910,.T.);
#17395=CARTESIAN_POINT('',(-17.138,-6.726889586,42.));
#17396=DIRECTION('',(0.,0.,1.));
#17397=VECTOR('',#17396,3.);
#17398=LINE('',#17395,#17397);
#17399=EDGE_CURVE('',#8480,#11897,#17398,.T.);
#17400=ORIENTED_EDGE('',*,*,#17399,.F.);
#17401=ORIENTED_EDGE('',*,*,#8485,.F.);
#17402=EDGE_LOOP('',(#17393,#17394,#17400,#17401));
#17403=FACE_BOUND('',#17402,.T.);
#17404=ADVANCED_FACE('',(#17403),#17392,.F.);
#17405=CARTESIAN_POINT('',(-16.388,-8.025927692,15.));
#17406=DIRECTION('',(-0.866025404,-0.5,0.));
#17407=DIRECTION('',(0.5,-0.866025404,0.));
#17408=AXIS2_PLACEMENT_3D('',#17405,#17406,#17407);
#17409=PLANE('',#17408);
#17410=ORIENTED_EDGE('',*,*,#17399,.T.);
#17411=ORIENTED_EDGE('',*,*,#11902,.T.);
#17412=CARTESIAN_POINT('',(-15.638,-9.324965798,42.));
#17413=DIRECTION('',(0.,0.,1.));
#17414=VECTOR('',#17413,3.);
#17415=LINE('',#17412,#17414);
#17416=EDGE_CURVE('',#8446,#11889,#17415,.T.);
#17417=ORIENTED_EDGE('',*,*,#17416,.F.);
#17418=ORIENTED_EDGE('',*,*,#8491,.F.);
#17419=EDGE_LOOP('',(#17410,#17411,#17417,#17418));
#17420=FACE_BOUND('',#17419,.T.);
#17421=ADVANCED_FACE('',(#17420),#17409,.F.);
#17422=CARTESIAN_POINT('',(-14.138,-9.324965798,15.));
#17423=DIRECTION('',(0.,-1.,0.));
#17424=DIRECTION('',(1.,0.,0.));
#17425=AXIS2_PLACEMENT_3D('',#17422,#17423,#17424);
#17426=PLANE('',#17425);
#17427=ORIENTED_EDGE('',*,*,#17416,.T.);
#17428=ORIENTED_EDGE('',*,*,#11894,.T.);
#17429=ORIENTED_EDGE('',*,*,#17341,.F.);
#17430=ORIENTED_EDGE('',*,*,#8453,.F.);
#17431=EDGE_LOOP('',(#17427,#17428,#17429,#17430));
#17432=FACE_BOUND('',#17431,.T.);
#17433=ADVANCED_FACE('',(#17432),#17426,.F.);
#17434=CARTESIAN_POINT('',(-0.5776,-35.614527692,15.));
#17435=DIRECTION('',(0.866025404,-0.5,0.));
#17436=DIRECTION('',(0.5,0.866025404,0.));
#17437=AXIS2_PLACEMENT_3D('',#17434,#17435,#17436);
#17438=PLANE('',#17437);
#17439=CARTESIAN_POINT('',(-1.3276,-36.913565798,42.));
#17440=DIRECTION('',(0.,0.,1.));
#17441=VECTOR('',#17440,3.);
#17442=LINE('',#17439,#17441);
#17443=EDGE_CURVE('',#8398,#11829,#17442,.T.);
#17444=ORIENTED_EDGE('',*,*,#17443,.T.);
#17445=ORIENTED_EDGE('',*,*,#11836,.T.);
#17446=CARTESIAN_POINT('',(0.1724,-34.315489586,42.));
#17447=DIRECTION('',(0.,0.,1.));
#17448=VECTOR('',#17447,3.);
#17449=LINE('',#17446,#17448);
#17450=EDGE_CURVE('',#8406,#11831,#17449,.T.);
#17451=ORIENTED_EDGE('',*,*,#17450,.F.);
#17452=ORIENTED_EDGE('',*,*,#8411,.F.);
#17453=EDGE_LOOP('',(#17444,#17445,#17451,#17452));
#17454=FACE_BOUND('',#17453,.T.);
#17455=ADVANCED_FACE('',(#17454),#17438,.F.);
#17456=CARTESIAN_POINT('',(-0.5776,-33.016451481,15.));
#17457=DIRECTION('',(0.866025404,0.5,0.));
#17458=DIRECTION('',(-0.5,0.866025404,0.));
#17459=AXIS2_PLACEMENT_3D('',#17456,#17457,#17458);
#17460=PLANE('',#17459);
#17461=ORIENTED_EDGE('',*,*,#17450,.T.);
#17462=ORIENTED_EDGE('',*,*,#11874,.T.);
#17463=CARTESIAN_POINT('',(-1.3276,-31.717413375,42.));
#17464=DIRECTION('',(0.,0.,1.));
#17465=VECTOR('',#17464,3.);
#17466=LINE('',#17463,#17465);
#17467=EDGE_CURVE('',#8414,#11863,#17466,.T.);
#17468=ORIENTED_EDGE('',*,*,#17467,.F.);
#17469=ORIENTED_EDGE('',*,*,#8419,.F.);
#17470=EDGE_LOOP('',(#17461,#17462,#17468,#17469));
#17471=FACE_BOUND('',#17470,.T.);
#17472=ADVANCED_FACE('',(#17471),#17460,.F.);
#17473=CARTESIAN_POINT('',(-2.8276,-31.717413375,15.));
#17474=DIRECTION('',(0.,1.,0.));
#17475=DIRECTION('',(0.,0.,1.));
#17476=AXIS2_PLACEMENT_3D('',#17473,#17474,#17475);
#17477=PLANE('',#17476);
#17478=ORIENTED_EDGE('',*,*,#17467,.T.);
#17479=ORIENTED_EDGE('',*,*,#11868,.T.);
#17480=CARTESIAN_POINT('',(-4.3276,-31.717413375,42.));
#17481=DIRECTION('',(0.,0.,1.));
#17482=VECTOR('',#17481,3.);
#17483=LINE('',#17480,#17482);
#17484=EDGE_CURVE('',#8422,#11855,#17483,.T.);
#17485=ORIENTED_EDGE('',*,*,#17484,.F.);
#17486=ORIENTED_EDGE('',*,*,#8427,.F.);
#17487=EDGE_LOOP('',(#17478,#17479,#17485,#17486));
#17488=FACE_BOUND('',#17487,.T.);
#17489=ADVANCED_FACE('',(#17488),#17477,.F.);
#17490=CARTESIAN_POINT('',(-5.0776,-33.016451481,15.));
#17491=DIRECTION('',(-0.866025404,0.5,0.));
#17492=DIRECTION('',(-0.5,-0.866025404,0.));
#17493=AXIS2_PLACEMENT_3D('',#17490,#17491,#17492);
#17494=PLANE('',#17493);
#17495=ORIENTED_EDGE('',*,*,#17484,.T.);
#17496=ORIENTED_EDGE('',*,*,#11860,.T.);
#17497=CARTESIAN_POINT('',(-5.8276,-34.315489586,42.));
#17498=DIRECTION('',(0.,0.,1.));
#17499=VECTOR('',#17498,3.);
#17500=LINE('',#17497,#17499);
#17501=EDGE_CURVE('',#8430,#11847,#17500,.T.);
#17502=ORIENTED_EDGE('',*,*,#17501,.F.);
#17503=ORIENTED_EDGE('',*,*,#8435,.F.);
#17504=EDGE_LOOP('',(#17495,#17496,#17502,#17503));
#17505=FACE_BOUND('',#17504,.T.);
#17506=ADVANCED_FACE('',(#17505),#17494,.F.);
#17507=CARTESIAN_POINT('',(-5.0776,-35.614527692,15.));
#17508=DIRECTION('',(-0.866025404,-0.5,0.));
#17509=DIRECTION('',(0.5,-0.866025404,0.));
#17510=AXIS2_PLACEMENT_3D('',#17507,#17508,#17509);
#17511=PLANE('',#17510);
#17512=ORIENTED_EDGE('',*,*,#17501,.T.);
#17513=ORIENTED_EDGE('',*,*,#11852,.T.);
#17514=CARTESIAN_POINT('',(-4.3276,-36.913565798,42.));
#17515=DIRECTION('',(0.,0.,1.));
#17516=VECTOR('',#17515,3.);
#17517=LINE('',#17514,#17516);
#17518=EDGE_CURVE('',#8396,#11839,#17517,.T.);
#17519=ORIENTED_EDGE('',*,*,#17518,.F.);
#17520=ORIENTED_EDGE('',*,*,#8441,.F.);
#17521=EDGE_LOOP('',(#17512,#17513,#17519,#17520));
#17522=FACE_BOUND('',#17521,.T.);
#17523=ADVANCED_FACE('',(#17522),#17511,.F.);
#17524=CARTESIAN_POINT('',(-2.8276,-36.913565798,15.));
#17525=DIRECTION('',(0.,-1.,0.));
#17526=DIRECTION('',(1.,0.,0.));
#17527=AXIS2_PLACEMENT_3D('',#17524,#17525,#17526);
#17528=PLANE('',#17527);
#17529=ORIENTED_EDGE('',*,*,#17518,.T.);
#17530=ORIENTED_EDGE('',*,*,#11844,.T.);
#17531=ORIENTED_EDGE('',*,*,#17443,.F.);
#17532=ORIENTED_EDGE('',*,*,#8403,.F.);
#17533=EDGE_LOOP('',(#17529,#17530,#17531,#17532));
#17534=FACE_BOUND('',#17533,.T.);
#17535=ADVANCED_FACE('',(#17534),#17528,.F.);
#17536=CARTESIAN_POINT('',(22.0432,10.366472308,15.));
#17537=DIRECTION('',(0.866025404,-0.5,0.));
#17538=DIRECTION('',(0.5,0.866025404,0.));
#17539=AXIS2_PLACEMENT_3D('',#17536,#17537,#17538);
#17540=PLANE('',#17539);
#17541=CARTESIAN_POINT('',(21.2932,9.067434202,42.));
#17542=DIRECTION('',(0.,0.,1.));
#17543=VECTOR('',#17542,3.);
#17544=LINE('',#17541,#17543);
#17545=EDGE_CURVE('',#8348,#11779,#17544,.T.);
#17546=ORIENTED_EDGE('',*,*,#17545,.T.);
#17547=ORIENTED_EDGE('',*,*,#11786,.T.);
#17548=CARTESIAN_POINT('',(22.7932,11.665510414,42.));
#17549=DIRECTION('',(0.,0.,1.));
#17550=VECTOR('',#17549,3.);
#17551=LINE('',#17548,#17550);
#17552=EDGE_CURVE('',#8356,#11781,#17551,.T.);
#17553=ORIENTED_EDGE('',*,*,#17552,.F.);
#17554=ORIENTED_EDGE('',*,*,#8361,.F.);
#17555=EDGE_LOOP('',(#17546,#17547,#17553,#17554));
#17556=FACE_BOUND('',#17555,.T.);
#17557=ADVANCED_FACE('',(#17556),#17540,.F.);
#17558=CARTESIAN_POINT('',(22.0432,12.964548519,15.));
#17559=DIRECTION('',(0.866025404,0.5,0.));
#17560=DIRECTION('',(-0.5,0.866025404,0.));
#17561=AXIS2_PLACEMENT_3D('',#17558,#17559,#17560);
#17562=PLANE('',#17561);
#17563=ORIENTED_EDGE('',*,*,#17552,.T.);
#17564=ORIENTED_EDGE('',*,*,#11824,.T.);
#17565=CARTESIAN_POINT('',(21.2932,14.263586625,42.));
#17566=DIRECTION('',(0.,0.,1.));
#17567=VECTOR('',#17566,3.);
#17568=LINE('',#17565,#17567);
#17569=EDGE_CURVE('',#8364,#11813,#17568,.T.);
#17570=ORIENTED_EDGE('',*,*,#17569,.F.);
#17571=ORIENTED_EDGE('',*,*,#8369,.F.);
#17572=EDGE_LOOP('',(#17563,#17564,#17570,#17571));
#17573=FACE_BOUND('',#17572,.T.);
#17574=ADVANCED_FACE('',(#17573),#17562,.F.);
#17575=CARTESIAN_POINT('',(19.7932,14.263586625,15.));
#17576=DIRECTION('',(0.,1.,0.));
#17577=DIRECTION('',(0.,0.,1.));
#17578=AXIS2_PLACEMENT_3D('',#17575,#17576,#17577);
#17579=PLANE('',#17578);
#17580=ORIENTED_EDGE('',*,*,#17569,.T.);
#17581=ORIENTED_EDGE('',*,*,#11818,.T.);
#17582=CARTESIAN_POINT('',(18.2932,14.263586625,42.));
#17583=DIRECTION('',(0.,0.,1.));
#17584=VECTOR('',#17583,3.);
#17585=LINE('',#17582,#17584);
#17586=EDGE_CURVE('',#8372,#11805,#17585,.T.);
#17587=ORIENTED_EDGE('',*,*,#17586,.F.);
#17588=ORIENTED_EDGE('',*,*,#8377,.F.);
#17589=EDGE_LOOP('',(#17580,#17581,#17587,#17588));
#17590=FACE_BOUND('',#17589,.T.);
#17591=ADVANCED_FACE('',(#17590),#17579,.F.);
#17592=CARTESIAN_POINT('',(17.5432,12.964548519,15.));
#17593=DIRECTION('',(-0.866025404,0.5,0.));
#17594=DIRECTION('',(-0.5,-0.866025404,0.));
#17595=AXIS2_PLACEMENT_3D('',#17592,#17593,#17594);
#17596=PLANE('',#17595);
#17597=ORIENTED_EDGE('',*,*,#17586,.T.);
#17598=ORIENTED_EDGE('',*,*,#11810,.T.);
#17599=CARTESIAN_POINT('',(16.7932,11.665510414,42.));
#17600=DIRECTION('',(0.,0.,1.));
#17601=VECTOR('',#17600,3.);
#17602=LINE('',#17599,#17601);
#17603=EDGE_CURVE('',#8380,#11797,#17602,.T.);
#17604=ORIENTED_EDGE('',*,*,#17603,.F.);
#17605=ORIENTED_EDGE('',*,*,#8385,.F.);
#17606=EDGE_LOOP('',(#17597,#17598,#17604,#17605));
#17607=FACE_BOUND('',#17606,.T.);
#17608=ADVANCED_FACE('',(#17607),#17596,.F.);
#17609=CARTESIAN_POINT('',(17.5432,10.366472308,15.));
#17610=DIRECTION('',(-0.866025404,-0.5,0.));
#17611=DIRECTION('',(0.5,-0.866025404,0.));
#17612=AXIS2_PLACEMENT_3D('',#17609,#17610,#17611);
#17613=PLANE('',#17612);
#17614=ORIENTED_EDGE('',*,*,#17603,.T.);
#17615=ORIENTED_EDGE('',*,*,#11802,.T.);
#17616=CARTESIAN_POINT('',(18.2932,9.067434202,42.));
#17617=DIRECTION('',(0.,0.,1.));
#17618=VECTOR('',#17617,3.);
#17619=LINE('',#17616,#17618);
#17620=EDGE_CURVE('',#8346,#11789,#17619,.T.);
#17621=ORIENTED_EDGE('',*,*,#17620,.F.);
#17622=ORIENTED_EDGE('',*,*,#8391,.F.);
#17623=EDGE_LOOP('',(#17614,#17615,#17621,#17622));
#17624=FACE_BOUND('',#17623,.T.);
#17625=ADVANCED_FACE('',(#17624),#17613,.F.);
#17626=CARTESIAN_POINT('',(19.7932,9.067434202,15.));
#17627=DIRECTION('',(0.,-1.,0.));
#17628=DIRECTION('',(1.,0.,0.));
#17629=AXIS2_PLACEMENT_3D('',#17626,#17627,#17628);
#17630=PLANE('',#17629);
#17631=ORIENTED_EDGE('',*,*,#17620,.T.);
#17632=ORIENTED_EDGE('',*,*,#11794,.T.);
#17633=ORIENTED_EDGE('',*,*,#17545,.F.);
#17634=ORIENTED_EDGE('',*,*,#8353,.F.);
#17635=EDGE_LOOP('',(#17631,#17632,#17633,#17634));
#17636=FACE_BOUND('',#17635,.T.);
#17637=ADVANCED_FACE('',(#17636),#17630,.F.);
#17638=CARTESIAN_POINT('',(5.0776,-31.016451481,15.));
#17639=DIRECTION('',(0.866025404,-0.5,0.));
#17640=DIRECTION('',(0.5,0.866025404,0.));
#17641=AXIS2_PLACEMENT_3D('',#17638,#17639,#17640);
#17642=PLANE('',#17641);
#17643=CARTESIAN_POINT('',(4.3276,-32.315489586,42.));
#17644=DIRECTION('',(0.,0.,1.));
#17645=VECTOR('',#17644,3.);
#17646=LINE('',#17643,#17645);
#17647=EDGE_CURVE('',#8298,#11729,#17646,.T.);
#17648=ORIENTED_EDGE('',*,*,#17647,.T.);
#17649=ORIENTED_EDGE('',*,*,#11736,.T.);
#17650=CARTESIAN_POINT('',(5.8276,-29.717413375,42.));
#17651=DIRECTION('',(0.,0.,1.));
#17652=VECTOR('',#17651,3.);
#17653=LINE('',#17650,#17652);
#17654=EDGE_CURVE('',#8306,#11731,#17653,.T.);
#17655=ORIENTED_EDGE('',*,*,#17654,.F.);
#17656=ORIENTED_EDGE('',*,*,#8311,.F.);
#17657=EDGE_LOOP('',(#17648,#17649,#17655,#17656));
#17658=FACE_BOUND('',#17657,.T.);
#17659=ADVANCED_FACE('',(#17658),#17642,.F.);
#17660=CARTESIAN_POINT('',(5.0776,-28.418375269,15.));
#17661=DIRECTION('',(0.866025404,0.5,0.));
#17662=DIRECTION('',(-0.5,0.866025404,0.));
#17663=AXIS2_PLACEMENT_3D('',#17660,#17661,#17662);
#17664=PLANE('',#17663);
#17665=ORIENTED_EDGE('',*,*,#17654,.T.);
#17666=ORIENTED_EDGE('',*,*,#11774,.T.);
#17667=CARTESIAN_POINT('',(4.3276,-27.119337164,42.));
#17668=DIRECTION('',(0.,0.,1.));
#17669=VECTOR('',#17668,3.);
#17670=LINE('',#17667,#17669);
#17671=EDGE_CURVE('',#8314,#11763,#17670,.T.);
#17672=ORIENTED_EDGE('',*,*,#17671,.F.);
#17673=ORIENTED_EDGE('',*,*,#8319,.F.);
#17674=EDGE_LOOP('',(#17665,#17666,#17672,#17673));
#17675=FACE_BOUND('',#17674,.T.);
#17676=ADVANCED_FACE('',(#17675),#17664,.F.);
#17677=CARTESIAN_POINT('',(2.8276,-27.119337164,15.));
#17678=DIRECTION('',(0.,1.,0.));
#17679=DIRECTION('',(0.,0.,1.));
#17680=AXIS2_PLACEMENT_3D('',#17677,#17678,#17679);
#17681=PLANE('',#17680);
#17682=ORIENTED_EDGE('',*,*,#17671,.T.);
#17683=ORIENTED_EDGE('',*,*,#11768,.T.);
#17684=CARTESIAN_POINT('',(1.3276,-27.119337164,42.));
#17685=DIRECTION('',(0.,0.,1.));
#17686=VECTOR('',#17685,3.);
#17687=LINE('',#17684,#17686);
#17688=EDGE_CURVE('',#8322,#11755,#17687,.T.);
#17689=ORIENTED_EDGE('',*,*,#17688,.F.);
#17690=ORIENTED_EDGE('',*,*,#8327,.F.);
#17691=EDGE_LOOP('',(#17682,#17683,#17689,#17690));
#17692=FACE_BOUND('',#17691,.T.);
#17693=ADVANCED_FACE('',(#17692),#17681,.F.);
#17694=CARTESIAN_POINT('',(0.5776,-28.418375269,15.));
#17695=DIRECTION('',(-0.866025404,0.5,0.));
#17696=DIRECTION('',(-0.5,-0.866025404,0.));
#17697=AXIS2_PLACEMENT_3D('',#17694,#17695,#17696);
#17698=PLANE('',#17697);
#17699=ORIENTED_EDGE('',*,*,#17688,.T.);
#17700=ORIENTED_EDGE('',*,*,#11760,.T.);
#17701=CARTESIAN_POINT('',(-0.1724,-29.717413375,42.));
#17702=DIRECTION('',(0.,0.,1.));
#17703=VECTOR('',#17702,3.);
#17704=LINE('',#17701,#17703);
#17705=EDGE_CURVE('',#8330,#11747,#17704,.T.);
#17706=ORIENTED_EDGE('',*,*,#17705,.F.);
#17707=ORIENTED_EDGE('',*,*,#8335,.F.);
#17708=EDGE_LOOP('',(#17699,#17700,#17706,#17707));
#17709=FACE_BOUND('',#17708,.T.);
#17710=ADVANCED_FACE('',(#17709),#17698,.F.);
#17711=CARTESIAN_POINT('',(0.5776,-31.016451481,15.));
#17712=DIRECTION('',(-0.866025404,-0.5,0.));
#17713=DIRECTION('',(0.5,-0.866025404,0.));
#17714=AXIS2_PLACEMENT_3D('',#17711,#17712,#17713);
#17715=PLANE('',#17714);
#17716=ORIENTED_EDGE('',*,*,#17705,.T.);
#17717=ORIENTED_EDGE('',*,*,#11752,.T.);
#17718=CARTESIAN_POINT('',(1.3276,-32.315489586,42.));
#17719=DIRECTION('',(0.,0.,1.));
#17720=VECTOR('',#17719,3.);
#17721=LINE('',#17718,#17720);
#17722=EDGE_CURVE('',#8296,#11739,#17721,.T.);
#17723=ORIENTED_EDGE('',*,*,#17722,.F.);
#17724=ORIENTED_EDGE('',*,*,#8341,.F.);
#17725=EDGE_LOOP('',(#17716,#17717,#17723,#17724));
#17726=FACE_BOUND('',#17725,.T.);
#17727=ADVANCED_FACE('',(#17726),#17715,.F.);
#17728=CARTESIAN_POINT('',(2.8276,-32.315489586,15.));
#17729=DIRECTION('',(0.,-1.,0.));
#17730=DIRECTION('',(1.,0.,0.));
#17731=AXIS2_PLACEMENT_3D('',#17728,#17729,#17730);
#17732=PLANE('',#17731);
#17733=ORIENTED_EDGE('',*,*,#17722,.T.);
#17734=ORIENTED_EDGE('',*,*,#11744,.T.);
#17735=ORIENTED_EDGE('',*,*,#17647,.F.);
#17736=ORIENTED_EDGE('',*,*,#8303,.F.);
#17737=EDGE_LOOP('',(#17733,#17734,#17735,#17736));
#17738=FACE_BOUND('',#17737,.T.);
#17739=ADVANCED_FACE('',(#17738),#17732,.F.);
#17740=CARTESIAN_POINT('',(5.0776,-40.212651481,15.));
#17741=DIRECTION('',(0.866025404,-0.5,0.));
#17742=DIRECTION('',(0.5,0.866025404,0.));
#17743=AXIS2_PLACEMENT_3D('',#17740,#17741,#17742);
#17744=PLANE('',#17743);
#17745=CARTESIAN_POINT('',(4.3276,-41.511689586,42.));
#17746=DIRECTION('',(0.,0.,1.));
#17747=VECTOR('',#17746,3.);
#17748=LINE('',#17745,#17747);
#17749=EDGE_CURVE('',#8248,#11679,#17748,.T.);
#17750=ORIENTED_EDGE('',*,*,#17749,.T.);
#17751=ORIENTED_EDGE('',*,*,#11686,.T.);
#17752=CARTESIAN_POINT('',(5.8276,-38.913613375,42.));
#17753=DIRECTION('',(0.,0.,1.));
#17754=VECTOR('',#17753,3.);
#17755=LINE('',#17752,#17754);
#17756=EDGE_CURVE('',#8256,#11681,#17755,.T.);
#17757=ORIENTED_EDGE('',*,*,#17756,.F.);
#17758=ORIENTED_EDGE('',*,*,#8261,.F.);
#17759=EDGE_LOOP('',(#17750,#17751,#17757,#17758));
#17760=FACE_BOUND('',#17759,.T.);
#17761=ADVANCED_FACE('',(#17760),#17744,.F.);
#17762=CARTESIAN_POINT('',(5.0776,-37.614575269,15.));
#17763=DIRECTION('',(0.866025404,0.5,0.));
#17764=DIRECTION('',(-0.5,0.866025404,0.));
#17765=AXIS2_PLACEMENT_3D('',#17762,#17763,#17764);
#17766=PLANE('',#17765);
#17767=ORIENTED_EDGE('',*,*,#17756,.T.);
#17768=ORIENTED_EDGE('',*,*,#11724,.T.);
#17769=CARTESIAN_POINT('',(4.3276,-36.315537164,42.));
#17770=DIRECTION('',(0.,0.,1.));
#17771=VECTOR('',#17770,3.);
#17772=LINE('',#17769,#17771);
#17773=EDGE_CURVE('',#8264,#11713,#17772,.T.);
#17774=ORIENTED_EDGE('',*,*,#17773,.F.);
#17775=ORIENTED_EDGE('',*,*,#8269,.F.);
#17776=EDGE_LOOP('',(#17767,#17768,#17774,#17775));
#17777=FACE_BOUND('',#17776,.T.);
#17778=ADVANCED_FACE('',(#17777),#17766,.F.);
#17779=CARTESIAN_POINT('',(2.8276,-36.315537164,15.));
#17780=DIRECTION('',(0.,1.,0.));
#17781=DIRECTION('',(0.,0.,1.));
#17782=AXIS2_PLACEMENT_3D('',#17779,#17780,#17781);
#17783=PLANE('',#17782);
#17784=ORIENTED_EDGE('',*,*,#17773,.T.);
#17785=ORIENTED_EDGE('',*,*,#11718,.T.);
#17786=CARTESIAN_POINT('',(1.3276,-36.315537164,42.));
#17787=DIRECTION('',(0.,0.,1.));
#17788=VECTOR('',#17787,3.);
#17789=LINE('',#17786,#17788);
#17790=EDGE_CURVE('',#8272,#11705,#17789,.T.);
#17791=ORIENTED_EDGE('',*,*,#17790,.F.);
#17792=ORIENTED_EDGE('',*,*,#8277,.F.);
#17793=EDGE_LOOP('',(#17784,#17785,#17791,#17792));
#17794=FACE_BOUND('',#17793,.T.);
#17795=ADVANCED_FACE('',(#17794),#17783,.F.);
#17796=CARTESIAN_POINT('',(0.5776,-37.614575269,15.));
#17797=DIRECTION('',(-0.866025404,0.5,0.));
#17798=DIRECTION('',(-0.5,-0.866025404,0.));
#17799=AXIS2_PLACEMENT_3D('',#17796,#17797,#17798);
#17800=PLANE('',#17799);
#17801=ORIENTED_EDGE('',*,*,#17790,.T.);
#17802=ORIENTED_EDGE('',*,*,#11710,.T.);
#17803=CARTESIAN_POINT('',(-0.1724,-38.913613375,42.));
#17804=DIRECTION('',(0.,0.,1.));
#17805=VECTOR('',#17804,3.);
#17806=LINE('',#17803,#17805);
#17807=EDGE_CURVE('',#8280,#11697,#17806,.T.);
#17808=ORIENTED_EDGE('',*,*,#17807,.F.);
#17809=ORIENTED_EDGE('',*,*,#8285,.F.);
#17810=EDGE_LOOP('',(#17801,#17802,#17808,#17809));
#17811=FACE_BOUND('',#17810,.T.);
#17812=ADVANCED_FACE('',(#17811),#17800,.F.);
#17813=CARTESIAN_POINT('',(0.5776,-40.212651481,15.));
#17814=DIRECTION('',(-0.866025404,-0.5,0.));
#17815=DIRECTION('',(0.5,-0.866025404,0.));
#17816=AXIS2_PLACEMENT_3D('',#17813,#17814,#17815);
#17817=PLANE('',#17816);
#17818=ORIENTED_EDGE('',*,*,#17807,.T.);
#17819=ORIENTED_EDGE('',*,*,#11702,.T.);
#17820=CARTESIAN_POINT('',(1.3276,-41.511689586,42.));
#17821=DIRECTION('',(0.,0.,1.));
#17822=VECTOR('',#17821,3.);
#17823=LINE('',#17820,#17822);
#17824=EDGE_CURVE('',#8246,#11689,#17823,.T.);
#17825=ORIENTED_EDGE('',*,*,#17824,.F.);
#17826=ORIENTED_EDGE('',*,*,#8291,.F.);
#17827=EDGE_LOOP('',(#17818,#17819,#17825,#17826));
#17828=FACE_BOUND('',#17827,.T.);
#17829=ADVANCED_FACE('',(#17828),#17817,.F.);
#17830=CARTESIAN_POINT('',(2.8276,-41.511689586,15.));
#17831=DIRECTION('',(0.,-1.,0.));
#17832=DIRECTION('',(1.,0.,0.));
#17833=AXIS2_PLACEMENT_3D('',#17830,#17831,#17832);
#17834=PLANE('',#17833);
#17835=ORIENTED_EDGE('',*,*,#17824,.T.);
#17836=ORIENTED_EDGE('',*,*,#11694,.T.);
#17837=ORIENTED_EDGE('',*,*,#17749,.F.);
#17838=ORIENTED_EDGE('',*,*,#8253,.F.);
#17839=EDGE_LOOP('',(#17835,#17836,#17837,#17838));
#17840=FACE_BOUND('',#17839,.T.);
#17841=ADVANCED_FACE('',(#17840),#17834,.F.);
#17842=CARTESIAN_POINT('',(16.388,-12.624051481,15.));
#17843=DIRECTION('',(0.866025404,-0.5,0.));
#17844=DIRECTION('',(0.5,0.866025404,0.));
#17845=AXIS2_PLACEMENT_3D('',#17842,#17843,#17844);
#17846=PLANE('',#17845);
#17847=CARTESIAN_POINT('',(15.638,-13.923089586,42.));
#17848=DIRECTION('',(0.,0.,1.));
#17849=VECTOR('',#17848,3.);
#17850=LINE('',#17847,#17849);
#17851=EDGE_CURVE('',#8198,#11629,#17850,.T.);
#17852=ORIENTED_EDGE('',*,*,#17851,.T.);
#17853=ORIENTED_EDGE('',*,*,#11636,.T.);
#17854=CARTESIAN_POINT('',(17.138,-11.325013375,42.));
#17855=DIRECTION('',(0.,0.,1.));
#17856=VECTOR('',#17855,3.);
#17857=LINE('',#17854,#17856);
#17858=EDGE_CURVE('',#8206,#11631,#17857,.T.);
#17859=ORIENTED_EDGE('',*,*,#17858,.F.);
#17860=ORIENTED_EDGE('',*,*,#8211,.F.);
#17861=EDGE_LOOP('',(#17852,#17853,#17859,#17860));
#17862=FACE_BOUND('',#17861,.T.);
#17863=ADVANCED_FACE('',(#17862),#17846,.F.);
#17864=CARTESIAN_POINT('',(16.388,-10.025975269,15.));
#17865=DIRECTION('',(0.866025404,0.5,0.));
#17866=DIRECTION('',(-0.5,0.866025404,0.));
#17867=AXIS2_PLACEMENT_3D('',#17864,#17865,#17866);
#17868=PLANE('',#17867);
#17869=ORIENTED_EDGE('',*,*,#17858,.T.);
#17870=ORIENTED_EDGE('',*,*,#11674,.T.);
#17871=CARTESIAN_POINT('',(15.638,-8.726937164,42.));
#17872=DIRECTION('',(0.,0.,1.));
#17873=VECTOR('',#17872,3.);
#17874=LINE('',#17871,#17873);
#17875=EDGE_CURVE('',#8214,#11663,#17874,.T.);
#17876=ORIENTED_EDGE('',*,*,#17875,.F.);
#17877=ORIENTED_EDGE('',*,*,#8219,.F.);
#17878=EDGE_LOOP('',(#17869,#17870,#17876,#17877));
#17879=FACE_BOUND('',#17878,.T.);
#17880=ADVANCED_FACE('',(#17879),#17868,.F.);
#17881=CARTESIAN_POINT('',(14.138,-8.726937164,15.));
#17882=DIRECTION('',(0.,1.,0.));
#17883=DIRECTION('',(0.,0.,1.));
#17884=AXIS2_PLACEMENT_3D('',#17881,#17882,#17883);
#17885=PLANE('',#17884);
#17886=ORIENTED_EDGE('',*,*,#17875,.T.);
#17887=ORIENTED_EDGE('',*,*,#11668,.T.);
#17888=CARTESIAN_POINT('',(12.638,-8.726937164,42.));
#17889=DIRECTION('',(0.,0.,1.));
#17890=VECTOR('',#17889,3.);
#17891=LINE('',#17888,#17890);
#17892=EDGE_CURVE('',#8222,#11655,#17891,.T.);
#17893=ORIENTED_EDGE('',*,*,#17892,.F.);
#17894=ORIENTED_EDGE('',*,*,#8227,.F.);
#17895=EDGE_LOOP('',(#17886,#17887,#17893,#17894));
#17896=FACE_BOUND('',#17895,.T.);
#17897=ADVANCED_FACE('',(#17896),#17885,.F.);
#17898=CARTESIAN_POINT('',(11.888,-10.025975269,15.));
#17899=DIRECTION('',(-0.866025404,0.5,0.));
#17900=DIRECTION('',(-0.5,-0.866025404,0.));
#17901=AXIS2_PLACEMENT_3D('',#17898,#17899,#17900);
#17902=PLANE('',#17901);
#17903=ORIENTED_EDGE('',*,*,#17892,.T.);
#17904=ORIENTED_EDGE('',*,*,#11660,.T.);
#17905=CARTESIAN_POINT('',(11.138,-11.325013375,42.));
#17906=DIRECTION('',(0.,0.,1.));
#17907=VECTOR('',#17906,3.);
#17908=LINE('',#17905,#17907);
#17909=EDGE_CURVE('',#8230,#11647,#17908,.T.);
#17910=ORIENTED_EDGE('',*,*,#17909,.F.);
#17911=ORIENTED_EDGE('',*,*,#8235,.F.);
#17912=EDGE_LOOP('',(#17903,#17904,#17910,#17911));
#17913=FACE_BOUND('',#17912,.T.);
#17914=ADVANCED_FACE('',(#17913),#17902,.F.);
#17915=CARTESIAN_POINT('',(11.888,-12.624051481,15.));
#17916=DIRECTION('',(-0.866025404,-0.5,0.));
#17917=DIRECTION('',(0.5,-0.866025404,0.));
#17918=AXIS2_PLACEMENT_3D('',#17915,#17916,#17917);
#17919=PLANE('',#17918);
#17920=ORIENTED_EDGE('',*,*,#17909,.T.);
#17921=ORIENTED_EDGE('',*,*,#11652,.T.);
#17922=CARTESIAN_POINT('',(12.638,-13.923089586,42.));
#17923=DIRECTION('',(0.,0.,1.));
#17924=VECTOR('',#17923,3.);
#17925=LINE('',#17922,#17924);
#17926=EDGE_CURVE('',#8196,#11639,#17925,.T.);
#17927=ORIENTED_EDGE('',*,*,#17926,.F.);
#17928=ORIENTED_EDGE('',*,*,#8241,.F.);
#17929=EDGE_LOOP('',(#17920,#17921,#17927,#17928));
#17930=FACE_BOUND('',#17929,.T.);
#17931=ADVANCED_FACE('',(#17930),#17919,.F.);
#17932=CARTESIAN_POINT('',(14.138,-13.923089586,15.));
#17933=DIRECTION('',(0.,-1.,0.));
#17934=DIRECTION('',(1.,0.,0.));
#17935=AXIS2_PLACEMENT_3D('',#17932,#17933,#17934);
#17936=PLANE('',#17935);
#17937=ORIENTED_EDGE('',*,*,#17926,.T.);
#17938=ORIENTED_EDGE('',*,*,#11644,.T.);
#17939=ORIENTED_EDGE('',*,*,#17851,.F.);
#17940=ORIENTED_EDGE('',*,*,#8203,.F.);
#17941=EDGE_LOOP('',(#17937,#17938,#17939,#17940));
#17942=FACE_BOUND('',#17941,.T.);
#17943=ADVANCED_FACE('',(#17942),#17936,.F.);
#17944=CARTESIAN_POINT('',(16.388,14.964548519,15.));
#17945=DIRECTION('',(0.866025404,-0.5,0.));
#17946=DIRECTION('',(0.5,0.866025404,0.));
#17947=AXIS2_PLACEMENT_3D('',#17944,#17945,#17946);
#17948=PLANE('',#17947);
#17949=CARTESIAN_POINT('',(15.638,13.665510414,42.));
#17950=DIRECTION('',(0.,0.,1.));
#17951=VECTOR('',#17950,3.);
#17952=LINE('',#17949,#17951);
#17953=EDGE_CURVE('',#8148,#11579,#17952,.T.);
#17954=ORIENTED_EDGE('',*,*,#17953,.T.);
#17955=ORIENTED_EDGE('',*,*,#11586,.T.);
#17956=CARTESIAN_POINT('',(17.138,16.263586625,42.));
#17957=DIRECTION('',(0.,0.,1.));
#17958=VECTOR('',#17957,3.);
#17959=LINE('',#17956,#17958);
#17960=EDGE_CURVE('',#8156,#11581,#17959,.T.);
#17961=ORIENTED_EDGE('',*,*,#17960,.F.);
#17962=ORIENTED_EDGE('',*,*,#8161,.F.);
#17963=EDGE_LOOP('',(#17954,#17955,#17961,#17962));
#17964=FACE_BOUND('',#17963,.T.);
#17965=ADVANCED_FACE('',(#17964),#17948,.F.);
#17966=CARTESIAN_POINT('',(16.388,17.562624731,15.));
#17967=DIRECTION('',(0.866025404,0.5,0.));
#17968=DIRECTION('',(-0.5,0.866025404,0.));
#17969=AXIS2_PLACEMENT_3D('',#17966,#17967,#17968);
#17970=PLANE('',#17969);
#17971=ORIENTED_EDGE('',*,*,#17960,.T.);
#17972=ORIENTED_EDGE('',*,*,#11624,.T.);
#17973=CARTESIAN_POINT('',(15.638,18.861662836,42.));
#17974=DIRECTION('',(0.,0.,1.));
#17975=VECTOR('',#17974,3.);
#17976=LINE('',#17973,#17975);
#17977=EDGE_CURVE('',#8164,#11613,#17976,.T.);
#17978=ORIENTED_EDGE('',*,*,#17977,.F.);
#17979=ORIENTED_EDGE('',*,*,#8169,.F.);
#17980=EDGE_LOOP('',(#17971,#17972,#17978,#17979));
#17981=FACE_BOUND('',#17980,.T.);
#17982=ADVANCED_FACE('',(#17981),#17970,.F.);
#17983=CARTESIAN_POINT('',(14.138,18.861662836,15.));
#17984=DIRECTION('',(0.,1.,0.));
#17985=DIRECTION('',(0.,0.,1.));
#17986=AXIS2_PLACEMENT_3D('',#17983,#17984,#17985);
#17987=PLANE('',#17986);
#17988=ORIENTED_EDGE('',*,*,#17977,.T.);
#17989=ORIENTED_EDGE('',*,*,#11618,.T.);
#17990=CARTESIAN_POINT('',(12.638,18.861662836,42.));
#17991=DIRECTION('',(0.,0.,1.));
#17992=VECTOR('',#17991,3.);
#17993=LINE('',#17990,#17992);
#17994=EDGE_CURVE('',#8172,#11605,#17993,.T.);
#17995=ORIENTED_EDGE('',*,*,#17994,.F.);
#17996=ORIENTED_EDGE('',*,*,#8177,.F.);
#17997=EDGE_LOOP('',(#17988,#17989,#17995,#17996));
#17998=FACE_BOUND('',#17997,.T.);
#17999=ADVANCED_FACE('',(#17998),#17987,.F.);
#18000=CARTESIAN_POINT('',(11.888,17.562624731,15.));
#18001=DIRECTION('',(-0.866025404,0.5,0.));
#18002=DIRECTION('',(-0.5,-0.866025404,0.));
#18003=AXIS2_PLACEMENT_3D('',#18000,#18001,#18002);
#18004=PLANE('',#18003);
#18005=ORIENTED_EDGE('',*,*,#17994,.T.);
#18006=ORIENTED_EDGE('',*,*,#11610,.T.);
#18007=CARTESIAN_POINT('',(11.138,16.263586625,42.));
#18008=DIRECTION('',(0.,0.,1.));
#18009=VECTOR('',#18008,3.);
#18010=LINE('',#18007,#18009);
#18011=EDGE_CURVE('',#8180,#11597,#18010,.T.);
#18012=ORIENTED_EDGE('',*,*,#18011,.F.);
#18013=ORIENTED_EDGE('',*,*,#8185,.F.);
#18014=EDGE_LOOP('',(#18005,#18006,#18012,#18013));
#18015=FACE_BOUND('',#18014,.T.);
#18016=ADVANCED_FACE('',(#18015),#18004,.F.);
#18017=CARTESIAN_POINT('',(11.888,14.964548519,15.));
#18018=DIRECTION('',(-0.866025404,-0.5,0.));
#18019=DIRECTION('',(0.5,-0.866025404,0.));
#18020=AXIS2_PLACEMENT_3D('',#18017,#18018,#18019);
#18021=PLANE('',#18020);
#18022=ORIENTED_EDGE('',*,*,#18011,.T.);
#18023=ORIENTED_EDGE('',*,*,#11602,.T.);
#18024=CARTESIAN_POINT('',(12.638,13.665510414,42.));
#18025=DIRECTION('',(0.,0.,1.));
#18026=VECTOR('',#18025,3.);
#18027=LINE('',#18024,#18026);
#18028=EDGE_CURVE('',#8146,#11589,#18027,.T.);
#18029=ORIENTED_EDGE('',*,*,#18028,.F.);
#18030=ORIENTED_EDGE('',*,*,#8191,.F.);
#18031=EDGE_LOOP('',(#18022,#18023,#18029,#18030));
#18032=FACE_BOUND('',#18031,.T.);
#18033=ADVANCED_FACE('',(#18032),#18021,.F.);
#18034=CARTESIAN_POINT('',(14.138,13.665510414,15.));
#18035=DIRECTION('',(0.,-1.,0.));
#18036=DIRECTION('',(1.,0.,0.));
#18037=AXIS2_PLACEMENT_3D('',#18034,#18035,#18036);
#18038=PLANE('',#18037);
#18039=ORIENTED_EDGE('',*,*,#18028,.T.);
#18040=ORIENTED_EDGE('',*,*,#11594,.T.);
#18041=ORIENTED_EDGE('',*,*,#17953,.F.);
#18042=ORIENTED_EDGE('',*,*,#8153,.F.);
#18043=EDGE_LOOP('',(#18039,#18040,#18041,#18042));
#18044=FACE_BOUND('',#18043,.T.);
#18045=ADVANCED_FACE('',(#18044),#18038,.F.);
#18046=CARTESIAN_POINT('',(22.0432,-44.810727692,15.));
#18047=DIRECTION('',(0.866025404,-0.5,0.));
#18048=DIRECTION('',(0.5,0.866025404,0.));
#18049=AXIS2_PLACEMENT_3D('',#18046,#18047,#18048);
#18050=PLANE('',#18049);
#18051=CARTESIAN_POINT('',(21.2932,-46.109765798,42.));
#18052=DIRECTION('',(0.,0.,1.));
#18053=VECTOR('',#18052,3.);
#18054=LINE('',#18051,#18053);
#18055=EDGE_CURVE('',#8098,#11529,#18054,.T.);
#18056=ORIENTED_EDGE('',*,*,#18055,.T.);
#18057=ORIENTED_EDGE('',*,*,#11536,.T.);
#18058=CARTESIAN_POINT('',(22.7932,-43.511689586,42.));
#18059=DIRECTION('',(0.,0.,1.));
#18060=VECTOR('',#18059,3.);
#18061=LINE('',#18058,#18060);
#18062=EDGE_CURVE('',#8106,#11531,#18061,.T.);
#18063=ORIENTED_EDGE('',*,*,#18062,.F.);
#18064=ORIENTED_EDGE('',*,*,#8111,.F.);
#18065=EDGE_LOOP('',(#18056,#18057,#18063,#18064));
#18066=FACE_BOUND('',#18065,.T.);
#18067=ADVANCED_FACE('',(#18066),#18050,.F.);
#18068=CARTESIAN_POINT('',(22.0432,-42.212651481,15.));
#18069=DIRECTION('',(0.866025404,0.5,0.));
#18070=DIRECTION('',(-0.5,0.866025404,0.));
#18071=AXIS2_PLACEMENT_3D('',#18068,#18069,#18070);
#18072=PLANE('',#18071);
#18073=ORIENTED_EDGE('',*,*,#18062,.T.);
#18074=ORIENTED_EDGE('',*,*,#11574,.T.);
#18075=CARTESIAN_POINT('',(21.2932,-40.913613375,42.));
#18076=DIRECTION('',(0.,0.,1.));
#18077=VECTOR('',#18076,3.);
#18078=LINE('',#18075,#18077);
#18079=EDGE_CURVE('',#8114,#11563,#18078,.T.);
#18080=ORIENTED_EDGE('',*,*,#18079,.F.);
#18081=ORIENTED_EDGE('',*,*,#8119,.F.);
#18082=EDGE_LOOP('',(#18073,#18074,#18080,#18081));
#18083=FACE_BOUND('',#18082,.T.);
#18084=ADVANCED_FACE('',(#18083),#18072,.F.);
#18085=CARTESIAN_POINT('',(19.7932,-40.913613375,15.));
#18086=DIRECTION('',(0.,1.,0.));
#18087=DIRECTION('',(0.,0.,1.));
#18088=AXIS2_PLACEMENT_3D('',#18085,#18086,#18087);
#18089=PLANE('',#18088);
#18090=ORIENTED_EDGE('',*,*,#18079,.T.);
#18091=ORIENTED_EDGE('',*,*,#11568,.T.);
#18092=CARTESIAN_POINT('',(18.2932,-40.913613375,42.));
#18093=DIRECTION('',(0.,0.,1.));
#18094=VECTOR('',#18093,3.);
#18095=LINE('',#18092,#18094);
#18096=EDGE_CURVE('',#8122,#11555,#18095,.T.);
#18097=ORIENTED_EDGE('',*,*,#18096,.F.);
#18098=ORIENTED_EDGE('',*,*,#8127,.F.);
#18099=EDGE_LOOP('',(#18090,#18091,#18097,#18098));
#18100=FACE_BOUND('',#18099,.T.);
#18101=ADVANCED_FACE('',(#18100),#18089,.F.);
#18102=CARTESIAN_POINT('',(17.5432,-42.212651481,15.));
#18103=DIRECTION('',(-0.866025404,0.5,0.));
#18104=DIRECTION('',(-0.5,-0.866025404,0.));
#18105=AXIS2_PLACEMENT_3D('',#18102,#18103,#18104);
#18106=PLANE('',#18105);
#18107=ORIENTED_EDGE('',*,*,#18096,.T.);
#18108=ORIENTED_EDGE('',*,*,#11560,.T.);
#18109=CARTESIAN_POINT('',(16.7932,-43.511689586,42.));
#18110=DIRECTION('',(0.,0.,1.));
#18111=VECTOR('',#18110,3.);
#18112=LINE('',#18109,#18111);
#18113=EDGE_CURVE('',#8130,#11547,#18112,.T.);
#18114=ORIENTED_EDGE('',*,*,#18113,.F.);
#18115=ORIENTED_EDGE('',*,*,#8135,.F.);
#18116=EDGE_LOOP('',(#18107,#18108,#18114,#18115));
#18117=FACE_BOUND('',#18116,.T.);
#18118=ADVANCED_FACE('',(#18117),#18106,.F.);
#18119=CARTESIAN_POINT('',(17.5432,-44.810727692,15.));
#18120=DIRECTION('',(-0.866025404,-0.5,0.));
#18121=DIRECTION('',(0.5,-0.866025404,0.));
#18122=AXIS2_PLACEMENT_3D('',#18119,#18120,#18121);
#18123=PLANE('',#18122);
#18124=ORIENTED_EDGE('',*,*,#18113,.T.);
#18125=ORIENTED_EDGE('',*,*,#11552,.T.);
#18126=CARTESIAN_POINT('',(18.2932,-46.109765798,42.));
#18127=DIRECTION('',(0.,0.,1.));
#18128=VECTOR('',#18127,3.);
#18129=LINE('',#18126,#18128);
#18130=EDGE_CURVE('',#8096,#11539,#18129,.T.);
#18131=ORIENTED_EDGE('',*,*,#18130,.F.);
#18132=ORIENTED_EDGE('',*,*,#8141,.F.);
#18133=EDGE_LOOP('',(#18124,#18125,#18131,#18132));
#18134=FACE_BOUND('',#18133,.T.);
#18135=ADVANCED_FACE('',(#18134),#18123,.F.);
#18136=CARTESIAN_POINT('',(19.7932,-46.109765798,15.));
#18137=DIRECTION('',(0.,-1.,0.));
#18138=DIRECTION('',(0.,0.,-1.));
#18139=AXIS2_PLACEMENT_3D('',#18136,#18137,#18138);
#18140=PLANE('',#18139);
#18141=ORIENTED_EDGE('',*,*,#18130,.T.);
#18142=ORIENTED_EDGE('',*,*,#11544,.T.);
#18143=ORIENTED_EDGE('',*,*,#18055,.F.);
#18144=ORIENTED_EDGE('',*,*,#8103,.F.);
#18145=EDGE_LOOP('',(#18141,#18142,#18143,#18144));
#18146=FACE_BOUND('',#18145,.T.);
#18147=ADVANCED_FACE('',(#18146),#18140,.F.);
#18148=CARTESIAN_POINT('',(-0.5776,1.170272308,15.));
#18149=DIRECTION('',(0.866025404,-0.5,0.));
#18150=DIRECTION('',(0.5,0.866025404,0.));
#18151=AXIS2_PLACEMENT_3D('',#18148,#18149,#18150);
#18152=PLANE('',#18151);
#18153=CARTESIAN_POINT('',(-1.3276,-0.128765798,42.));
#18154=DIRECTION('',(0.,0.,1.));
#18155=VECTOR('',#18154,3.);
#18156=LINE('',#18153,#18155);
#18157=EDGE_CURVE('',#8048,#11479,#18156,.T.);
#18158=ORIENTED_EDGE('',*,*,#18157,.T.);
#18159=ORIENTED_EDGE('',*,*,#11486,.T.);
#18160=CARTESIAN_POINT('',(0.1724,2.469310414,42.));
#18161=DIRECTION('',(0.,0.,1.));
#18162=VECTOR('',#18161,3.);
#18163=LINE('',#18160,#18162);
#18164=EDGE_CURVE('',#8056,#11481,#18163,.T.);
#18165=ORIENTED_EDGE('',*,*,#18164,.F.);
#18166=ORIENTED_EDGE('',*,*,#8061,.F.);
#18167=EDGE_LOOP('',(#18158,#18159,#18165,#18166));
#18168=FACE_BOUND('',#18167,.T.);
#18169=ADVANCED_FACE('',(#18168),#18152,.F.);
#18170=CARTESIAN_POINT('',(-0.5776,3.768348519,15.));
#18171=DIRECTION('',(0.866025404,0.5,0.));
#18172=DIRECTION('',(-0.5,0.866025404,0.));
#18173=AXIS2_PLACEMENT_3D('',#18170,#18171,#18172);
#18174=PLANE('',#18173);
#18175=ORIENTED_EDGE('',*,*,#18164,.T.);
#18176=ORIENTED_EDGE('',*,*,#11524,.T.);
#18177=CARTESIAN_POINT('',(-1.3276,5.067386625,42.));
#18178=DIRECTION('',(0.,0.,1.));
#18179=VECTOR('',#18178,3.);
#18180=LINE('',#18177,#18179);
#18181=EDGE_CURVE('',#8064,#11513,#18180,.T.);
#18182=ORIENTED_EDGE('',*,*,#18181,.F.);
#18183=ORIENTED_EDGE('',*,*,#8069,.F.);
#18184=EDGE_LOOP('',(#18175,#18176,#18182,#18183));
#18185=FACE_BOUND('',#18184,.T.);
#18186=ADVANCED_FACE('',(#18185),#18174,.F.);
#18187=CARTESIAN_POINT('',(-2.8276,5.067386625,15.));
#18188=DIRECTION('',(0.,1.,0.));
#18189=DIRECTION('',(0.,0.,1.));
#18190=AXIS2_PLACEMENT_3D('',#18187,#18188,#18189);
#18191=PLANE('',#18190);
#18192=ORIENTED_EDGE('',*,*,#18181,.T.);
#18193=ORIENTED_EDGE('',*,*,#11518,.T.);
#18194=CARTESIAN_POINT('',(-4.3276,5.067386625,42.));
#18195=DIRECTION('',(0.,0.,1.));
#18196=VECTOR('',#18195,3.);
#18197=LINE('',#18194,#18196);
#18198=EDGE_CURVE('',#8072,#11505,#18197,.T.);
#18199=ORIENTED_EDGE('',*,*,#18198,.F.);
#18200=ORIENTED_EDGE('',*,*,#8077,.F.);
#18201=EDGE_LOOP('',(#18192,#18193,#18199,#18200));
#18202=FACE_BOUND('',#18201,.T.);
#18203=ADVANCED_FACE('',(#18202),#18191,.F.);
#18204=CARTESIAN_POINT('',(-5.0776,3.768348519,15.));
#18205=DIRECTION('',(-0.866025404,0.5,0.));
#18206=DIRECTION('',(-0.5,-0.866025404,0.));
#18207=AXIS2_PLACEMENT_3D('',#18204,#18205,#18206);
#18208=PLANE('',#18207);
#18209=ORIENTED_EDGE('',*,*,#18198,.T.);
#18210=ORIENTED_EDGE('',*,*,#11510,.T.);
#18211=CARTESIAN_POINT('',(-5.8276,2.469310414,42.));
#18212=DIRECTION('',(0.,0.,1.));
#18213=VECTOR('',#18212,3.);
#18214=LINE('',#18211,#18213);
#18215=EDGE_CURVE('',#8080,#11497,#18214,.T.);
#18216=ORIENTED_EDGE('',*,*,#18215,.F.);
#18217=ORIENTED_EDGE('',*,*,#8085,.F.);
#18218=EDGE_LOOP('',(#18209,#18210,#18216,#18217));
#18219=FACE_BOUND('',#18218,.T.);
#18220=ADVANCED_FACE('',(#18219),#18208,.F.);
#18221=CARTESIAN_POINT('',(-5.0776,1.170272308,15.));
#18222=DIRECTION('',(-0.866025404,-0.5,0.));
#18223=DIRECTION('',(0.5,-0.866025404,0.));
#18224=AXIS2_PLACEMENT_3D('',#18221,#18222,#18223);
#18225=PLANE('',#18224);
#18226=ORIENTED_EDGE('',*,*,#18215,.T.);
#18227=ORIENTED_EDGE('',*,*,#11502,.T.);
#18228=CARTESIAN_POINT('',(-4.3276,-0.128765798,42.));
#18229=DIRECTION('',(0.,0.,1.));
#18230=VECTOR('',#18229,3.);
#18231=LINE('',#18228,#18230);
#18232=EDGE_CURVE('',#8046,#11489,#18231,.T.);
#18233=ORIENTED_EDGE('',*,*,#18232,.F.);
#18234=ORIENTED_EDGE('',*,*,#8091,.F.);
#18235=EDGE_LOOP('',(#18226,#18227,#18233,#18234));
#18236=FACE_BOUND('',#18235,.T.);
#18237=ADVANCED_FACE('',(#18236),#18225,.F.);
#18238=CARTESIAN_POINT('',(-2.8276,-0.128765798,15.));
#18239=DIRECTION('',(0.,-1.,0.));
#18240=DIRECTION('',(1.,0.,0.));
#18241=AXIS2_PLACEMENT_3D('',#18238,#18239,#18240);
#18242=PLANE('',#18241);
#18243=ORIENTED_EDGE('',*,*,#18232,.T.);
#18244=ORIENTED_EDGE('',*,*,#11494,.T.);
#18245=ORIENTED_EDGE('',*,*,#18157,.F.);
#18246=ORIENTED_EDGE('',*,*,#8053,.F.);
#18247=EDGE_LOOP('',(#18243,#18244,#18245,#18246));
#18248=FACE_BOUND('',#18247,.T.);
#18249=ADVANCED_FACE('',(#18248),#18242,.F.);
#18250=CARTESIAN_POINT('',(-0.5776,10.366472308,15.));
#18251=DIRECTION('',(0.866025404,-0.5,0.));
#18252=DIRECTION('',(0.5,0.866025404,0.));
#18253=AXIS2_PLACEMENT_3D('',#18250,#18251,#18252);
#18254=PLANE('',#18253);
#18255=CARTESIAN_POINT('',(-1.3276,9.067434202,42.));
#18256=DIRECTION('',(0.,0.,1.));
#18257=VECTOR('',#18256,3.);
#18258=LINE('',#18255,#18257);
#18259=EDGE_CURVE('',#7998,#11429,#18258,.T.);
#18260=ORIENTED_EDGE('',*,*,#18259,.T.);
#18261=ORIENTED_EDGE('',*,*,#11436,.T.);
#18262=CARTESIAN_POINT('',(0.1724,11.665510414,42.));
#18263=DIRECTION('',(0.,0.,1.));
#18264=VECTOR('',#18263,3.);
#18265=LINE('',#18262,#18264);
#18266=EDGE_CURVE('',#8006,#11431,#18265,.T.);
#18267=ORIENTED_EDGE('',*,*,#18266,.F.);
#18268=ORIENTED_EDGE('',*,*,#8011,.F.);
#18269=EDGE_LOOP('',(#18260,#18261,#18267,#18268));
#18270=FACE_BOUND('',#18269,.T.);
#18271=ADVANCED_FACE('',(#18270),#18254,.F.);
#18272=CARTESIAN_POINT('',(-0.5776,12.964548519,15.));
#18273=DIRECTION('',(0.866025404,0.5,0.));
#18274=DIRECTION('',(-0.5,0.866025404,0.));
#18275=AXIS2_PLACEMENT_3D('',#18272,#18273,#18274);
#18276=PLANE('',#18275);
#18277=ORIENTED_EDGE('',*,*,#18266,.T.);
#18278=ORIENTED_EDGE('',*,*,#11474,.T.);
#18279=CARTESIAN_POINT('',(-1.3276,14.263586625,42.));
#18280=DIRECTION('',(0.,0.,1.));
#18281=VECTOR('',#18280,3.);
#18282=LINE('',#18279,#18281);
#18283=EDGE_CURVE('',#8014,#11463,#18282,.T.);
#18284=ORIENTED_EDGE('',*,*,#18283,.F.);
#18285=ORIENTED_EDGE('',*,*,#8019,.F.);
#18286=EDGE_LOOP('',(#18277,#18278,#18284,#18285));
#18287=FACE_BOUND('',#18286,.T.);
#18288=ADVANCED_FACE('',(#18287),#18276,.F.);
#18289=CARTESIAN_POINT('',(-2.8276,14.263586625,15.));
#18290=DIRECTION('',(0.,1.,0.));
#18291=DIRECTION('',(0.,0.,1.));
#18292=AXIS2_PLACEMENT_3D('',#18289,#18290,#18291);
#18293=PLANE('',#18292);
#18294=ORIENTED_EDGE('',*,*,#18283,.T.);
#18295=ORIENTED_EDGE('',*,*,#11468,.T.);
#18296=CARTESIAN_POINT('',(-4.3276,14.263586625,42.));
#18297=DIRECTION('',(0.,0.,1.));
#18298=VECTOR('',#18297,3.);
#18299=LINE('',#18296,#18298);
#18300=EDGE_CURVE('',#8022,#11455,#18299,.T.);
#18301=ORIENTED_EDGE('',*,*,#18300,.F.);
#18302=ORIENTED_EDGE('',*,*,#8027,.F.);
#18303=EDGE_LOOP('',(#18294,#18295,#18301,#18302));
#18304=FACE_BOUND('',#18303,.T.);
#18305=ADVANCED_FACE('',(#18304),#18293,.F.);
#18306=CARTESIAN_POINT('',(-5.0776,12.964548519,15.));
#18307=DIRECTION('',(-0.866025404,0.5,0.));
#18308=DIRECTION('',(-0.5,-0.866025404,0.));
#18309=AXIS2_PLACEMENT_3D('',#18306,#18307,#18308);
#18310=PLANE('',#18309);
#18311=ORIENTED_EDGE('',*,*,#18300,.T.);
#18312=ORIENTED_EDGE('',*,*,#11460,.T.);
#18313=CARTESIAN_POINT('',(-5.8276,11.665510414,42.));
#18314=DIRECTION('',(0.,0.,1.));
#18315=VECTOR('',#18314,3.);
#18316=LINE('',#18313,#18315);
#18317=EDGE_CURVE('',#8030,#11447,#18316,.T.);
#18318=ORIENTED_EDGE('',*,*,#18317,.F.);
#18319=ORIENTED_EDGE('',*,*,#8035,.F.);
#18320=EDGE_LOOP('',(#18311,#18312,#18318,#18319));
#18321=FACE_BOUND('',#18320,.T.);
#18322=ADVANCED_FACE('',(#18321),#18310,.F.);
#18323=CARTESIAN_POINT('',(-5.0776,10.366472308,15.));
#18324=DIRECTION('',(-0.866025404,-0.5,0.));
#18325=DIRECTION('',(0.5,-0.866025404,0.));
#18326=AXIS2_PLACEMENT_3D('',#18323,#18324,#18325);
#18327=PLANE('',#18326);
#18328=ORIENTED_EDGE('',*,*,#18317,.T.);
#18329=ORIENTED_EDGE('',*,*,#11452,.T.);
#18330=CARTESIAN_POINT('',(-4.3276,9.067434202,42.));
#18331=DIRECTION('',(0.,0.,1.));
#18332=VECTOR('',#18331,3.);
#18333=LINE('',#18330,#18332);
#18334=EDGE_CURVE('',#7996,#11439,#18333,.T.);
#18335=ORIENTED_EDGE('',*,*,#18334,.F.);
#18336=ORIENTED_EDGE('',*,*,#8041,.F.);
#18337=EDGE_LOOP('',(#18328,#18329,#18335,#18336));
#18338=FACE_BOUND('',#18337,.T.);
#18339=ADVANCED_FACE('',(#18338),#18327,.F.);
#18340=CARTESIAN_POINT('',(-2.8276,9.067434202,15.));
#18341=DIRECTION('',(0.,-1.,0.));
#18342=DIRECTION('',(1.,0.,0.));
#18343=AXIS2_PLACEMENT_3D('',#18340,#18341,#18342);
#18344=PLANE('',#18343);
#18345=ORIENTED_EDGE('',*,*,#18334,.T.);
#18346=ORIENTED_EDGE('',*,*,#11444,.T.);
#18347=ORIENTED_EDGE('',*,*,#18259,.F.);
#18348=ORIENTED_EDGE('',*,*,#8003,.F.);
#18349=EDGE_LOOP('',(#18345,#18346,#18347,#18348));
#18350=FACE_BOUND('',#18349,.T.);
#18351=ADVANCED_FACE('',(#18350),#18344,.F.);
#18352=CARTESIAN_POINT('',(10.7328,19.562672308,15.));
#18353=DIRECTION('',(0.866025404,-0.5,0.));
#18354=DIRECTION('',(0.5,0.866025404,0.));
#18355=AXIS2_PLACEMENT_3D('',#18352,#18353,#18354);
#18356=PLANE('',#18355);
#18357=CARTESIAN_POINT('',(9.9828,18.263634202,42.));
#18358=DIRECTION('',(0.,0.,1.));
#18359=VECTOR('',#18358,3.);
#18360=LINE('',#18357,#18359);
#18361=EDGE_CURVE('',#7948,#11379,#18360,.T.);
#18362=ORIENTED_EDGE('',*,*,#18361,.T.);
#18363=ORIENTED_EDGE('',*,*,#11386,.T.);
#18364=CARTESIAN_POINT('',(11.4828,20.861710414,42.));
#18365=DIRECTION('',(0.,0.,1.));
#18366=VECTOR('',#18365,3.);
#18367=LINE('',#18364,#18366);
#18368=EDGE_CURVE('',#7956,#11381,#18367,.T.);
#18369=ORIENTED_EDGE('',*,*,#18368,.F.);
#18370=ORIENTED_EDGE('',*,*,#7961,.F.);
#18371=EDGE_LOOP('',(#18362,#18363,#18369,#18370));
#18372=FACE_BOUND('',#18371,.T.);
#18373=ADVANCED_FACE('',(#18372),#18356,.F.);
#18374=CARTESIAN_POINT('',(10.7328,22.160748519,15.));
#18375=DIRECTION('',(0.866025404,0.5,0.));
#18376=DIRECTION('',(-0.5,0.866025404,0.));
#18377=AXIS2_PLACEMENT_3D('',#18374,#18375,#18376);
#18378=PLANE('',#18377);
#18379=ORIENTED_EDGE('',*,*,#18368,.T.);
#18380=ORIENTED_EDGE('',*,*,#11424,.T.);
#18381=CARTESIAN_POINT('',(9.9828,23.459786625,42.));
#18382=DIRECTION('',(0.,0.,1.));
#18383=VECTOR('',#18382,3.);
#18384=LINE('',#18381,#18383);
#18385=EDGE_CURVE('',#7964,#11413,#18384,.T.);
#18386=ORIENTED_EDGE('',*,*,#18385,.F.);
#18387=ORIENTED_EDGE('',*,*,#7969,.F.);
#18388=EDGE_LOOP('',(#18379,#18380,#18386,#18387));
#18389=FACE_BOUND('',#18388,.T.);
#18390=ADVANCED_FACE('',(#18389),#18378,.F.);
#18391=CARTESIAN_POINT('',(8.4828,23.459786625,15.));
#18392=DIRECTION('',(0.,1.,0.));
#18393=DIRECTION('',(0.,0.,1.));
#18394=AXIS2_PLACEMENT_3D('',#18391,#18392,#18393);
#18395=PLANE('',#18394);
#18396=ORIENTED_EDGE('',*,*,#18385,.T.);
#18397=ORIENTED_EDGE('',*,*,#11418,.T.);
#18398=CARTESIAN_POINT('',(6.9828,23.459786625,42.));
#18399=DIRECTION('',(0.,0.,1.));
#18400=VECTOR('',#18399,3.);
#18401=LINE('',#18398,#18400);
#18402=EDGE_CURVE('',#7972,#11405,#18401,.T.);
#18403=ORIENTED_EDGE('',*,*,#18402,.F.);
#18404=ORIENTED_EDGE('',*,*,#7977,.F.);
#18405=EDGE_LOOP('',(#18396,#18397,#18403,#18404));
#18406=FACE_BOUND('',#18405,.T.);
#18407=ADVANCED_FACE('',(#18406),#18395,.F.);
#18408=CARTESIAN_POINT('',(6.2328,22.160748519,15.));
#18409=DIRECTION('',(-0.866025404,0.5,0.));
#18410=DIRECTION('',(-0.5,-0.866025404,0.));
#18411=AXIS2_PLACEMENT_3D('',#18408,#18409,#18410);
#18412=PLANE('',#18411);
#18413=ORIENTED_EDGE('',*,*,#18402,.T.);
#18414=ORIENTED_EDGE('',*,*,#11410,.T.);
#18415=CARTESIAN_POINT('',(5.4828,20.861710414,42.));
#18416=DIRECTION('',(0.,0.,1.));
#18417=VECTOR('',#18416,3.);
#18418=LINE('',#18415,#18417);
#18419=EDGE_CURVE('',#7980,#11397,#18418,.T.);
#18420=ORIENTED_EDGE('',*,*,#18419,.F.);
#18421=ORIENTED_EDGE('',*,*,#7985,.F.);
#18422=EDGE_LOOP('',(#18413,#18414,#18420,#18421));
#18423=FACE_BOUND('',#18422,.T.);
#18424=ADVANCED_FACE('',(#18423),#18412,.F.);
#18425=CARTESIAN_POINT('',(6.2328,19.562672308,15.));
#18426=DIRECTION('',(-0.866025404,-0.5,0.));
#18427=DIRECTION('',(0.5,-0.866025404,0.));
#18428=AXIS2_PLACEMENT_3D('',#18425,#18426,#18427);
#18429=PLANE('',#18428);
#18430=ORIENTED_EDGE('',*,*,#18419,.T.);
#18431=ORIENTED_EDGE('',*,*,#11402,.T.);
#18432=CARTESIAN_POINT('',(6.9828,18.263634202,42.));
#18433=DIRECTION('',(0.,0.,1.));
#18434=VECTOR('',#18433,3.);
#18435=LINE('',#18432,#18434);
#18436=EDGE_CURVE('',#7946,#11389,#18435,.T.);
#18437=ORIENTED_EDGE('',*,*,#18436,.F.);
#18438=ORIENTED_EDGE('',*,*,#7991,.F.);
#18439=EDGE_LOOP('',(#18430,#18431,#18437,#18438));
#18440=FACE_BOUND('',#18439,.T.);
#18441=ADVANCED_FACE('',(#18440),#18429,.F.);
#18442=CARTESIAN_POINT('',(8.4828,18.263634202,15.));
#18443=DIRECTION('',(0.,-1.,0.));
#18444=DIRECTION('',(1.,0.,0.));
#18445=AXIS2_PLACEMENT_3D('',#18442,#18443,#18444);
#18446=PLANE('',#18445);
#18447=ORIENTED_EDGE('',*,*,#18436,.T.);
#18448=ORIENTED_EDGE('',*,*,#11394,.T.);
#18449=ORIENTED_EDGE('',*,*,#18361,.F.);
#18450=ORIENTED_EDGE('',*,*,#7953,.F.);
#18451=EDGE_LOOP('',(#18447,#18448,#18449,#18450));
#18452=FACE_BOUND('',#18451,.T.);
#18453=ADVANCED_FACE('',(#18452),#18446,.F.);
#18454=CARTESIAN_POINT('',(-6.2328,-3.427851481,15.));
#18455=DIRECTION('',(0.866025404,-0.5,0.));
#18456=DIRECTION('',(0.5,0.866025404,0.));
#18457=AXIS2_PLACEMENT_3D('',#18454,#18455,#18456);
#18458=PLANE('',#18457);
#18459=CARTESIAN_POINT('',(-6.9828,-4.726889586,42.));
#18460=DIRECTION('',(0.,0.,1.));
#18461=VECTOR('',#18460,3.);
#18462=LINE('',#18459,#18461);
#18463=EDGE_CURVE('',#7898,#11329,#18462,.T.);
#18464=ORIENTED_EDGE('',*,*,#18463,.T.);
#18465=ORIENTED_EDGE('',*,*,#11336,.T.);
#18466=CARTESIAN_POINT('',(-5.4828,-2.128813375,42.));
#18467=DIRECTION('',(0.,0.,1.));
#18468=VECTOR('',#18467,3.);
#18469=LINE('',#18466,#18468);
#18470=EDGE_CURVE('',#7906,#11331,#18469,.T.);
#18471=ORIENTED_EDGE('',*,*,#18470,.F.);
#18472=ORIENTED_EDGE('',*,*,#7911,.F.);
#18473=EDGE_LOOP('',(#18464,#18465,#18471,#18472));
#18474=FACE_BOUND('',#18473,.T.);
#18475=ADVANCED_FACE('',(#18474),#18458,.F.);
#18476=CARTESIAN_POINT('',(-6.2328,-0.829775269,15.));
#18477=DIRECTION('',(0.866025404,0.5,0.));
#18478=DIRECTION('',(-0.5,0.866025404,0.));
#18479=AXIS2_PLACEMENT_3D('',#18476,#18477,#18478);
#18480=PLANE('',#18479);
#18481=ORIENTED_EDGE('',*,*,#18470,.T.);
#18482=ORIENTED_EDGE('',*,*,#11374,.T.);
#18483=CARTESIAN_POINT('',(-6.9828,0.469262836,42.));
#18484=DIRECTION('',(0.,0.,1.));
#18485=VECTOR('',#18484,3.);
#18486=LINE('',#18483,#18485);
#18487=EDGE_CURVE('',#7914,#11363,#18486,.T.);
#18488=ORIENTED_EDGE('',*,*,#18487,.F.);
#18489=ORIENTED_EDGE('',*,*,#7919,.F.);
#18490=EDGE_LOOP('',(#18481,#18482,#18488,#18489));
#18491=FACE_BOUND('',#18490,.T.);
#18492=ADVANCED_FACE('',(#18491),#18480,.F.);
#18493=CARTESIAN_POINT('',(-8.4828,0.469262836,15.));
#18494=DIRECTION('',(0.,1.,0.));
#18495=DIRECTION('',(0.,0.,1.));
#18496=AXIS2_PLACEMENT_3D('',#18493,#18494,#18495);
#18497=PLANE('',#18496);
#18498=ORIENTED_EDGE('',*,*,#18487,.T.);
#18499=ORIENTED_EDGE('',*,*,#11368,.T.);
#18500=CARTESIAN_POINT('',(-9.9828,0.469262836,42.));
#18501=DIRECTION('',(0.,0.,1.));
#18502=VECTOR('',#18501,3.);
#18503=LINE('',#18500,#18502);
#18504=EDGE_CURVE('',#7922,#11355,#18503,.T.);
#18505=ORIENTED_EDGE('',*,*,#18504,.F.);
#18506=ORIENTED_EDGE('',*,*,#7927,.F.);
#18507=EDGE_LOOP('',(#18498,#18499,#18505,#18506));
#18508=FACE_BOUND('',#18507,.T.);
#18509=ADVANCED_FACE('',(#18508),#18497,.F.);
#18510=CARTESIAN_POINT('',(-10.7328,-0.829775269,15.));
#18511=DIRECTION('',(-0.866025404,0.5,0.));
#18512=DIRECTION('',(-0.5,-0.866025404,0.));
#18513=AXIS2_PLACEMENT_3D('',#18510,#18511,#18512);
#18514=PLANE('',#18513);
#18515=ORIENTED_EDGE('',*,*,#18504,.T.);
#18516=ORIENTED_EDGE('',*,*,#11360,.T.);
#18517=CARTESIAN_POINT('',(-11.4828,-2.128813375,42.));
#18518=DIRECTION('',(0.,0.,1.));
#18519=VECTOR('',#18518,3.);
#18520=LINE('',#18517,#18519);
#18521=EDGE_CURVE('',#7930,#11347,#18520,.T.);
#18522=ORIENTED_EDGE('',*,*,#18521,.F.);
#18523=ORIENTED_EDGE('',*,*,#7935,.F.);
#18524=EDGE_LOOP('',(#18515,#18516,#18522,#18523));
#18525=FACE_BOUND('',#18524,.T.);
#18526=ADVANCED_FACE('',(#18525),#18514,.F.);
#18527=CARTESIAN_POINT('',(-10.7328,-3.427851481,15.));
#18528=DIRECTION('',(-0.866025404,-0.5,0.));
#18529=DIRECTION('',(0.5,-0.866025404,0.));
#18530=AXIS2_PLACEMENT_3D('',#18527,#18528,#18529);
#18531=PLANE('',#18530);
#18532=ORIENTED_EDGE('',*,*,#18521,.T.);
#18533=ORIENTED_EDGE('',*,*,#11352,.T.);
#18534=CARTESIAN_POINT('',(-9.9828,-4.726889586,42.));
#18535=DIRECTION('',(0.,0.,1.));
#18536=VECTOR('',#18535,3.);
#18537=LINE('',#18534,#18536);
#18538=EDGE_CURVE('',#7896,#11339,#18537,.T.);
#18539=ORIENTED_EDGE('',*,*,#18538,.F.);
#18540=ORIENTED_EDGE('',*,*,#7941,.F.);
#18541=EDGE_LOOP('',(#18532,#18533,#18539,#18540));
#18542=FACE_BOUND('',#18541,.T.);
#18543=ADVANCED_FACE('',(#18542),#18531,.F.);
#18544=CARTESIAN_POINT('',(-8.4828,-4.726889586,15.));
#18545=DIRECTION('',(0.,-1.,0.));
#18546=DIRECTION('',(1.,0.,0.));
#18547=AXIS2_PLACEMENT_3D('',#18544,#18545,#18546);
#18548=PLANE('',#18547);
#18549=ORIENTED_EDGE('',*,*,#18538,.T.);
#18550=ORIENTED_EDGE('',*,*,#11344,.T.);
#18551=ORIENTED_EDGE('',*,*,#18463,.F.);
#18552=ORIENTED_EDGE('',*,*,#7903,.F.);
#18553=EDGE_LOOP('',(#18549,#18550,#18551,#18552));
#18554=FACE_BOUND('',#18553,.T.);
#18555=ADVANCED_FACE('',(#18554),#18548,.F.);
#18556=CARTESIAN_POINT('',(5.0776,5.768348519,15.));
#18557=DIRECTION('',(0.866025404,-0.5,0.));
#18558=DIRECTION('',(0.5,0.866025404,0.));
#18559=AXIS2_PLACEMENT_3D('',#18556,#18557,#18558);
#18560=PLANE('',#18559);
#18561=CARTESIAN_POINT('',(4.3276,4.469310414,42.));
#18562=DIRECTION('',(0.,0.,1.));
#18563=VECTOR('',#18562,3.);
#18564=LINE('',#18561,#18563);
#18565=EDGE_CURVE('',#7848,#11279,#18564,.T.);
#18566=ORIENTED_EDGE('',*,*,#18565,.T.);
#18567=ORIENTED_EDGE('',*,*,#11286,.T.);
#18568=CARTESIAN_POINT('',(5.8276,7.067386625,42.));
#18569=DIRECTION('',(0.,0.,1.));
#18570=VECTOR('',#18569,3.);
#18571=LINE('',#18568,#18570);
#18572=EDGE_CURVE('',#7856,#11281,#18571,.T.);
#18573=ORIENTED_EDGE('',*,*,#18572,.F.);
#18574=ORIENTED_EDGE('',*,*,#7861,.F.);
#18575=EDGE_LOOP('',(#18566,#18567,#18573,#18574));
#18576=FACE_BOUND('',#18575,.T.);
#18577=ADVANCED_FACE('',(#18576),#18560,.F.);
#18578=CARTESIAN_POINT('',(5.0776,8.366424731,15.));
#18579=DIRECTION('',(0.866025404,0.5,0.));
#18580=DIRECTION('',(-0.5,0.866025404,0.));
#18581=AXIS2_PLACEMENT_3D('',#18578,#18579,#18580);
#18582=PLANE('',#18581);
#18583=ORIENTED_EDGE('',*,*,#18572,.T.);
#18584=ORIENTED_EDGE('',*,*,#11324,.T.);
#18585=CARTESIAN_POINT('',(4.3276,9.665462836,42.));
#18586=DIRECTION('',(0.,0.,1.));
#18587=VECTOR('',#18586,3.);
#18588=LINE('',#18585,#18587);
#18589=EDGE_CURVE('',#7864,#11313,#18588,.T.);
#18590=ORIENTED_EDGE('',*,*,#18589,.F.);
#18591=ORIENTED_EDGE('',*,*,#7869,.F.);
#18592=EDGE_LOOP('',(#18583,#18584,#18590,#18591));
#18593=FACE_BOUND('',#18592,.T.);
#18594=ADVANCED_FACE('',(#18593),#18582,.F.);
#18595=CARTESIAN_POINT('',(2.8276,9.665462836,15.));
#18596=DIRECTION('',(0.,1.,0.));
#18597=DIRECTION('',(0.,0.,1.));
#18598=AXIS2_PLACEMENT_3D('',#18595,#18596,#18597);
#18599=PLANE('',#18598);
#18600=ORIENTED_EDGE('',*,*,#18589,.T.);
#18601=ORIENTED_EDGE('',*,*,#11318,.T.);
#18602=CARTESIAN_POINT('',(1.3276,9.665462836,42.));
#18603=DIRECTION('',(0.,0.,1.));
#18604=VECTOR('',#18603,3.);
#18605=LINE('',#18602,#18604);
#18606=EDGE_CURVE('',#7872,#11305,#18605,.T.);
#18607=ORIENTED_EDGE('',*,*,#18606,.F.);
#18608=ORIENTED_EDGE('',*,*,#7877,.F.);
#18609=EDGE_LOOP('',(#18600,#18601,#18607,#18608));
#18610=FACE_BOUND('',#18609,.T.);
#18611=ADVANCED_FACE('',(#18610),#18599,.F.);
#18612=CARTESIAN_POINT('',(0.5776,8.366424731,15.));
#18613=DIRECTION('',(-0.866025404,0.5,0.));
#18614=DIRECTION('',(-0.5,-0.866025404,0.));
#18615=AXIS2_PLACEMENT_3D('',#18612,#18613,#18614);
#18616=PLANE('',#18615);
#18617=ORIENTED_EDGE('',*,*,#18606,.T.);
#18618=ORIENTED_EDGE('',*,*,#11310,.T.);
#18619=CARTESIAN_POINT('',(-0.1724,7.067386625,42.));
#18620=DIRECTION('',(0.,0.,1.));
#18621=VECTOR('',#18620,3.);
#18622=LINE('',#18619,#18621);
#18623=EDGE_CURVE('',#7880,#11297,#18622,.T.);
#18624=ORIENTED_EDGE('',*,*,#18623,.F.);
#18625=ORIENTED_EDGE('',*,*,#7885,.F.);
#18626=EDGE_LOOP('',(#18617,#18618,#18624,#18625));
#18627=FACE_BOUND('',#18626,.T.);
#18628=ADVANCED_FACE('',(#18627),#18616,.F.);
#18629=CARTESIAN_POINT('',(0.5776,5.768348519,15.));
#18630=DIRECTION('',(-0.866025404,-0.5,0.));
#18631=DIRECTION('',(0.5,-0.866025404,0.));
#18632=AXIS2_PLACEMENT_3D('',#18629,#18630,#18631);
#18633=PLANE('',#18632);
#18634=ORIENTED_EDGE('',*,*,#18623,.T.);
#18635=ORIENTED_EDGE('',*,*,#11302,.T.);
#18636=CARTESIAN_POINT('',(1.3276,4.469310414,42.));
#18637=DIRECTION('',(0.,0.,1.));
#18638=VECTOR('',#18637,3.);
#18639=LINE('',#18636,#18638);
#18640=EDGE_CURVE('',#7846,#11289,#18639,.T.);
#18641=ORIENTED_EDGE('',*,*,#18640,.F.);
#18642=ORIENTED_EDGE('',*,*,#7891,.F.);
#18643=EDGE_LOOP('',(#18634,#18635,#18641,#18642));
#18644=FACE_BOUND('',#18643,.T.);
#18645=ADVANCED_FACE('',(#18644),#18633,.F.);
#18646=CARTESIAN_POINT('',(2.8276,4.469310414,15.));
#18647=DIRECTION('',(0.,-1.,0.));
#18648=DIRECTION('',(1.,0.,0.));
#18649=AXIS2_PLACEMENT_3D('',#18646,#18647,#18648);
#18650=PLANE('',#18649);
#18651=ORIENTED_EDGE('',*,*,#18640,.T.);
#18652=ORIENTED_EDGE('',*,*,#11294,.T.);
#18653=ORIENTED_EDGE('',*,*,#18565,.F.);
#18654=ORIENTED_EDGE('',*,*,#7853,.F.);
#18655=EDGE_LOOP('',(#18651,#18652,#18653,#18654));
#18656=FACE_BOUND('',#18655,.T.);
#18657=ADVANCED_FACE('',(#18656),#18650,.F.);
#18658=CARTESIAN_POINT('',(-0.5776,-17.222127692,15.));
#18659=DIRECTION('',(0.866025404,-0.5,0.));
#18660=DIRECTION('',(0.5,0.866025404,0.));
#18661=AXIS2_PLACEMENT_3D('',#18658,#18659,#18660);
#18662=PLANE('',#18661);
#18663=CARTESIAN_POINT('',(-1.3276,-18.521165798,42.));
#18664=DIRECTION('',(0.,0.,1.));
#18665=VECTOR('',#18664,3.);
#18666=LINE('',#18663,#18665);
#18667=EDGE_CURVE('',#7798,#11229,#18666,.T.);
#18668=ORIENTED_EDGE('',*,*,#18667,.T.);
#18669=ORIENTED_EDGE('',*,*,#11236,.T.);
#18670=CARTESIAN_POINT('',(0.1724,-15.923089586,42.));
#18671=DIRECTION('',(0.,0.,1.));
#18672=VECTOR('',#18671,3.);
#18673=LINE('',#18670,#18672);
#18674=EDGE_CURVE('',#7806,#11231,#18673,.T.);
#18675=ORIENTED_EDGE('',*,*,#18674,.F.);
#18676=ORIENTED_EDGE('',*,*,#7811,.F.);
#18677=EDGE_LOOP('',(#18668,#18669,#18675,#18676));
#18678=FACE_BOUND('',#18677,.T.);
#18679=ADVANCED_FACE('',(#18678),#18662,.F.);
#18680=CARTESIAN_POINT('',(-0.5776,-14.624051481,15.));
#18681=DIRECTION('',(0.866025404,0.5,0.));
#18682=DIRECTION('',(-0.5,0.866025404,0.));
#18683=AXIS2_PLACEMENT_3D('',#18680,#18681,#18682);
#18684=PLANE('',#18683);
#18685=ORIENTED_EDGE('',*,*,#18674,.T.);
#18686=ORIENTED_EDGE('',*,*,#11274,.T.);
#18687=CARTESIAN_POINT('',(-1.3276,-13.325013375,42.));
#18688=DIRECTION('',(0.,0.,1.));
#18689=VECTOR('',#18688,3.);
#18690=LINE('',#18687,#18689);
#18691=EDGE_CURVE('',#7814,#11263,#18690,.T.);
#18692=ORIENTED_EDGE('',*,*,#18691,.F.);
#18693=ORIENTED_EDGE('',*,*,#7819,.F.);
#18694=EDGE_LOOP('',(#18685,#18686,#18692,#18693));
#18695=FACE_BOUND('',#18694,.T.);
#18696=ADVANCED_FACE('',(#18695),#18684,.F.);
#18697=CARTESIAN_POINT('',(-2.8276,-13.325013375,15.));
#18698=DIRECTION('',(0.,1.,0.));
#18699=DIRECTION('',(0.,0.,1.));
#18700=AXIS2_PLACEMENT_3D('',#18697,#18698,#18699);
#18701=PLANE('',#18700);
#18702=ORIENTED_EDGE('',*,*,#18691,.T.);
#18703=ORIENTED_EDGE('',*,*,#11268,.T.);
#18704=CARTESIAN_POINT('',(-4.3276,-13.325013375,42.));
#18705=DIRECTION('',(0.,0.,1.));
#18706=VECTOR('',#18705,3.);
#18707=LINE('',#18704,#18706);
#18708=EDGE_CURVE('',#7822,#11255,#18707,.T.);
#18709=ORIENTED_EDGE('',*,*,#18708,.F.);
#18710=ORIENTED_EDGE('',*,*,#7827,.F.);
#18711=EDGE_LOOP('',(#18702,#18703,#18709,#18710));
#18712=FACE_BOUND('',#18711,.T.);
#18713=ADVANCED_FACE('',(#18712),#18701,.F.);
#18714=CARTESIAN_POINT('',(-5.0776,-14.624051481,15.));
#18715=DIRECTION('',(-0.866025404,0.5,0.));
#18716=DIRECTION('',(-0.5,-0.866025404,0.));
#18717=AXIS2_PLACEMENT_3D('',#18714,#18715,#18716);
#18718=PLANE('',#18717);
#18719=ORIENTED_EDGE('',*,*,#18708,.T.);
#18720=ORIENTED_EDGE('',*,*,#11260,.T.);
#18721=CARTESIAN_POINT('',(-5.8276,-15.923089586,42.));
#18722=DIRECTION('',(0.,0.,1.));
#18723=VECTOR('',#18722,3.);
#18724=LINE('',#18721,#18723);
#18725=EDGE_CURVE('',#7830,#11247,#18724,.T.);
#18726=ORIENTED_EDGE('',*,*,#18725,.F.);
#18727=ORIENTED_EDGE('',*,*,#7835,.F.);
#18728=EDGE_LOOP('',(#18719,#18720,#18726,#18727));
#18729=FACE_BOUND('',#18728,.T.);
#18730=ADVANCED_FACE('',(#18729),#18718,.F.);
#18731=CARTESIAN_POINT('',(-5.0776,-17.222127692,15.));
#18732=DIRECTION('',(-0.866025404,-0.5,0.));
#18733=DIRECTION('',(0.5,-0.866025404,0.));
#18734=AXIS2_PLACEMENT_3D('',#18731,#18732,#18733);
#18735=PLANE('',#18734);
#18736=ORIENTED_EDGE('',*,*,#18725,.T.);
#18737=ORIENTED_EDGE('',*,*,#11252,.T.);
#18738=CARTESIAN_POINT('',(-4.3276,-18.521165798,42.));
#18739=DIRECTION('',(0.,0.,1.));
#18740=VECTOR('',#18739,3.);
#18741=LINE('',#18738,#18740);
#18742=EDGE_CURVE('',#7796,#11239,#18741,.T.);
#18743=ORIENTED_EDGE('',*,*,#18742,.F.);
#18744=ORIENTED_EDGE('',*,*,#7841,.F.);
#18745=EDGE_LOOP('',(#18736,#18737,#18743,#18744));
#18746=FACE_BOUND('',#18745,.T.);
#18747=ADVANCED_FACE('',(#18746),#18735,.F.);
#18748=CARTESIAN_POINT('',(-2.8276,-18.521165798,15.));
#18749=DIRECTION('',(0.,-1.,0.));
#18750=DIRECTION('',(1.,0.,0.));
#18751=AXIS2_PLACEMENT_3D('',#18748,#18749,#18750);
#18752=PLANE('',#18751);
#18753=ORIENTED_EDGE('',*,*,#18742,.T.);
#18754=ORIENTED_EDGE('',*,*,#11244,.T.);
#18755=ORIENTED_EDGE('',*,*,#18667,.F.);
#18756=ORIENTED_EDGE('',*,*,#7803,.F.);
#18757=EDGE_LOOP('',(#18753,#18754,#18755,#18756));
#18758=FACE_BOUND('',#18757,.T.);
#18759=ADVANCED_FACE('',(#18758),#18752,.F.);
#18760=CARTESIAN_POINT('',(5.0776,-12.624051481,15.));
#18761=DIRECTION('',(0.866025404,-0.5,0.));
#18762=DIRECTION('',(0.5,0.866025404,0.));
#18763=AXIS2_PLACEMENT_3D('',#18760,#18761,#18762);
#18764=PLANE('',#18763);
#18765=CARTESIAN_POINT('',(4.3276,-13.923089586,42.));
#18766=DIRECTION('',(0.,0.,1.));
#18767=VECTOR('',#18766,3.);
#18768=LINE('',#18765,#18767);
#18769=EDGE_CURVE('',#7748,#11179,#18768,.T.);
#18770=ORIENTED_EDGE('',*,*,#18769,.T.);
#18771=ORIENTED_EDGE('',*,*,#11186,.T.);
#18772=CARTESIAN_POINT('',(5.8276,-11.325013375,42.));
#18773=DIRECTION('',(0.,0.,1.));
#18774=VECTOR('',#18773,3.);
#18775=LINE('',#18772,#18774);
#18776=EDGE_CURVE('',#7756,#11181,#18775,.T.);
#18777=ORIENTED_EDGE('',*,*,#18776,.F.);
#18778=ORIENTED_EDGE('',*,*,#7761,.F.);
#18779=EDGE_LOOP('',(#18770,#18771,#18777,#18778));
#18780=FACE_BOUND('',#18779,.T.);
#18781=ADVANCED_FACE('',(#18780),#18764,.F.);
#18782=CARTESIAN_POINT('',(5.0776,-10.025975269,15.));
#18783=DIRECTION('',(0.866025404,0.5,0.));
#18784=DIRECTION('',(-0.5,0.866025404,0.));
#18785=AXIS2_PLACEMENT_3D('',#18782,#18783,#18784);
#18786=PLANE('',#18785);
#18787=ORIENTED_EDGE('',*,*,#18776,.T.);
#18788=ORIENTED_EDGE('',*,*,#11224,.T.);
#18789=CARTESIAN_POINT('',(4.3276,-8.726937164,42.));
#18790=DIRECTION('',(0.,0.,1.));
#18791=VECTOR('',#18790,3.);
#18792=LINE('',#18789,#18791);
#18793=EDGE_CURVE('',#7764,#11213,#18792,.T.);
#18794=ORIENTED_EDGE('',*,*,#18793,.F.);
#18795=ORIENTED_EDGE('',*,*,#7769,.F.);
#18796=EDGE_LOOP('',(#18787,#18788,#18794,#18795));
#18797=FACE_BOUND('',#18796,.T.);
#18798=ADVANCED_FACE('',(#18797),#18786,.F.);
#18799=CARTESIAN_POINT('',(2.8276,-8.726937164,15.));
#18800=DIRECTION('',(0.,1.,0.));
#18801=DIRECTION('',(0.,0.,1.));
#18802=AXIS2_PLACEMENT_3D('',#18799,#18800,#18801);
#18803=PLANE('',#18802);
#18804=ORIENTED_EDGE('',*,*,#18793,.T.);
#18805=ORIENTED_EDGE('',*,*,#11218,.T.);
#18806=CARTESIAN_POINT('',(1.3276,-8.726937164,42.));
#18807=DIRECTION('',(0.,0.,1.));
#18808=VECTOR('',#18807,3.);
#18809=LINE('',#18806,#18808);
#18810=EDGE_CURVE('',#7772,#11205,#18809,.T.);
#18811=ORIENTED_EDGE('',*,*,#18810,.F.);
#18812=ORIENTED_EDGE('',*,*,#7777,.F.);
#18813=EDGE_LOOP('',(#18804,#18805,#18811,#18812));
#18814=FACE_BOUND('',#18813,.T.);
#18815=ADVANCED_FACE('',(#18814),#18803,.F.);
#18816=CARTESIAN_POINT('',(0.5776,-10.025975269,15.));
#18817=DIRECTION('',(-0.866025404,0.5,0.));
#18818=DIRECTION('',(-0.5,-0.866025404,0.));
#18819=AXIS2_PLACEMENT_3D('',#18816,#18817,#18818);
#18820=PLANE('',#18819);
#18821=ORIENTED_EDGE('',*,*,#18810,.T.);
#18822=ORIENTED_EDGE('',*,*,#11210,.T.);
#18823=CARTESIAN_POINT('',(-0.1724,-11.325013375,42.));
#18824=DIRECTION('',(0.,0.,1.));
#18825=VECTOR('',#18824,3.);
#18826=LINE('',#18823,#18825);
#18827=EDGE_CURVE('',#7780,#11197,#18826,.T.);
#18828=ORIENTED_EDGE('',*,*,#18827,.F.);
#18829=ORIENTED_EDGE('',*,*,#7785,.F.);
#18830=EDGE_LOOP('',(#18821,#18822,#18828,#18829));
#18831=FACE_BOUND('',#18830,.T.);
#18832=ADVANCED_FACE('',(#18831),#18820,.F.);
#18833=CARTESIAN_POINT('',(0.5776,-12.624051481,15.));
#18834=DIRECTION('',(-0.866025404,-0.5,0.));
#18835=DIRECTION('',(0.5,-0.866025404,0.));
#18836=AXIS2_PLACEMENT_3D('',#18833,#18834,#18835);
#18837=PLANE('',#18836);
#18838=ORIENTED_EDGE('',*,*,#18827,.T.);
#18839=ORIENTED_EDGE('',*,*,#11202,.T.);
#18840=CARTESIAN_POINT('',(1.3276,-13.923089586,42.));
#18841=DIRECTION('',(0.,0.,1.));
#18842=VECTOR('',#18841,3.);
#18843=LINE('',#18840,#18842);
#18844=EDGE_CURVE('',#7746,#11189,#18843,.T.);
#18845=ORIENTED_EDGE('',*,*,#18844,.F.);
#18846=ORIENTED_EDGE('',*,*,#7791,.F.);
#18847=EDGE_LOOP('',(#18838,#18839,#18845,#18846));
#18848=FACE_BOUND('',#18847,.T.);
#18849=ADVANCED_FACE('',(#18848),#18837,.F.);
#18850=CARTESIAN_POINT('',(2.8276,-13.923089586,15.));
#18851=DIRECTION('',(0.,-1.,0.));
#18852=DIRECTION('',(1.,0.,0.));
#18853=AXIS2_PLACEMENT_3D('',#18850,#18851,#18852);
#18854=PLANE('',#18853);
#18855=ORIENTED_EDGE('',*,*,#18844,.T.);
#18856=ORIENTED_EDGE('',*,*,#11194,.T.);
#18857=ORIENTED_EDGE('',*,*,#18769,.F.);
#18858=ORIENTED_EDGE('',*,*,#7753,.F.);
#18859=EDGE_LOOP('',(#18855,#18856,#18857,#18858));
#18860=FACE_BOUND('',#18859,.T.);
#18861=ADVANCED_FACE('',(#18860),#18854,.F.);
#18862=CARTESIAN_POINT('',(10.7328,-44.810727692,15.));
#18863=DIRECTION('',(0.866025404,-0.5,0.));
#18864=DIRECTION('',(0.5,0.866025404,0.));
#18865=AXIS2_PLACEMENT_3D('',#18862,#18863,#18864);
#18866=PLANE('',#18865);
#18867=CARTESIAN_POINT('',(9.9828,-46.109765798,42.));
#18868=DIRECTION('',(0.,0.,1.));
#18869=VECTOR('',#18868,3.);
#18870=LINE('',#18867,#18869);
#18871=EDGE_CURVE('',#7698,#11129,#18870,.T.);
#18872=ORIENTED_EDGE('',*,*,#18871,.T.);
#18873=ORIENTED_EDGE('',*,*,#11136,.T.);
#18874=CARTESIAN_POINT('',(11.4828,-43.511689586,42.));
#18875=DIRECTION('',(0.,0.,1.));
#18876=VECTOR('',#18875,3.);
#18877=LINE('',#18874,#18876);
#18878=EDGE_CURVE('',#7706,#11131,#18877,.T.);
#18879=ORIENTED_EDGE('',*,*,#18878,.F.);
#18880=ORIENTED_EDGE('',*,*,#7711,.F.);
#18881=EDGE_LOOP('',(#18872,#18873,#18879,#18880));
#18882=FACE_BOUND('',#18881,.T.);
#18883=ADVANCED_FACE('',(#18882),#18866,.F.);
#18884=CARTESIAN_POINT('',(10.7328,-42.212651481,15.));
#18885=DIRECTION('',(0.866025404,0.5,0.));
#18886=DIRECTION('',(-0.5,0.866025404,0.));
#18887=AXIS2_PLACEMENT_3D('',#18884,#18885,#18886);
#18888=PLANE('',#18887);
#18889=ORIENTED_EDGE('',*,*,#18878,.T.);
#18890=ORIENTED_EDGE('',*,*,#11174,.T.);
#18891=CARTESIAN_POINT('',(9.9828,-40.913613375,42.));
#18892=DIRECTION('',(0.,0.,1.));
#18893=VECTOR('',#18892,3.);
#18894=LINE('',#18891,#18893);
#18895=EDGE_CURVE('',#7714,#11163,#18894,.T.);
#18896=ORIENTED_EDGE('',*,*,#18895,.F.);
#18897=ORIENTED_EDGE('',*,*,#7719,.F.);
#18898=EDGE_LOOP('',(#18889,#18890,#18896,#18897));
#18899=FACE_BOUND('',#18898,.T.);
#18900=ADVANCED_FACE('',(#18899),#18888,.F.);
#18901=CARTESIAN_POINT('',(8.4828,-40.913613375,15.));
#18902=DIRECTION('',(0.,1.,0.));
#18903=DIRECTION('',(0.,0.,1.));
#18904=AXIS2_PLACEMENT_3D('',#18901,#18902,#18903);
#18905=PLANE('',#18904);
#18906=ORIENTED_EDGE('',*,*,#18895,.T.);
#18907=ORIENTED_EDGE('',*,*,#11168,.T.);
#18908=CARTESIAN_POINT('',(6.9828,-40.913613375,42.));
#18909=DIRECTION('',(0.,0.,1.));
#18910=VECTOR('',#18909,3.);
#18911=LINE('',#18908,#18910);
#18912=EDGE_CURVE('',#7722,#11155,#18911,.T.);
#18913=ORIENTED_EDGE('',*,*,#18912,.F.);
#18914=ORIENTED_EDGE('',*,*,#7727,.F.);
#18915=EDGE_LOOP('',(#18906,#18907,#18913,#18914));
#18916=FACE_BOUND('',#18915,.T.);
#18917=ADVANCED_FACE('',(#18916),#18905,.F.);
#18918=CARTESIAN_POINT('',(6.2328,-42.212651481,15.));
#18919=DIRECTION('',(-0.866025404,0.5,0.));
#18920=DIRECTION('',(-0.5,-0.866025404,0.));
#18921=AXIS2_PLACEMENT_3D('',#18918,#18919,#18920);
#18922=PLANE('',#18921);
#18923=ORIENTED_EDGE('',*,*,#18912,.T.);
#18924=ORIENTED_EDGE('',*,*,#11160,.T.);
#18925=CARTESIAN_POINT('',(5.4828,-43.511689586,42.));
#18926=DIRECTION('',(0.,0.,1.));
#18927=VECTOR('',#18926,3.);
#18928=LINE('',#18925,#18927);
#18929=EDGE_CURVE('',#7730,#11147,#18928,.T.);
#18930=ORIENTED_EDGE('',*,*,#18929,.F.);
#18931=ORIENTED_EDGE('',*,*,#7735,.F.);
#18932=EDGE_LOOP('',(#18923,#18924,#18930,#18931));
#18933=FACE_BOUND('',#18932,.T.);
#18934=ADVANCED_FACE('',(#18933),#18922,.F.);
#18935=CARTESIAN_POINT('',(6.2328,-44.810727692,15.));
#18936=DIRECTION('',(-0.866025404,-0.5,0.));
#18937=DIRECTION('',(0.5,-0.866025404,0.));
#18938=AXIS2_PLACEMENT_3D('',#18935,#18936,#18937);
#18939=PLANE('',#18938);
#18940=ORIENTED_EDGE('',*,*,#18929,.T.);
#18941=ORIENTED_EDGE('',*,*,#11152,.T.);
#18942=CARTESIAN_POINT('',(6.9828,-46.109765798,42.));
#18943=DIRECTION('',(0.,0.,1.));
#18944=VECTOR('',#18943,3.);
#18945=LINE('',#18942,#18944);
#18946=EDGE_CURVE('',#7696,#11139,#18945,.T.);
#18947=ORIENTED_EDGE('',*,*,#18946,.F.);
#18948=ORIENTED_EDGE('',*,*,#7741,.F.);
#18949=EDGE_LOOP('',(#18940,#18941,#18947,#18948));
#18950=FACE_BOUND('',#18949,.T.);
#18951=ADVANCED_FACE('',(#18950),#18939,.F.);
#18952=CARTESIAN_POINT('',(8.4828,-46.109765798,15.));
#18953=DIRECTION('',(0.,-1.,0.));
#18954=DIRECTION('',(1.,0.,0.));
#18955=AXIS2_PLACEMENT_3D('',#18952,#18953,#18954);
#18956=PLANE('',#18955);
#18957=ORIENTED_EDGE('',*,*,#18946,.T.);
#18958=ORIENTED_EDGE('',*,*,#11144,.T.);
#18959=ORIENTED_EDGE('',*,*,#18871,.F.);
#18960=ORIENTED_EDGE('',*,*,#7703,.F.);
#18961=EDGE_LOOP('',(#18957,#18958,#18959,#18960));
#18962=FACE_BOUND('',#18961,.T.);
#18963=ADVANCED_FACE('',(#18962),#18956,.F.);
#18964=CARTESIAN_POINT('',(-6.2328,-12.624051481,15.));
#18965=DIRECTION('',(0.866025404,-0.5,0.));
#18966=DIRECTION('',(0.5,0.866025404,0.));
#18967=AXIS2_PLACEMENT_3D('',#18964,#18965,#18966);
#18968=PLANE('',#18967);
#18969=CARTESIAN_POINT('',(-6.9828,-13.923089586,42.));
#18970=DIRECTION('',(0.,0.,1.));
#18971=VECTOR('',#18970,3.);
#18972=LINE('',#18969,#18971);
#18973=EDGE_CURVE('',#7648,#11079,#18972,.T.);
#18974=ORIENTED_EDGE('',*,*,#18973,.T.);
#18975=ORIENTED_EDGE('',*,*,#11086,.T.);
#18976=CARTESIAN_POINT('',(-5.4828,-11.325013375,42.));
#18977=DIRECTION('',(0.,0.,1.));
#18978=VECTOR('',#18977,3.);
#18979=LINE('',#18976,#18978);
#18980=EDGE_CURVE('',#7656,#11081,#18979,.T.);
#18981=ORIENTED_EDGE('',*,*,#18980,.F.);
#18982=ORIENTED_EDGE('',*,*,#7661,.F.);
#18983=EDGE_LOOP('',(#18974,#18975,#18981,#18982));
#18984=FACE_BOUND('',#18983,.T.);
#18985=ADVANCED_FACE('',(#18984),#18968,.F.);
#18986=CARTESIAN_POINT('',(-6.2328,-10.025975269,15.));
#18987=DIRECTION('',(0.866025404,0.5,0.));
#18988=DIRECTION('',(-0.5,0.866025404,0.));
#18989=AXIS2_PLACEMENT_3D('',#18986,#18987,#18988);
#18990=PLANE('',#18989);
#18991=ORIENTED_EDGE('',*,*,#18980,.T.);
#18992=ORIENTED_EDGE('',*,*,#11124,.T.);
#18993=CARTESIAN_POINT('',(-6.9828,-8.726937164,42.));
#18994=DIRECTION('',(0.,0.,1.));
#18995=VECTOR('',#18994,3.);
#18996=LINE('',#18993,#18995);
#18997=EDGE_CURVE('',#7664,#11113,#18996,.T.);
#18998=ORIENTED_EDGE('',*,*,#18997,.F.);
#18999=ORIENTED_EDGE('',*,*,#7669,.F.);
#19000=EDGE_LOOP('',(#18991,#18992,#18998,#18999));
#19001=FACE_BOUND('',#19000,.T.);
#19002=ADVANCED_FACE('',(#19001),#18990,.F.);
#19003=CARTESIAN_POINT('',(-8.4828,-8.726937164,15.));
#19004=DIRECTION('',(0.,1.,0.));
#19005=DIRECTION('',(0.,0.,1.));
#19006=AXIS2_PLACEMENT_3D('',#19003,#19004,#19005);
#19007=PLANE('',#19006);
#19008=ORIENTED_EDGE('',*,*,#18997,.T.);
#19009=ORIENTED_EDGE('',*,*,#11118,.T.);
#19010=CARTESIAN_POINT('',(-9.9828,-8.726937164,42.));
#19011=DIRECTION('',(0.,0.,1.));
#19012=VECTOR('',#19011,3.);
#19013=LINE('',#19010,#19012);
#19014=EDGE_CURVE('',#7672,#11105,#19013,.T.);
#19015=ORIENTED_EDGE('',*,*,#19014,.F.);
#19016=ORIENTED_EDGE('',*,*,#7677,.F.);
#19017=EDGE_LOOP('',(#19008,#19009,#19015,#19016));
#19018=FACE_BOUND('',#19017,.T.);
#19019=ADVANCED_FACE('',(#19018),#19007,.F.);
#19020=CARTESIAN_POINT('',(-10.7328,-10.025975269,15.));
#19021=DIRECTION('',(-0.866025404,0.5,0.));
#19022=DIRECTION('',(-0.5,-0.866025404,0.));
#19023=AXIS2_PLACEMENT_3D('',#19020,#19021,#19022);
#19024=PLANE('',#19023);
#19025=ORIENTED_EDGE('',*,*,#19014,.T.);
#19026=ORIENTED_EDGE('',*,*,#11110,.T.);
#19027=CARTESIAN_POINT('',(-11.4828,-11.325013375,42.));
#19028=DIRECTION('',(0.,0.,1.));
#19029=VECTOR('',#19028,3.);
#19030=LINE('',#19027,#19029);
#19031=EDGE_CURVE('',#7680,#11097,#19030,.T.);
#19032=ORIENTED_EDGE('',*,*,#19031,.F.);
#19033=ORIENTED_EDGE('',*,*,#7685,.F.);
#19034=EDGE_LOOP('',(#19025,#19026,#19032,#19033));
#19035=FACE_BOUND('',#19034,.T.);
#19036=ADVANCED_FACE('',(#19035),#19024,.F.);
#19037=CARTESIAN_POINT('',(-10.7328,-12.624051481,15.));
#19038=DIRECTION('',(-0.866025404,-0.5,0.));
#19039=DIRECTION('',(0.5,-0.866025404,0.));
#19040=AXIS2_PLACEMENT_3D('',#19037,#19038,#19039);
#19041=PLANE('',#19040);
#19042=ORIENTED_EDGE('',*,*,#19031,.T.);
#19043=ORIENTED_EDGE('',*,*,#11102,.T.);
#19044=CARTESIAN_POINT('',(-9.9828,-13.923089586,42.));
#19045=DIRECTION('',(0.,0.,1.));
#19046=VECTOR('',#19045,3.);
#19047=LINE('',#19044,#19046);
#19048=EDGE_CURVE('',#7646,#11089,#19047,.T.);
#19049=ORIENTED_EDGE('',*,*,#19048,.F.);
#19050=ORIENTED_EDGE('',*,*,#7691,.F.);
#19051=EDGE_LOOP('',(#19042,#19043,#19049,#19050));
#19052=FACE_BOUND('',#19051,.T.);
#19053=ADVANCED_FACE('',(#19052),#19041,.F.);
#19054=CARTESIAN_POINT('',(-8.4828,-13.923089586,15.));
#19055=DIRECTION('',(0.,-1.,0.));
#19056=DIRECTION('',(1.,0.,0.));
#19057=AXIS2_PLACEMENT_3D('',#19054,#19055,#19056);
#19058=PLANE('',#19057);
#19059=ORIENTED_EDGE('',*,*,#19048,.T.);
#19060=ORIENTED_EDGE('',*,*,#11094,.T.);
#19061=ORIENTED_EDGE('',*,*,#18973,.F.);
#19062=ORIENTED_EDGE('',*,*,#7653,.F.);
#19063=EDGE_LOOP('',(#19059,#19060,#19061,#19062));
#19064=FACE_BOUND('',#19063,.T.);
#19065=ADVANCED_FACE('',(#19064),#19058,.F.);
#19066=CARTESIAN_POINT('',(-0.5776,-26.418327692,15.));
#19067=DIRECTION('',(0.866025404,-0.5,0.));
#19068=DIRECTION('',(0.5,0.866025404,0.));
#19069=AXIS2_PLACEMENT_3D('',#19066,#19067,#19068);
#19070=PLANE('',#19069);
#19071=CARTESIAN_POINT('',(-1.3276,-27.717365798,42.));
#19072=DIRECTION('',(0.,0.,1.));
#19073=VECTOR('',#19072,3.);
#19074=LINE('',#19071,#19073);
#19075=EDGE_CURVE('',#7598,#11029,#19074,.T.);
#19076=ORIENTED_EDGE('',*,*,#19075,.T.);
#19077=ORIENTED_EDGE('',*,*,#11036,.T.);
#19078=CARTESIAN_POINT('',(0.1724,-25.119289586,42.));
#19079=DIRECTION('',(0.,0.,1.));
#19080=VECTOR('',#19079,3.);
#19081=LINE('',#19078,#19080);
#19082=EDGE_CURVE('',#7606,#11031,#19081,.T.);
#19083=ORIENTED_EDGE('',*,*,#19082,.F.);
#19084=ORIENTED_EDGE('',*,*,#7611,.F.);
#19085=EDGE_LOOP('',(#19076,#19077,#19083,#19084));
#19086=FACE_BOUND('',#19085,.T.);
#19087=ADVANCED_FACE('',(#19086),#19070,.F.);
#19088=CARTESIAN_POINT('',(-0.5776,-23.820251481,15.));
#19089=DIRECTION('',(0.866025404,0.5,0.));
#19090=DIRECTION('',(-0.5,0.866025404,0.));
#19091=AXIS2_PLACEMENT_3D('',#19088,#19089,#19090);
#19092=PLANE('',#19091);
#19093=ORIENTED_EDGE('',*,*,#19082,.T.);
#19094=ORIENTED_EDGE('',*,*,#11074,.T.);
#19095=CARTESIAN_POINT('',(-1.3276,-22.521213375,42.));
#19096=DIRECTION('',(0.,0.,1.));
#19097=VECTOR('',#19096,3.);
#19098=LINE('',#19095,#19097);
#19099=EDGE_CURVE('',#7614,#11063,#19098,.T.);
#19100=ORIENTED_EDGE('',*,*,#19099,.F.);
#19101=ORIENTED_EDGE('',*,*,#7619,.F.);
#19102=EDGE_LOOP('',(#19093,#19094,#19100,#19101));
#19103=FACE_BOUND('',#19102,.T.);
#19104=ADVANCED_FACE('',(#19103),#19092,.F.);
#19105=CARTESIAN_POINT('',(-2.8276,-22.521213375,15.));
#19106=DIRECTION('',(0.,1.,0.));
#19107=DIRECTION('',(0.,0.,1.));
#19108=AXIS2_PLACEMENT_3D('',#19105,#19106,#19107);
#19109=PLANE('',#19108);
#19110=ORIENTED_EDGE('',*,*,#19099,.T.);
#19111=ORIENTED_EDGE('',*,*,#11068,.T.);
#19112=CARTESIAN_POINT('',(-4.3276,-22.521213375,42.));
#19113=DIRECTION('',(0.,0.,1.));
#19114=VECTOR('',#19113,3.);
#19115=LINE('',#19112,#19114);
#19116=EDGE_CURVE('',#7622,#11055,#19115,.T.);
#19117=ORIENTED_EDGE('',*,*,#19116,.F.);
#19118=ORIENTED_EDGE('',*,*,#7627,.F.);
#19119=EDGE_LOOP('',(#19110,#19111,#19117,#19118));
#19120=FACE_BOUND('',#19119,.T.);
#19121=ADVANCED_FACE('',(#19120),#19109,.F.);
#19122=CARTESIAN_POINT('',(-5.0776,-23.820251481,15.));
#19123=DIRECTION('',(-0.866025404,0.5,0.));
#19124=DIRECTION('',(-0.5,-0.866025404,0.));
#19125=AXIS2_PLACEMENT_3D('',#19122,#19123,#19124);
#19126=PLANE('',#19125);
#19127=ORIENTED_EDGE('',*,*,#19116,.T.);
#19128=ORIENTED_EDGE('',*,*,#11060,.T.);
#19129=CARTESIAN_POINT('',(-5.8276,-25.119289586,42.));
#19130=DIRECTION('',(0.,0.,1.));
#19131=VECTOR('',#19130,3.);
#19132=LINE('',#19129,#19131);
#19133=EDGE_CURVE('',#7630,#11047,#19132,.T.);
#19134=ORIENTED_EDGE('',*,*,#19133,.F.);
#19135=ORIENTED_EDGE('',*,*,#7635,.F.);
#19136=EDGE_LOOP('',(#19127,#19128,#19134,#19135));
#19137=FACE_BOUND('',#19136,.T.);
#19138=ADVANCED_FACE('',(#19137),#19126,.F.);
#19139=CARTESIAN_POINT('',(-5.0776,-26.418327692,15.));
#19140=DIRECTION('',(-0.866025404,-0.5,0.));
#19141=DIRECTION('',(0.5,-0.866025404,0.));
#19142=AXIS2_PLACEMENT_3D('',#19139,#19140,#19141);
#19143=PLANE('',#19142);
#19144=ORIENTED_EDGE('',*,*,#19133,.T.);
#19145=ORIENTED_EDGE('',*,*,#11052,.T.);
#19146=CARTESIAN_POINT('',(-4.3276,-27.717365798,42.));
#19147=DIRECTION('',(0.,0.,1.));
#19148=VECTOR('',#19147,3.);
#19149=LINE('',#19146,#19148);
#19150=EDGE_CURVE('',#7596,#11039,#19149,.T.);
#19151=ORIENTED_EDGE('',*,*,#19150,.F.);
#19152=ORIENTED_EDGE('',*,*,#7641,.F.);
#19153=EDGE_LOOP('',(#19144,#19145,#19151,#19152));
#19154=FACE_BOUND('',#19153,.T.);
#19155=ADVANCED_FACE('',(#19154),#19143,.F.);
#19156=CARTESIAN_POINT('',(-2.8276,-27.717365798,15.));
#19157=DIRECTION('',(0.,-1.,0.));
#19158=DIRECTION('',(1.,0.,0.));
#19159=AXIS2_PLACEMENT_3D('',#19156,#19157,#19158);
#19160=PLANE('',#19159);
#19161=ORIENTED_EDGE('',*,*,#19150,.T.);
#19162=ORIENTED_EDGE('',*,*,#11044,.T.);
#19163=ORIENTED_EDGE('',*,*,#19075,.F.);
#19164=ORIENTED_EDGE('',*,*,#7603,.F.);
#19165=EDGE_LOOP('',(#19161,#19162,#19163,#19164));
#19166=FACE_BOUND('',#19165,.T.);
#19167=ADVANCED_FACE('',(#19166),#19160,.F.);
#19168=CARTESIAN_POINT('',(-17.5432,-40.212651481,15.));
#19169=DIRECTION('',(0.866025404,-0.5,0.));
#19170=DIRECTION('',(0.5,0.866025404,0.));
#19171=AXIS2_PLACEMENT_3D('',#19168,#19169,#19170);
#19172=PLANE('',#19171);
#19173=CARTESIAN_POINT('',(-18.2932,-41.511689586,42.));
#19174=DIRECTION('',(0.,0.,1.));
#19175=VECTOR('',#19174,3.);
#19176=LINE('',#19173,#19175);
#19177=EDGE_CURVE('',#7548,#10979,#19176,.T.);
#19178=ORIENTED_EDGE('',*,*,#19177,.T.);
#19179=ORIENTED_EDGE('',*,*,#10986,.T.);
#19180=CARTESIAN_POINT('',(-16.7932,-38.913613375,42.));
#19181=DIRECTION('',(0.,0.,1.));
#19182=VECTOR('',#19181,3.);
#19183=LINE('',#19180,#19182);
#19184=EDGE_CURVE('',#7556,#10981,#19183,.T.);
#19185=ORIENTED_EDGE('',*,*,#19184,.F.);
#19186=ORIENTED_EDGE('',*,*,#7561,.F.);
#19187=EDGE_LOOP('',(#19178,#19179,#19185,#19186));
#19188=FACE_BOUND('',#19187,.T.);
#19189=ADVANCED_FACE('',(#19188),#19172,.F.);
#19190=CARTESIAN_POINT('',(-17.5432,-37.614575269,15.));
#19191=DIRECTION('',(0.866025404,0.5,0.));
#19192=DIRECTION('',(-0.5,0.866025404,0.));
#19193=AXIS2_PLACEMENT_3D('',#19190,#19191,#19192);
#19194=PLANE('',#19193);
#19195=ORIENTED_EDGE('',*,*,#19184,.T.);
#19196=ORIENTED_EDGE('',*,*,#11024,.T.);
#19197=CARTESIAN_POINT('',(-18.2932,-36.315537164,42.));
#19198=DIRECTION('',(0.,0.,1.));
#19199=VECTOR('',#19198,3.);
#19200=LINE('',#19197,#19199);
#19201=EDGE_CURVE('',#7564,#11013,#19200,.T.);
#19202=ORIENTED_EDGE('',*,*,#19201,.F.);
#19203=ORIENTED_EDGE('',*,*,#7569,.F.);
#19204=EDGE_LOOP('',(#19195,#19196,#19202,#19203));
#19205=FACE_BOUND('',#19204,.T.);
#19206=ADVANCED_FACE('',(#19205),#19194,.F.);
#19207=CARTESIAN_POINT('',(-19.7932,-36.315537164,15.));
#19208=DIRECTION('',(0.,1.,0.));
#19209=DIRECTION('',(0.,0.,1.));
#19210=AXIS2_PLACEMENT_3D('',#19207,#19208,#19209);
#19211=PLANE('',#19210);
#19212=ORIENTED_EDGE('',*,*,#19201,.T.);
#19213=ORIENTED_EDGE('',*,*,#11018,.T.);
#19214=CARTESIAN_POINT('',(-21.2932,-36.315537164,42.));
#19215=DIRECTION('',(0.,0.,1.));
#19216=VECTOR('',#19215,3.);
#19217=LINE('',#19214,#19216);
#19218=EDGE_CURVE('',#7572,#11005,#19217,.T.);
#19219=ORIENTED_EDGE('',*,*,#19218,.F.);
#19220=ORIENTED_EDGE('',*,*,#7577,.F.);
#19221=EDGE_LOOP('',(#19212,#19213,#19219,#19220));
#19222=FACE_BOUND('',#19221,.T.);
#19223=ADVANCED_FACE('',(#19222),#19211,.F.);
#19224=CARTESIAN_POINT('',(-22.0432,-37.614575269,15.));
#19225=DIRECTION('',(-0.866025404,0.5,0.));
#19226=DIRECTION('',(-0.5,-0.866025404,0.));
#19227=AXIS2_PLACEMENT_3D('',#19224,#19225,#19226);
#19228=PLANE('',#19227);
#19229=ORIENTED_EDGE('',*,*,#19218,.T.);
#19230=ORIENTED_EDGE('',*,*,#11010,.T.);
#19231=CARTESIAN_POINT('',(-22.7932,-38.913613375,42.));
#19232=DIRECTION('',(0.,0.,1.));
#19233=VECTOR('',#19232,3.);
#19234=LINE('',#19231,#19233);
#19235=EDGE_CURVE('',#7580,#10997,#19234,.T.);
#19236=ORIENTED_EDGE('',*,*,#19235,.F.);
#19237=ORIENTED_EDGE('',*,*,#7585,.F.);
#19238=EDGE_LOOP('',(#19229,#19230,#19236,#19237));
#19239=FACE_BOUND('',#19238,.T.);
#19240=ADVANCED_FACE('',(#19239),#19228,.F.);
#19241=CARTESIAN_POINT('',(-22.0432,-40.212651481,15.));
#19242=DIRECTION('',(-0.866025404,-0.5,0.));
#19243=DIRECTION('',(0.5,-0.866025404,0.));
#19244=AXIS2_PLACEMENT_3D('',#19241,#19242,#19243);
#19245=PLANE('',#19244);
#19246=ORIENTED_EDGE('',*,*,#19235,.T.);
#19247=ORIENTED_EDGE('',*,*,#11002,.T.);
#19248=CARTESIAN_POINT('',(-21.2932,-41.511689586,42.));
#19249=DIRECTION('',(0.,0.,1.));
#19250=VECTOR('',#19249,3.);
#19251=LINE('',#19248,#19250);
#19252=EDGE_CURVE('',#7546,#10989,#19251,.T.);
#19253=ORIENTED_EDGE('',*,*,#19252,.F.);
#19254=ORIENTED_EDGE('',*,*,#7591,.F.);
#19255=EDGE_LOOP('',(#19246,#19247,#19253,#19254));
#19256=FACE_BOUND('',#19255,.T.);
#19257=ADVANCED_FACE('',(#19256),#19245,.F.);
#19258=CARTESIAN_POINT('',(-19.7932,-41.511689586,15.));
#19259=DIRECTION('',(0.,-1.,0.));
#19260=DIRECTION('',(1.,0.,0.));
#19261=AXIS2_PLACEMENT_3D('',#19258,#19259,#19260);
#19262=PLANE('',#19261);
#19263=ORIENTED_EDGE('',*,*,#19252,.T.);
#19264=ORIENTED_EDGE('',*,*,#10994,.T.);
#19265=ORIENTED_EDGE('',*,*,#19177,.F.);
#19266=ORIENTED_EDGE('',*,*,#7553,.F.);
#19267=EDGE_LOOP('',(#19263,#19264,#19265,#19266));
#19268=FACE_BOUND('',#19267,.T.);
#19269=ADVANCED_FACE('',(#19268),#19262,.F.);
#19270=CARTESIAN_POINT('',(-0.5776,-8.025927692,15.));
#19271=DIRECTION('',(0.866025404,-0.5,0.));
#19272=DIRECTION('',(0.5,0.866025404,0.));
#19273=AXIS2_PLACEMENT_3D('',#19270,#19271,#19272);
#19274=PLANE('',#19273);
#19275=CARTESIAN_POINT('',(-1.3276,-9.324965798,42.));
#19276=DIRECTION('',(0.,0.,1.));
#19277=VECTOR('',#19276,3.);
#19278=LINE('',#19275,#19277);
#19279=EDGE_CURVE('',#7498,#10929,#19278,.T.);
#19280=ORIENTED_EDGE('',*,*,#19279,.T.);
#19281=ORIENTED_EDGE('',*,*,#10936,.T.);
#19282=CARTESIAN_POINT('',(0.1724,-6.726889586,42.));
#19283=DIRECTION('',(0.,0.,1.));
#19284=VECTOR('',#19283,3.);
#19285=LINE('',#19282,#19284);
#19286=EDGE_CURVE('',#7506,#10931,#19285,.T.);
#19287=ORIENTED_EDGE('',*,*,#19286,.F.);
#19288=ORIENTED_EDGE('',*,*,#7511,.F.);
#19289=EDGE_LOOP('',(#19280,#19281,#19287,#19288));
#19290=FACE_BOUND('',#19289,.T.);
#19291=ADVANCED_FACE('',(#19290),#19274,.F.);
#19292=CARTESIAN_POINT('',(-0.5776,-5.427851481,15.));
#19293=DIRECTION('',(0.866025404,0.5,0.));
#19294=DIRECTION('',(-0.5,0.866025404,0.));
#19295=AXIS2_PLACEMENT_3D('',#19292,#19293,#19294);
#19296=PLANE('',#19295);
#19297=ORIENTED_EDGE('',*,*,#19286,.T.);
#19298=ORIENTED_EDGE('',*,*,#10974,.T.);
#19299=CARTESIAN_POINT('',(-1.3276,-4.128813375,42.));
#19300=DIRECTION('',(0.,0.,1.));
#19301=VECTOR('',#19300,3.);
#19302=LINE('',#19299,#19301);
#19303=EDGE_CURVE('',#7514,#10963,#19302,.T.);
#19304=ORIENTED_EDGE('',*,*,#19303,.F.);
#19305=ORIENTED_EDGE('',*,*,#7519,.F.);
#19306=EDGE_LOOP('',(#19297,#19298,#19304,#19305));
#19307=FACE_BOUND('',#19306,.T.);
#19308=ADVANCED_FACE('',(#19307),#19296,.F.);
#19309=CARTESIAN_POINT('',(-2.8276,-4.128813375,15.));
#19310=DIRECTION('',(0.,1.,0.));
#19311=DIRECTION('',(0.,0.,1.));
#19312=AXIS2_PLACEMENT_3D('',#19309,#19310,#19311);
#19313=PLANE('',#19312);
#19314=ORIENTED_EDGE('',*,*,#19303,.T.);
#19315=ORIENTED_EDGE('',*,*,#10968,.T.);
#19316=CARTESIAN_POINT('',(-4.3276,-4.128813375,42.));
#19317=DIRECTION('',(0.,0.,1.));
#19318=VECTOR('',#19317,3.);
#19319=LINE('',#19316,#19318);
#19320=EDGE_CURVE('',#7522,#10955,#19319,.T.);
#19321=ORIENTED_EDGE('',*,*,#19320,.F.);
#19322=ORIENTED_EDGE('',*,*,#7527,.F.);
#19323=EDGE_LOOP('',(#19314,#19315,#19321,#19322));
#19324=FACE_BOUND('',#19323,.T.);
#19325=ADVANCED_FACE('',(#19324),#19313,.F.);
#19326=CARTESIAN_POINT('',(-5.0776,-5.427851481,15.));
#19327=DIRECTION('',(-0.866025404,0.5,0.));
#19328=DIRECTION('',(-0.5,-0.866025404,0.));
#19329=AXIS2_PLACEMENT_3D('',#19326,#19327,#19328);
#19330=PLANE('',#19329);
#19331=ORIENTED_EDGE('',*,*,#19320,.T.);
#19332=ORIENTED_EDGE('',*,*,#10960,.T.);
#19333=CARTESIAN_POINT('',(-5.8276,-6.726889586,42.));
#19334=DIRECTION('',(0.,0.,1.));
#19335=VECTOR('',#19334,3.);
#19336=LINE('',#19333,#19335);
#19337=EDGE_CURVE('',#7530,#10947,#19336,.T.);
#19338=ORIENTED_EDGE('',*,*,#19337,.F.);
#19339=ORIENTED_EDGE('',*,*,#7535,.F.);
#19340=EDGE_LOOP('',(#19331,#19332,#19338,#19339));
#19341=FACE_BOUND('',#19340,.T.);
#19342=ADVANCED_FACE('',(#19341),#19330,.F.);
#19343=CARTESIAN_POINT('',(-5.0776,-8.025927692,15.));
#19344=DIRECTION('',(-0.866025404,-0.5,0.));
#19345=DIRECTION('',(0.5,-0.866025404,0.));
#19346=AXIS2_PLACEMENT_3D('',#19343,#19344,#19345);
#19347=PLANE('',#19346);
#19348=ORIENTED_EDGE('',*,*,#19337,.T.);
#19349=ORIENTED_EDGE('',*,*,#10952,.T.);
#19350=CARTESIAN_POINT('',(-4.3276,-9.324965798,42.));
#19351=DIRECTION('',(0.,0.,1.));
#19352=VECTOR('',#19351,3.);
#19353=LINE('',#19350,#19352);
#19354=EDGE_CURVE('',#7496,#10939,#19353,.T.);
#19355=ORIENTED_EDGE('',*,*,#19354,.F.);
#19356=ORIENTED_EDGE('',*,*,#7541,.F.);
#19357=EDGE_LOOP('',(#19348,#19349,#19355,#19356));
#19358=FACE_BOUND('',#19357,.T.);
#19359=ADVANCED_FACE('',(#19358),#19347,.F.);
#19360=CARTESIAN_POINT('',(-2.8276,-9.324965798,15.));
#19361=DIRECTION('',(0.,-1.,0.));
#19362=DIRECTION('',(1.,0.,0.));
#19363=AXIS2_PLACEMENT_3D('',#19360,#19361,#19362);
#19364=PLANE('',#19363);
#19365=ORIENTED_EDGE('',*,*,#19354,.T.);
#19366=ORIENTED_EDGE('',*,*,#10944,.T.);
#19367=ORIENTED_EDGE('',*,*,#19279,.F.);
#19368=ORIENTED_EDGE('',*,*,#7503,.F.);
#19369=EDGE_LOOP('',(#19365,#19366,#19367,#19368));
#19370=FACE_BOUND('',#19369,.T.);
#19371=ADVANCED_FACE('',(#19370),#19364,.F.);
#19372=CARTESIAN_POINT('',(-17.5432,-21.820251481,15.));
#19373=DIRECTION('',(0.866025404,-0.5,0.));
#19374=DIRECTION('',(0.5,0.866025404,0.));
#19375=AXIS2_PLACEMENT_3D('',#19372,#19373,#19374);
#19376=PLANE('',#19375);
#19377=CARTESIAN_POINT('',(-18.2932,-23.119289586,42.));
#19378=DIRECTION('',(0.,0.,1.));
#19379=VECTOR('',#19378,3.);
#19380=LINE('',#19377,#19379);
#19381=EDGE_CURVE('',#7448,#10879,#19380,.T.);
#19382=ORIENTED_EDGE('',*,*,#19381,.T.);
#19383=ORIENTED_EDGE('',*,*,#10886,.T.);
#19384=CARTESIAN_POINT('',(-16.7932,-20.521213375,42.));
#19385=DIRECTION('',(0.,0.,1.));
#19386=VECTOR('',#19385,3.);
#19387=LINE('',#19384,#19386);
#19388=EDGE_CURVE('',#7456,#10881,#19387,.T.);
#19389=ORIENTED_EDGE('',*,*,#19388,.F.);
#19390=ORIENTED_EDGE('',*,*,#7461,.F.);
#19391=EDGE_LOOP('',(#19382,#19383,#19389,#19390));
#19392=FACE_BOUND('',#19391,.T.);
#19393=ADVANCED_FACE('',(#19392),#19376,.F.);
#19394=CARTESIAN_POINT('',(-17.5432,-19.222175269,15.));
#19395=DIRECTION('',(0.866025404,0.5,0.));
#19396=DIRECTION('',(-0.5,0.866025404,0.));
#19397=AXIS2_PLACEMENT_3D('',#19394,#19395,#19396);
#19398=PLANE('',#19397);
#19399=ORIENTED_EDGE('',*,*,#19388,.T.);
#19400=ORIENTED_EDGE('',*,*,#10924,.T.);
#19401=CARTESIAN_POINT('',(-18.2932,-17.923137164,42.));
#19402=DIRECTION('',(0.,0.,1.));
#19403=VECTOR('',#19402,3.);
#19404=LINE('',#19401,#19403);
#19405=EDGE_CURVE('',#7464,#10913,#19404,.T.);
#19406=ORIENTED_EDGE('',*,*,#19405,.F.);
#19407=ORIENTED_EDGE('',*,*,#7469,.F.);
#19408=EDGE_LOOP('',(#19399,#19400,#19406,#19407));
#19409=FACE_BOUND('',#19408,.T.);
#19410=ADVANCED_FACE('',(#19409),#19398,.F.);
#19411=CARTESIAN_POINT('',(-19.7932,-17.923137164,15.));
#19412=DIRECTION('',(0.,1.,0.));
#19413=DIRECTION('',(0.,0.,1.));
#19414=AXIS2_PLACEMENT_3D('',#19411,#19412,#19413);
#19415=PLANE('',#19414);
#19416=ORIENTED_EDGE('',*,*,#19405,.T.);
#19417=ORIENTED_EDGE('',*,*,#10918,.T.);
#19418=CARTESIAN_POINT('',(-21.2932,-17.923137164,42.));
#19419=DIRECTION('',(0.,0.,1.));
#19420=VECTOR('',#19419,3.);
#19421=LINE('',#19418,#19420);
#19422=EDGE_CURVE('',#7472,#10905,#19421,.T.);
#19423=ORIENTED_EDGE('',*,*,#19422,.F.);
#19424=ORIENTED_EDGE('',*,*,#7477,.F.);
#19425=EDGE_LOOP('',(#19416,#19417,#19423,#19424));
#19426=FACE_BOUND('',#19425,.T.);
#19427=ADVANCED_FACE('',(#19426),#19415,.F.);
#19428=CARTESIAN_POINT('',(-22.0432,-19.222175269,15.));
#19429=DIRECTION('',(-0.866025404,0.5,0.));
#19430=DIRECTION('',(-0.5,-0.866025404,0.));
#19431=AXIS2_PLACEMENT_3D('',#19428,#19429,#19430);
#19432=PLANE('',#19431);
#19433=ORIENTED_EDGE('',*,*,#19422,.T.);
#19434=ORIENTED_EDGE('',*,*,#10910,.T.);
#19435=CARTESIAN_POINT('',(-22.7932,-20.521213375,42.));
#19436=DIRECTION('',(0.,0.,1.));
#19437=VECTOR('',#19436,3.);
#19438=LINE('',#19435,#19437);
#19439=EDGE_CURVE('',#7480,#10897,#19438,.T.);
#19440=ORIENTED_EDGE('',*,*,#19439,.F.);
#19441=ORIENTED_EDGE('',*,*,#7485,.F.);
#19442=EDGE_LOOP('',(#19433,#19434,#19440,#19441));
#19443=FACE_BOUND('',#19442,.T.);
#19444=ADVANCED_FACE('',(#19443),#19432,.F.);
#19445=CARTESIAN_POINT('',(-22.0432,-21.820251481,15.));
#19446=DIRECTION('',(-0.866025404,-0.5,0.));
#19447=DIRECTION('',(0.5,-0.866025404,0.));
#19448=AXIS2_PLACEMENT_3D('',#19445,#19446,#19447);
#19449=PLANE('',#19448);
#19450=ORIENTED_EDGE('',*,*,#19439,.T.);
#19451=ORIENTED_EDGE('',*,*,#10902,.T.);
#19452=CARTESIAN_POINT('',(-21.2932,-23.119289586,42.));
#19453=DIRECTION('',(0.,0.,1.));
#19454=VECTOR('',#19453,3.);
#19455=LINE('',#19452,#19454);
#19456=EDGE_CURVE('',#7446,#10889,#19455,.T.);
#19457=ORIENTED_EDGE('',*,*,#19456,.F.);
#19458=ORIENTED_EDGE('',*,*,#7491,.F.);
#19459=EDGE_LOOP('',(#19450,#19451,#19457,#19458));
#19460=FACE_BOUND('',#19459,.T.);
#19461=ADVANCED_FACE('',(#19460),#19449,.F.);
#19462=CARTESIAN_POINT('',(-19.7932,-23.119289586,15.));
#19463=DIRECTION('',(0.,-1.,0.));
#19464=DIRECTION('',(1.,0.,0.));
#19465=AXIS2_PLACEMENT_3D('',#19462,#19463,#19464);
#19466=PLANE('',#19465);
#19467=ORIENTED_EDGE('',*,*,#19456,.T.);
#19468=ORIENTED_EDGE('',*,*,#10894,.T.);
#19469=ORIENTED_EDGE('',*,*,#19381,.F.);
#19470=ORIENTED_EDGE('',*,*,#7453,.F.);
#19471=EDGE_LOOP('',(#19467,#19468,#19469,#19470));
#19472=FACE_BOUND('',#19471,.T.);
#19473=ADVANCED_FACE('',(#19472),#19466,.F.);
#19474=CARTESIAN_POINT('',(-17.5432,5.768348519,15.));
#19475=DIRECTION('',(0.866025404,-0.5,0.));
#19476=DIRECTION('',(0.5,0.866025404,0.));
#19477=AXIS2_PLACEMENT_3D('',#19474,#19475,#19476);
#19478=PLANE('',#19477);
#19479=CARTESIAN_POINT('',(-18.2932,4.469310414,42.));
#19480=DIRECTION('',(0.,0.,1.));
#19481=VECTOR('',#19480,3.);
#19482=LINE('',#19479,#19481);
#19483=EDGE_CURVE('',#7398,#10829,#19482,.T.);
#19484=ORIENTED_EDGE('',*,*,#19483,.T.);
#19485=ORIENTED_EDGE('',*,*,#10836,.T.);
#19486=CARTESIAN_POINT('',(-16.7932,7.067386625,42.));
#19487=DIRECTION('',(0.,0.,1.));
#19488=VECTOR('',#19487,3.);
#19489=LINE('',#19486,#19488);
#19490=EDGE_CURVE('',#7406,#10831,#19489,.T.);
#19491=ORIENTED_EDGE('',*,*,#19490,.F.);
#19492=ORIENTED_EDGE('',*,*,#7411,.F.);
#19493=EDGE_LOOP('',(#19484,#19485,#19491,#19492));
#19494=FACE_BOUND('',#19493,.T.);
#19495=ADVANCED_FACE('',(#19494),#19478,.F.);
#19496=CARTESIAN_POINT('',(-17.5432,8.366424731,15.));
#19497=DIRECTION('',(0.866025404,0.5,0.));
#19498=DIRECTION('',(-0.5,0.866025404,0.));
#19499=AXIS2_PLACEMENT_3D('',#19496,#19497,#19498);
#19500=PLANE('',#19499);
#19501=ORIENTED_EDGE('',*,*,#19490,.T.);
#19502=ORIENTED_EDGE('',*,*,#10874,.T.);
#19503=CARTESIAN_POINT('',(-18.2932,9.665462836,42.));
#19504=DIRECTION('',(0.,0.,1.));
#19505=VECTOR('',#19504,3.);
#19506=LINE('',#19503,#19505);
#19507=EDGE_CURVE('',#7414,#10863,#19506,.T.);
#19508=ORIENTED_EDGE('',*,*,#19507,.F.);
#19509=ORIENTED_EDGE('',*,*,#7419,.F.);
#19510=EDGE_LOOP('',(#19501,#19502,#19508,#19509));
#19511=FACE_BOUND('',#19510,.T.);
#19512=ADVANCED_FACE('',(#19511),#19500,.F.);
#19513=CARTESIAN_POINT('',(-19.7932,9.665462836,15.));
#19514=DIRECTION('',(0.,1.,0.));
#19515=DIRECTION('',(0.,0.,1.));
#19516=AXIS2_PLACEMENT_3D('',#19513,#19514,#19515);
#19517=PLANE('',#19516);
#19518=ORIENTED_EDGE('',*,*,#19507,.T.);
#19519=ORIENTED_EDGE('',*,*,#10868,.T.);
#19520=CARTESIAN_POINT('',(-21.2932,9.665462836,42.));
#19521=DIRECTION('',(0.,0.,1.));
#19522=VECTOR('',#19521,3.);
#19523=LINE('',#19520,#19522);
#19524=EDGE_CURVE('',#7422,#10855,#19523,.T.);
#19525=ORIENTED_EDGE('',*,*,#19524,.F.);
#19526=ORIENTED_EDGE('',*,*,#7427,.F.);
#19527=EDGE_LOOP('',(#19518,#19519,#19525,#19526));
#19528=FACE_BOUND('',#19527,.T.);
#19529=ADVANCED_FACE('',(#19528),#19517,.F.);
#19530=CARTESIAN_POINT('',(-22.0432,8.366424731,15.));
#19531=DIRECTION('',(-0.866025404,0.5,0.));
#19532=DIRECTION('',(-0.5,-0.866025404,0.));
#19533=AXIS2_PLACEMENT_3D('',#19530,#19531,#19532);
#19534=PLANE('',#19533);
#19535=ORIENTED_EDGE('',*,*,#19524,.T.);
#19536=ORIENTED_EDGE('',*,*,#10860,.T.);
#19537=CARTESIAN_POINT('',(-22.7932,7.067386625,42.));
#19538=DIRECTION('',(0.,0.,1.));
#19539=VECTOR('',#19538,3.);
#19540=LINE('',#19537,#19539);
#19541=EDGE_CURVE('',#7430,#10847,#19540,.T.);
#19542=ORIENTED_EDGE('',*,*,#19541,.F.);
#19543=ORIENTED_EDGE('',*,*,#7435,.F.);
#19544=EDGE_LOOP('',(#19535,#19536,#19542,#19543));
#19545=FACE_BOUND('',#19544,.T.);
#19546=ADVANCED_FACE('',(#19545),#19534,.F.);
#19547=CARTESIAN_POINT('',(-22.0432,5.768348519,15.));
#19548=DIRECTION('',(-0.866025404,-0.5,0.));
#19549=DIRECTION('',(0.5,-0.866025404,0.));
#19550=AXIS2_PLACEMENT_3D('',#19547,#19548,#19549);
#19551=PLANE('',#19550);
#19552=ORIENTED_EDGE('',*,*,#19541,.T.);
#19553=ORIENTED_EDGE('',*,*,#10852,.T.);
#19554=CARTESIAN_POINT('',(-21.2932,4.469310414,42.));
#19555=DIRECTION('',(0.,0.,1.));
#19556=VECTOR('',#19555,3.);
#19557=LINE('',#19554,#19556);
#19558=EDGE_CURVE('',#7396,#10839,#19557,.T.);
#19559=ORIENTED_EDGE('',*,*,#19558,.F.);
#19560=ORIENTED_EDGE('',*,*,#7441,.F.);
#19561=EDGE_LOOP('',(#19552,#19553,#19559,#19560));
#19562=FACE_BOUND('',#19561,.T.);
#19563=ADVANCED_FACE('',(#19562),#19551,.F.);
#19564=CARTESIAN_POINT('',(-19.7932,4.469310414,15.));
#19565=DIRECTION('',(0.,-1.,0.));
#19566=DIRECTION('',(1.,0.,0.));
#19567=AXIS2_PLACEMENT_3D('',#19564,#19565,#19566);
#19568=PLANE('',#19567);
#19569=ORIENTED_EDGE('',*,*,#19558,.T.);
#19570=ORIENTED_EDGE('',*,*,#10844,.T.);
#19571=ORIENTED_EDGE('',*,*,#19483,.F.);
#19572=ORIENTED_EDGE('',*,*,#7403,.F.);
#19573=EDGE_LOOP('',(#19569,#19570,#19571,#19572));
#19574=FACE_BOUND('',#19573,.T.);
#19575=ADVANCED_FACE('',(#19574),#19568,.F.);
#19576=CARTESIAN_POINT('',(-11.888,-26.418327692,15.));
#19577=DIRECTION('',(0.866025404,-0.5,0.));
#19578=DIRECTION('',(0.5,0.866025404,0.));
#19579=AXIS2_PLACEMENT_3D('',#19576,#19577,#19578);
#19580=PLANE('',#19579);
#19581=CARTESIAN_POINT('',(-12.638,-27.717365798,42.));
#19582=DIRECTION('',(0.,0.,1.));
#19583=VECTOR('',#19582,3.);
#19584=LINE('',#19581,#19583);
#19585=EDGE_CURVE('',#7348,#10779,#19584,.T.);
#19586=ORIENTED_EDGE('',*,*,#19585,.T.);
#19587=ORIENTED_EDGE('',*,*,#10786,.T.);
#19588=CARTESIAN_POINT('',(-11.138,-25.119289586,42.));
#19589=DIRECTION('',(0.,0.,1.));
#19590=VECTOR('',#19589,3.);
#19591=LINE('',#19588,#19590);
#19592=EDGE_CURVE('',#7356,#10781,#19591,.T.);
#19593=ORIENTED_EDGE('',*,*,#19592,.F.);
#19594=ORIENTED_EDGE('',*,*,#7361,.F.);
#19595=EDGE_LOOP('',(#19586,#19587,#19593,#19594));
#19596=FACE_BOUND('',#19595,.T.);
#19597=ADVANCED_FACE('',(#19596),#19580,.F.);
#19598=CARTESIAN_POINT('',(-11.888,-23.820251481,15.));
#19599=DIRECTION('',(0.866025404,0.5,0.));
#19600=DIRECTION('',(-0.5,0.866025404,0.));
#19601=AXIS2_PLACEMENT_3D('',#19598,#19599,#19600);
#19602=PLANE('',#19601);
#19603=ORIENTED_EDGE('',*,*,#19592,.T.);
#19604=ORIENTED_EDGE('',*,*,#10824,.T.);
#19605=CARTESIAN_POINT('',(-12.638,-22.521213375,42.));
#19606=DIRECTION('',(0.,0.,1.));
#19607=VECTOR('',#19606,3.);
#19608=LINE('',#19605,#19607);
#19609=EDGE_CURVE('',#7364,#10813,#19608,.T.);
#19610=ORIENTED_EDGE('',*,*,#19609,.F.);
#19611=ORIENTED_EDGE('',*,*,#7369,.F.);
#19612=EDGE_LOOP('',(#19603,#19604,#19610,#19611));
#19613=FACE_BOUND('',#19612,.T.);
#19614=ADVANCED_FACE('',(#19613),#19602,.F.);
#19615=CARTESIAN_POINT('',(-14.138,-22.521213375,15.));
#19616=DIRECTION('',(0.,1.,0.));
#19617=DIRECTION('',(0.,0.,1.));
#19618=AXIS2_PLACEMENT_3D('',#19615,#19616,#19617);
#19619=PLANE('',#19618);
#19620=ORIENTED_EDGE('',*,*,#19609,.T.);
#19621=ORIENTED_EDGE('',*,*,#10818,.T.);
#19622=CARTESIAN_POINT('',(-15.638,-22.521213375,42.));
#19623=DIRECTION('',(0.,0.,1.));
#19624=VECTOR('',#19623,3.);
#19625=LINE('',#19622,#19624);
#19626=EDGE_CURVE('',#7372,#10805,#19625,.T.);
#19627=ORIENTED_EDGE('',*,*,#19626,.F.);
#19628=ORIENTED_EDGE('',*,*,#7377,.F.);
#19629=EDGE_LOOP('',(#19620,#19621,#19627,#19628));
#19630=FACE_BOUND('',#19629,.T.);
#19631=ADVANCED_FACE('',(#19630),#19619,.F.);
#19632=CARTESIAN_POINT('',(-16.388,-23.820251481,15.));
#19633=DIRECTION('',(-0.866025404,0.5,0.));
#19634=DIRECTION('',(-0.5,-0.866025404,0.));
#19635=AXIS2_PLACEMENT_3D('',#19632,#19633,#19634);
#19636=PLANE('',#19635);
#19637=ORIENTED_EDGE('',*,*,#19626,.T.);
#19638=ORIENTED_EDGE('',*,*,#10810,.T.);
#19639=CARTESIAN_POINT('',(-17.138,-25.119289586,42.));
#19640=DIRECTION('',(0.,0.,1.));
#19641=VECTOR('',#19640,3.);
#19642=LINE('',#19639,#19641);
#19643=EDGE_CURVE('',#7380,#10797,#19642,.T.);
#19644=ORIENTED_EDGE('',*,*,#19643,.F.);
#19645=ORIENTED_EDGE('',*,*,#7385,.F.);
#19646=EDGE_LOOP('',(#19637,#19638,#19644,#19645));
#19647=FACE_BOUND('',#19646,.T.);
#19648=ADVANCED_FACE('',(#19647),#19636,.F.);
#19649=CARTESIAN_POINT('',(-16.388,-26.418327692,15.));
#19650=DIRECTION('',(-0.866025404,-0.5,0.));
#19651=DIRECTION('',(0.5,-0.866025404,0.));
#19652=AXIS2_PLACEMENT_3D('',#19649,#19650,#19651);
#19653=PLANE('',#19652);
#19654=ORIENTED_EDGE('',*,*,#19643,.T.);
#19655=ORIENTED_EDGE('',*,*,#10802,.T.);
#19656=CARTESIAN_POINT('',(-15.638,-27.717365798,42.));
#19657=DIRECTION('',(0.,0.,1.));
#19658=VECTOR('',#19657,3.);
#19659=LINE('',#19656,#19658);
#19660=EDGE_CURVE('',#7346,#10789,#19659,.T.);
#19661=ORIENTED_EDGE('',*,*,#19660,.F.);
#19662=ORIENTED_EDGE('',*,*,#7391,.F.);
#19663=EDGE_LOOP('',(#19654,#19655,#19661,#19662));
#19664=FACE_BOUND('',#19663,.T.);
#19665=ADVANCED_FACE('',(#19664),#19653,.F.);
#19666=CARTESIAN_POINT('',(-14.138,-27.717365798,15.));
#19667=DIRECTION('',(0.,-1.,0.));
#19668=DIRECTION('',(1.,0.,0.));
#19669=AXIS2_PLACEMENT_3D('',#19666,#19667,#19668);
#19670=PLANE('',#19669);
#19671=ORIENTED_EDGE('',*,*,#19660,.T.);
#19672=ORIENTED_EDGE('',*,*,#10794,.T.);
#19673=ORIENTED_EDGE('',*,*,#19585,.F.);
#19674=ORIENTED_EDGE('',*,*,#7353,.F.);
#19675=EDGE_LOOP('',(#19671,#19672,#19673,#19674));
#19676=FACE_BOUND('',#19675,.T.);
#19677=ADVANCED_FACE('',(#19676),#19670,.F.);
#19678=CARTESIAN_POINT('',(10.7328,-8.025927692,15.));
#19679=DIRECTION('',(0.866025404,-0.5,0.));
#19680=DIRECTION('',(0.5,0.866025404,0.));
#19681=AXIS2_PLACEMENT_3D('',#19678,#19679,#19680);
#19682=PLANE('',#19681);
#19683=CARTESIAN_POINT('',(9.9828,-9.324965798,42.));
#19684=DIRECTION('',(0.,0.,1.));
#19685=VECTOR('',#19684,3.);
#19686=LINE('',#19683,#19685);
#19687=EDGE_CURVE('',#7298,#10729,#19686,.T.);
#19688=ORIENTED_EDGE('',*,*,#19687,.T.);
#19689=ORIENTED_EDGE('',*,*,#10736,.T.);
#19690=CARTESIAN_POINT('',(11.4828,-6.726889586,42.));
#19691=DIRECTION('',(0.,0.,1.));
#19692=VECTOR('',#19691,3.);
#19693=LINE('',#19690,#19692);
#19694=EDGE_CURVE('',#7306,#10731,#19693,.T.);
#19695=ORIENTED_EDGE('',*,*,#19694,.F.);
#19696=ORIENTED_EDGE('',*,*,#7311,.F.);
#19697=EDGE_LOOP('',(#19688,#19689,#19695,#19696));
#19698=FACE_BOUND('',#19697,.T.);
#19699=ADVANCED_FACE('',(#19698),#19682,.F.);
#19700=CARTESIAN_POINT('',(10.7328,-5.427851481,15.));
#19701=DIRECTION('',(0.866025404,0.5,0.));
#19702=DIRECTION('',(-0.5,0.866025404,0.));
#19703=AXIS2_PLACEMENT_3D('',#19700,#19701,#19702);
#19704=PLANE('',#19703);
#19705=ORIENTED_EDGE('',*,*,#19694,.T.);
#19706=ORIENTED_EDGE('',*,*,#10774,.T.);
#19707=CARTESIAN_POINT('',(9.9828,-4.128813375,42.));
#19708=DIRECTION('',(0.,0.,1.));
#19709=VECTOR('',#19708,3.);
#19710=LINE('',#19707,#19709);
#19711=EDGE_CURVE('',#7314,#10763,#19710,.T.);
#19712=ORIENTED_EDGE('',*,*,#19711,.F.);
#19713=ORIENTED_EDGE('',*,*,#7319,.F.);
#19714=EDGE_LOOP('',(#19705,#19706,#19712,#19713));
#19715=FACE_BOUND('',#19714,.T.);
#19716=ADVANCED_FACE('',(#19715),#19704,.F.);
#19717=CARTESIAN_POINT('',(8.4828,-4.128813375,15.));
#19718=DIRECTION('',(0.,1.,0.));
#19719=DIRECTION('',(0.,0.,1.));
#19720=AXIS2_PLACEMENT_3D('',#19717,#19718,#19719);
#19721=PLANE('',#19720);
#19722=ORIENTED_EDGE('',*,*,#19711,.T.);
#19723=ORIENTED_EDGE('',*,*,#10768,.T.);
#19724=CARTESIAN_POINT('',(6.9828,-4.128813375,42.));
#19725=DIRECTION('',(0.,0.,1.));
#19726=VECTOR('',#19725,3.);
#19727=LINE('',#19724,#19726);
#19728=EDGE_CURVE('',#7322,#10755,#19727,.T.);
#19729=ORIENTED_EDGE('',*,*,#19728,.F.);
#19730=ORIENTED_EDGE('',*,*,#7327,.F.);
#19731=EDGE_LOOP('',(#19722,#19723,#19729,#19730));
#19732=FACE_BOUND('',#19731,.T.);
#19733=ADVANCED_FACE('',(#19732),#19721,.F.);
#19734=CARTESIAN_POINT('',(6.2328,-5.427851481,15.));
#19735=DIRECTION('',(-0.866025404,0.5,0.));
#19736=DIRECTION('',(-0.5,-0.866025404,0.));
#19737=AXIS2_PLACEMENT_3D('',#19734,#19735,#19736);
#19738=PLANE('',#19737);
#19739=ORIENTED_EDGE('',*,*,#19728,.T.);
#19740=ORIENTED_EDGE('',*,*,#10760,.T.);
#19741=CARTESIAN_POINT('',(5.4828,-6.726889586,42.));
#19742=DIRECTION('',(0.,0.,1.));
#19743=VECTOR('',#19742,3.);
#19744=LINE('',#19741,#19743);
#19745=EDGE_CURVE('',#7330,#10747,#19744,.T.);
#19746=ORIENTED_EDGE('',*,*,#19745,.F.);
#19747=ORIENTED_EDGE('',*,*,#7335,.F.);
#19748=EDGE_LOOP('',(#19739,#19740,#19746,#19747));
#19749=FACE_BOUND('',#19748,.T.);
#19750=ADVANCED_FACE('',(#19749),#19738,.F.);
#19751=CARTESIAN_POINT('',(6.2328,-8.025927692,15.));
#19752=DIRECTION('',(-0.866025404,-0.5,0.));
#19753=DIRECTION('',(0.5,-0.866025404,0.));
#19754=AXIS2_PLACEMENT_3D('',#19751,#19752,#19753);
#19755=PLANE('',#19754);
#19756=ORIENTED_EDGE('',*,*,#19745,.T.);
#19757=ORIENTED_EDGE('',*,*,#10752,.T.);
#19758=CARTESIAN_POINT('',(6.9828,-9.324965798,42.));
#19759=DIRECTION('',(0.,0.,1.));
#19760=VECTOR('',#19759,3.);
#19761=LINE('',#19758,#19760);
#19762=EDGE_CURVE('',#7296,#10739,#19761,.T.);
#19763=ORIENTED_EDGE('',*,*,#19762,.F.);
#19764=ORIENTED_EDGE('',*,*,#7341,.F.);
#19765=EDGE_LOOP('',(#19756,#19757,#19763,#19764));
#19766=FACE_BOUND('',#19765,.T.);
#19767=ADVANCED_FACE('',(#19766),#19755,.F.);
#19768=CARTESIAN_POINT('',(8.4828,-9.324965798,15.));
#19769=DIRECTION('',(0.,-1.,0.));
#19770=DIRECTION('',(1.,0.,0.));
#19771=AXIS2_PLACEMENT_3D('',#19768,#19769,#19770);
#19772=PLANE('',#19771);
#19773=ORIENTED_EDGE('',*,*,#19762,.T.);
#19774=ORIENTED_EDGE('',*,*,#10744,.T.);
#19775=ORIENTED_EDGE('',*,*,#19687,.F.);
#19776=ORIENTED_EDGE('',*,*,#7303,.F.);
#19777=EDGE_LOOP('',(#19773,#19774,#19775,#19776));
#19778=FACE_BOUND('',#19777,.T.);
#19779=ADVANCED_FACE('',(#19778),#19772,.F.);
#19780=CARTESIAN_POINT('',(22.0432,1.170272308,15.));
#19781=DIRECTION('',(0.866025404,-0.5,0.));
#19782=DIRECTION('',(0.5,0.866025404,0.));
#19783=AXIS2_PLACEMENT_3D('',#19780,#19781,#19782);
#19784=PLANE('',#19783);
#19785=CARTESIAN_POINT('',(21.2932,-0.128765798,42.));
#19786=DIRECTION('',(0.,0.,1.));
#19787=VECTOR('',#19786,3.);
#19788=LINE('',#19785,#19787);
#19789=EDGE_CURVE('',#7248,#10679,#19788,.T.);
#19790=ORIENTED_EDGE('',*,*,#19789,.T.);
#19791=ORIENTED_EDGE('',*,*,#10686,.T.);
#19792=CARTESIAN_POINT('',(22.7932,2.469310414,42.));
#19793=DIRECTION('',(0.,0.,1.));
#19794=VECTOR('',#19793,3.);
#19795=LINE('',#19792,#19794);
#19796=EDGE_CURVE('',#7256,#10681,#19795,.T.);
#19797=ORIENTED_EDGE('',*,*,#19796,.F.);
#19798=ORIENTED_EDGE('',*,*,#7261,.F.);
#19799=EDGE_LOOP('',(#19790,#19791,#19797,#19798));
#19800=FACE_BOUND('',#19799,.T.);
#19801=ADVANCED_FACE('',(#19800),#19784,.F.);
#19802=CARTESIAN_POINT('',(22.0432,3.768348519,15.));
#19803=DIRECTION('',(0.866025404,0.5,0.));
#19804=DIRECTION('',(-0.5,0.866025404,0.));
#19805=AXIS2_PLACEMENT_3D('',#19802,#19803,#19804);
#19806=PLANE('',#19805);
#19807=ORIENTED_EDGE('',*,*,#19796,.T.);
#19808=ORIENTED_EDGE('',*,*,#10724,.T.);
#19809=CARTESIAN_POINT('',(21.2932,5.067386625,42.));
#19810=DIRECTION('',(0.,0.,1.));
#19811=VECTOR('',#19810,3.);
#19812=LINE('',#19809,#19811);
#19813=EDGE_CURVE('',#7264,#10713,#19812,.T.);
#19814=ORIENTED_EDGE('',*,*,#19813,.F.);
#19815=ORIENTED_EDGE('',*,*,#7269,.F.);
#19816=EDGE_LOOP('',(#19807,#19808,#19814,#19815));
#19817=FACE_BOUND('',#19816,.T.);
#19818=ADVANCED_FACE('',(#19817),#19806,.F.);
#19819=CARTESIAN_POINT('',(19.7932,5.067386625,15.));
#19820=DIRECTION('',(0.,1.,0.));
#19821=DIRECTION('',(0.,0.,1.));
#19822=AXIS2_PLACEMENT_3D('',#19819,#19820,#19821);
#19823=PLANE('',#19822);
#19824=ORIENTED_EDGE('',*,*,#19813,.T.);
#19825=ORIENTED_EDGE('',*,*,#10718,.T.);
#19826=CARTESIAN_POINT('',(18.2932,5.067386625,42.));
#19827=DIRECTION('',(0.,0.,1.));
#19828=VECTOR('',#19827,3.);
#19829=LINE('',#19826,#19828);
#19830=EDGE_CURVE('',#7272,#10705,#19829,.T.);
#19831=ORIENTED_EDGE('',*,*,#19830,.F.);
#19832=ORIENTED_EDGE('',*,*,#7277,.F.);
#19833=EDGE_LOOP('',(#19824,#19825,#19831,#19832));
#19834=FACE_BOUND('',#19833,.T.);
#19835=ADVANCED_FACE('',(#19834),#19823,.F.);
#19836=CARTESIAN_POINT('',(17.5432,3.768348519,15.));
#19837=DIRECTION('',(-0.866025404,0.5,0.));
#19838=DIRECTION('',(-0.5,-0.866025404,0.));
#19839=AXIS2_PLACEMENT_3D('',#19836,#19837,#19838);
#19840=PLANE('',#19839);
#19841=ORIENTED_EDGE('',*,*,#19830,.T.);
#19842=ORIENTED_EDGE('',*,*,#10710,.T.);
#19843=CARTESIAN_POINT('',(16.7932,2.469310414,42.));
#19844=DIRECTION('',(0.,0.,1.));
#19845=VECTOR('',#19844,3.);
#19846=LINE('',#19843,#19845);
#19847=EDGE_CURVE('',#7280,#10697,#19846,.T.);
#19848=ORIENTED_EDGE('',*,*,#19847,.F.);
#19849=ORIENTED_EDGE('',*,*,#7285,.F.);
#19850=EDGE_LOOP('',(#19841,#19842,#19848,#19849));
#19851=FACE_BOUND('',#19850,.T.);
#19852=ADVANCED_FACE('',(#19851),#19840,.F.);
#19853=CARTESIAN_POINT('',(17.5432,1.170272308,15.));
#19854=DIRECTION('',(-0.866025404,-0.5,0.));
#19855=DIRECTION('',(0.5,-0.866025404,0.));
#19856=AXIS2_PLACEMENT_3D('',#19853,#19854,#19855);
#19857=PLANE('',#19856);
#19858=ORIENTED_EDGE('',*,*,#19847,.T.);
#19859=ORIENTED_EDGE('',*,*,#10702,.T.);
#19860=CARTESIAN_POINT('',(18.2932,-0.128765798,42.));
#19861=DIRECTION('',(0.,0.,1.));
#19862=VECTOR('',#19861,3.);
#19863=LINE('',#19860,#19862);
#19864=EDGE_CURVE('',#7246,#10689,#19863,.T.);
#19865=ORIENTED_EDGE('',*,*,#19864,.F.);
#19866=ORIENTED_EDGE('',*,*,#7291,.F.);
#19867=EDGE_LOOP('',(#19858,#19859,#19865,#19866));
#19868=FACE_BOUND('',#19867,.T.);
#19869=ADVANCED_FACE('',(#19868),#19857,.F.);
#19870=CARTESIAN_POINT('',(19.7932,-0.128765798,15.));
#19871=DIRECTION('',(0.,-1.,0.));
#19872=DIRECTION('',(1.,0.,0.));
#19873=AXIS2_PLACEMENT_3D('',#19870,#19871,#19872);
#19874=PLANE('',#19873);
#19875=ORIENTED_EDGE('',*,*,#19864,.T.);
#19876=ORIENTED_EDGE('',*,*,#10694,.T.);
#19877=ORIENTED_EDGE('',*,*,#19789,.F.);
#19878=ORIENTED_EDGE('',*,*,#7253,.F.);
#19879=EDGE_LOOP('',(#19875,#19876,#19877,#19878));
#19880=FACE_BOUND('',#19879,.T.);
#19881=ADVANCED_FACE('',(#19880),#19874,.F.);
#19882=CARTESIAN_POINT('',(22.0432,19.562672308,15.));
#19883=DIRECTION('',(0.866025404,-0.5,0.));
#19884=DIRECTION('',(0.5,0.866025404,0.));
#19885=AXIS2_PLACEMENT_3D('',#19882,#19883,#19884);
#19886=PLANE('',#19885);
#19887=CARTESIAN_POINT('',(21.2932,18.263634202,42.));
#19888=DIRECTION('',(0.,0.,1.));
#19889=VECTOR('',#19888,3.);
#19890=LINE('',#19887,#19889);
#19891=EDGE_CURVE('',#7198,#10629,#19890,.T.);
#19892=ORIENTED_EDGE('',*,*,#19891,.T.);
#19893=ORIENTED_EDGE('',*,*,#10636,.T.);
#19894=CARTESIAN_POINT('',(22.7932,20.861710414,42.));
#19895=DIRECTION('',(0.,0.,1.));
#19896=VECTOR('',#19895,3.);
#19897=LINE('',#19894,#19896);
#19898=EDGE_CURVE('',#7206,#10631,#19897,.T.);
#19899=ORIENTED_EDGE('',*,*,#19898,.F.);
#19900=ORIENTED_EDGE('',*,*,#7211,.F.);
#19901=EDGE_LOOP('',(#19892,#19893,#19899,#19900));
#19902=FACE_BOUND('',#19901,.T.);
#19903=ADVANCED_FACE('',(#19902),#19886,.F.);
#19904=CARTESIAN_POINT('',(22.0432,22.160748519,15.));
#19905=DIRECTION('',(0.866025404,0.5,0.));
#19906=DIRECTION('',(-0.5,0.866025404,0.));
#19907=AXIS2_PLACEMENT_3D('',#19904,#19905,#19906);
#19908=PLANE('',#19907);
#19909=ORIENTED_EDGE('',*,*,#19898,.T.);
#19910=ORIENTED_EDGE('',*,*,#10674,.T.);
#19911=CARTESIAN_POINT('',(21.2932,23.459786625,42.));
#19912=DIRECTION('',(0.,0.,1.));
#19913=VECTOR('',#19912,3.);
#19914=LINE('',#19911,#19913);
#19915=EDGE_CURVE('',#7214,#10663,#19914,.T.);
#19916=ORIENTED_EDGE('',*,*,#19915,.F.);
#19917=ORIENTED_EDGE('',*,*,#7219,.F.);
#19918=EDGE_LOOP('',(#19909,#19910,#19916,#19917));
#19919=FACE_BOUND('',#19918,.T.);
#19920=ADVANCED_FACE('',(#19919),#19908,.F.);
#19921=CARTESIAN_POINT('',(19.7932,23.459786625,15.));
#19922=DIRECTION('',(0.,1.,0.));
#19923=DIRECTION('',(0.,0.,1.));
#19924=AXIS2_PLACEMENT_3D('',#19921,#19922,#19923);
#19925=PLANE('',#19924);
#19926=ORIENTED_EDGE('',*,*,#19915,.T.);
#19927=ORIENTED_EDGE('',*,*,#10668,.T.);
#19928=CARTESIAN_POINT('',(18.2932,23.459786625,42.));
#19929=DIRECTION('',(0.,0.,1.));
#19930=VECTOR('',#19929,3.);
#19931=LINE('',#19928,#19930);
#19932=EDGE_CURVE('',#7222,#10655,#19931,.T.);
#19933=ORIENTED_EDGE('',*,*,#19932,.F.);
#19934=ORIENTED_EDGE('',*,*,#7227,.F.);
#19935=EDGE_LOOP('',(#19926,#19927,#19933,#19934));
#19936=FACE_BOUND('',#19935,.T.);
#19937=ADVANCED_FACE('',(#19936),#19925,.F.);
#19938=CARTESIAN_POINT('',(17.5432,22.160748519,15.));
#19939=DIRECTION('',(-0.866025404,0.5,0.));
#19940=DIRECTION('',(-0.5,-0.866025404,0.));
#19941=AXIS2_PLACEMENT_3D('',#19938,#19939,#19940);
#19942=PLANE('',#19941);
#19943=ORIENTED_EDGE('',*,*,#19932,.T.);
#19944=ORIENTED_EDGE('',*,*,#10660,.T.);
#19945=CARTESIAN_POINT('',(16.7932,20.861710414,42.));
#19946=DIRECTION('',(0.,0.,1.));
#19947=VECTOR('',#19946,3.);
#19948=LINE('',#19945,#19947);
#19949=EDGE_CURVE('',#7230,#10647,#19948,.T.);
#19950=ORIENTED_EDGE('',*,*,#19949,.F.);
#19951=ORIENTED_EDGE('',*,*,#7235,.F.);
#19952=EDGE_LOOP('',(#19943,#19944,#19950,#19951));
#19953=FACE_BOUND('',#19952,.T.);
#19954=ADVANCED_FACE('',(#19953),#19942,.F.);
#19955=CARTESIAN_POINT('',(17.5432,19.562672308,15.));
#19956=DIRECTION('',(-0.866025404,-0.5,0.));
#19957=DIRECTION('',(0.5,-0.866025404,0.));
#19958=AXIS2_PLACEMENT_3D('',#19955,#19956,#19957);
#19959=PLANE('',#19958);
#19960=ORIENTED_EDGE('',*,*,#19949,.T.);
#19961=ORIENTED_EDGE('',*,*,#10652,.T.);
#19962=CARTESIAN_POINT('',(18.2932,18.263634202,42.));
#19963=DIRECTION('',(0.,0.,1.));
#19964=VECTOR('',#19963,3.);
#19965=LINE('',#19962,#19964);
#19966=EDGE_CURVE('',#7196,#10639,#19965,.T.);
#19967=ORIENTED_EDGE('',*,*,#19966,.F.);
#19968=ORIENTED_EDGE('',*,*,#7241,.F.);
#19969=EDGE_LOOP('',(#19960,#19961,#19967,#19968));
#19970=FACE_BOUND('',#19969,.T.);
#19971=ADVANCED_FACE('',(#19970),#19959,.F.);
#19972=CARTESIAN_POINT('',(19.7932,18.263634202,15.));
#19973=DIRECTION('',(0.,-1.,0.));
#19974=DIRECTION('',(1.,0.,0.));
#19975=AXIS2_PLACEMENT_3D('',#19972,#19973,#19974);
#19976=PLANE('',#19975);
#19977=ORIENTED_EDGE('',*,*,#19966,.T.);
#19978=ORIENTED_EDGE('',*,*,#10644,.T.);
#19979=ORIENTED_EDGE('',*,*,#19891,.F.);
#19980=ORIENTED_EDGE('',*,*,#7203,.F.);
#19981=EDGE_LOOP('',(#19977,#19978,#19979,#19980));
#19982=FACE_BOUND('',#19981,.T.);
#19983=ADVANCED_FACE('',(#19982),#19976,.F.);
#19984=CARTESIAN_POINT('',(16.388,-3.427851481,15.));
#19985=DIRECTION('',(0.866025404,-0.5,0.));
#19986=DIRECTION('',(0.5,0.866025404,0.));
#19987=AXIS2_PLACEMENT_3D('',#19984,#19985,#19986);
#19988=PLANE('',#19987);
#19989=CARTESIAN_POINT('',(15.638,-4.726889586,42.));
#19990=DIRECTION('',(0.,0.,1.));
#19991=VECTOR('',#19990,3.);
#19992=LINE('',#19989,#19991);
#19993=EDGE_CURVE('',#7148,#10579,#19992,.T.);
#19994=ORIENTED_EDGE('',*,*,#19993,.T.);
#19995=ORIENTED_EDGE('',*,*,#10586,.T.);
#19996=CARTESIAN_POINT('',(17.138,-2.128813375,42.));
#19997=DIRECTION('',(0.,0.,1.));
#19998=VECTOR('',#19997,3.);
#19999=LINE('',#19996,#19998);
#20000=EDGE_CURVE('',#7156,#10581,#19999,.T.);
#20001=ORIENTED_EDGE('',*,*,#20000,.F.);
#20002=ORIENTED_EDGE('',*,*,#7161,.F.);
#20003=EDGE_LOOP('',(#19994,#19995,#20001,#20002));
#20004=FACE_BOUND('',#20003,.T.);
#20005=ADVANCED_FACE('',(#20004),#19988,.F.);
#20006=CARTESIAN_POINT('',(16.388,-0.829775269,15.));
#20007=DIRECTION('',(0.866025404,0.5,0.));
#20008=DIRECTION('',(-0.5,0.866025404,0.));
#20009=AXIS2_PLACEMENT_3D('',#20006,#20007,#20008);
#20010=PLANE('',#20009);
#20011=ORIENTED_EDGE('',*,*,#20000,.T.);
#20012=ORIENTED_EDGE('',*,*,#10624,.T.);
#20013=CARTESIAN_POINT('',(15.638,0.469262836,42.));
#20014=DIRECTION('',(0.,0.,1.));
#20015=VECTOR('',#20014,3.);
#20016=LINE('',#20013,#20015);
#20017=EDGE_CURVE('',#7164,#10613,#20016,.T.);
#20018=ORIENTED_EDGE('',*,*,#20017,.F.);
#20019=ORIENTED_EDGE('',*,*,#7169,.F.);
#20020=EDGE_LOOP('',(#20011,#20012,#20018,#20019));
#20021=FACE_BOUND('',#20020,.T.);
#20022=ADVANCED_FACE('',(#20021),#20010,.F.);
#20023=CARTESIAN_POINT('',(14.138,0.469262836,15.));
#20024=DIRECTION('',(0.,1.,0.));
#20025=DIRECTION('',(0.,0.,1.));
#20026=AXIS2_PLACEMENT_3D('',#20023,#20024,#20025);
#20027=PLANE('',#20026);
#20028=ORIENTED_EDGE('',*,*,#20017,.T.);
#20029=ORIENTED_EDGE('',*,*,#10618,.T.);
#20030=CARTESIAN_POINT('',(12.638,0.469262836,42.));
#20031=DIRECTION('',(0.,0.,1.));
#20032=VECTOR('',#20031,3.);
#20033=LINE('',#20030,#20032);
#20034=EDGE_CURVE('',#7172,#10605,#20033,.T.);
#20035=ORIENTED_EDGE('',*,*,#20034,.F.);
#20036=ORIENTED_EDGE('',*,*,#7177,.F.);
#20037=EDGE_LOOP('',(#20028,#20029,#20035,#20036));
#20038=FACE_BOUND('',#20037,.T.);
#20039=ADVANCED_FACE('',(#20038),#20027,.F.);
#20040=CARTESIAN_POINT('',(11.888,-0.829775269,15.));
#20041=DIRECTION('',(-0.866025404,0.5,0.));
#20042=DIRECTION('',(-0.5,-0.866025404,0.));
#20043=AXIS2_PLACEMENT_3D('',#20040,#20041,#20042);
#20044=PLANE('',#20043);
#20045=ORIENTED_EDGE('',*,*,#20034,.T.);
#20046=ORIENTED_EDGE('',*,*,#10610,.T.);
#20047=CARTESIAN_POINT('',(11.138,-2.128813375,42.));
#20048=DIRECTION('',(0.,0.,1.));
#20049=VECTOR('',#20048,3.);
#20050=LINE('',#20047,#20049);
#20051=EDGE_CURVE('',#7180,#10597,#20050,.T.);
#20052=ORIENTED_EDGE('',*,*,#20051,.F.);
#20053=ORIENTED_EDGE('',*,*,#7185,.F.);
#20054=EDGE_LOOP('',(#20045,#20046,#20052,#20053));
#20055=FACE_BOUND('',#20054,.T.);
#20056=ADVANCED_FACE('',(#20055),#20044,.F.);
#20057=CARTESIAN_POINT('',(11.888,-3.427851481,15.));
#20058=DIRECTION('',(-0.866025404,-0.5,0.));
#20059=DIRECTION('',(0.5,-0.866025404,0.));
#20060=AXIS2_PLACEMENT_3D('',#20057,#20058,#20059);
#20061=PLANE('',#20060);
#20062=ORIENTED_EDGE('',*,*,#20051,.T.);
#20063=ORIENTED_EDGE('',*,*,#10602,.T.);
#20064=CARTESIAN_POINT('',(12.638,-4.726889586,42.));
#20065=DIRECTION('',(0.,0.,1.));
#20066=VECTOR('',#20065,3.);
#20067=LINE('',#20064,#20066);
#20068=EDGE_CURVE('',#7146,#10589,#20067,.T.);
#20069=ORIENTED_EDGE('',*,*,#20068,.F.);
#20070=ORIENTED_EDGE('',*,*,#7191,.F.);
#20071=EDGE_LOOP('',(#20062,#20063,#20069,#20070));
#20072=FACE_BOUND('',#20071,.T.);
#20073=ADVANCED_FACE('',(#20072),#20061,.F.);
#20074=CARTESIAN_POINT('',(14.138,-4.726889586,15.));
#20075=DIRECTION('',(0.,-1.,0.));
#20076=DIRECTION('',(1.,0.,0.));
#20077=AXIS2_PLACEMENT_3D('',#20074,#20075,#20076);
#20078=PLANE('',#20077);
#20079=ORIENTED_EDGE('',*,*,#20068,.T.);
#20080=ORIENTED_EDGE('',*,*,#10594,.T.);
#20081=ORIENTED_EDGE('',*,*,#19993,.F.);
#20082=ORIENTED_EDGE('',*,*,#7153,.F.);
#20083=EDGE_LOOP('',(#20079,#20080,#20081,#20082));
#20084=FACE_BOUND('',#20083,.T.);
#20085=ADVANCED_FACE('',(#20084),#20078,.F.);
#20086=CARTESIAN_POINT('',(5.0776,24.160748519,15.));
#20087=DIRECTION('',(0.866025404,-0.5,0.));
#20088=DIRECTION('',(0.5,0.866025404,0.));
#20089=AXIS2_PLACEMENT_3D('',#20086,#20087,#20088);
#20090=PLANE('',#20089);
#20091=CARTESIAN_POINT('',(4.3276,22.861710414,42.));
#20092=DIRECTION('',(0.,0.,1.));
#20093=VECTOR('',#20092,3.);
#20094=LINE('',#20091,#20093);
#20095=EDGE_CURVE('',#7098,#10529,#20094,.T.);
#20096=ORIENTED_EDGE('',*,*,#20095,.T.);
#20097=ORIENTED_EDGE('',*,*,#10536,.T.);
#20098=CARTESIAN_POINT('',(5.8276,25.459786625,42.));
#20099=DIRECTION('',(0.,0.,1.));
#20100=VECTOR('',#20099,3.);
#20101=LINE('',#20098,#20100);
#20102=EDGE_CURVE('',#7106,#10531,#20101,.T.);
#20103=ORIENTED_EDGE('',*,*,#20102,.F.);
#20104=ORIENTED_EDGE('',*,*,#7111,.F.);
#20105=EDGE_LOOP('',(#20096,#20097,#20103,#20104));
#20106=FACE_BOUND('',#20105,.T.);
#20107=ADVANCED_FACE('',(#20106),#20090,.F.);
#20108=CARTESIAN_POINT('',(5.0776,26.758824731,15.));
#20109=DIRECTION('',(0.866025404,0.5,0.));
#20110=DIRECTION('',(-0.5,0.866025404,0.));
#20111=AXIS2_PLACEMENT_3D('',#20108,#20109,#20110);
#20112=PLANE('',#20111);
#20113=ORIENTED_EDGE('',*,*,#20102,.T.);
#20114=ORIENTED_EDGE('',*,*,#10574,.T.);
#20115=CARTESIAN_POINT('',(4.3276,28.057862836,42.));
#20116=DIRECTION('',(0.,0.,1.));
#20117=VECTOR('',#20116,3.);
#20118=LINE('',#20115,#20117);
#20119=EDGE_CURVE('',#7114,#10563,#20118,.T.);
#20120=ORIENTED_EDGE('',*,*,#20119,.F.);
#20121=ORIENTED_EDGE('',*,*,#7119,.F.);
#20122=EDGE_LOOP('',(#20113,#20114,#20120,#20121));
#20123=FACE_BOUND('',#20122,.T.);
#20124=ADVANCED_FACE('',(#20123),#20112,.F.);
#20125=CARTESIAN_POINT('',(2.8276,28.057862836,15.));
#20126=DIRECTION('',(0.,1.,0.));
#20127=DIRECTION('',(0.,0.,1.));
#20128=AXIS2_PLACEMENT_3D('',#20125,#20126,#20127);
#20129=PLANE('',#20128);
#20130=ORIENTED_EDGE('',*,*,#20119,.T.);
#20131=ORIENTED_EDGE('',*,*,#10568,.T.);
#20132=CARTESIAN_POINT('',(1.3276,28.057862836,42.));
#20133=DIRECTION('',(0.,0.,1.));
#20134=VECTOR('',#20133,3.);
#20135=LINE('',#20132,#20134);
#20136=EDGE_CURVE('',#7122,#10555,#20135,.T.);
#20137=ORIENTED_EDGE('',*,*,#20136,.F.);
#20138=ORIENTED_EDGE('',*,*,#7127,.F.);
#20139=EDGE_LOOP('',(#20130,#20131,#20137,#20138));
#20140=FACE_BOUND('',#20139,.T.);
#20141=ADVANCED_FACE('',(#20140),#20129,.F.);
#20142=CARTESIAN_POINT('',(0.5776,26.758824731,15.));
#20143=DIRECTION('',(-0.866025404,0.5,0.));
#20144=DIRECTION('',(-0.5,-0.866025404,0.));
#20145=AXIS2_PLACEMENT_3D('',#20142,#20143,#20144);
#20146=PLANE('',#20145);
#20147=ORIENTED_EDGE('',*,*,#20136,.T.);
#20148=ORIENTED_EDGE('',*,*,#10560,.T.);
#20149=CARTESIAN_POINT('',(-0.1724,25.459786625,42.));
#20150=DIRECTION('',(0.,0.,1.));
#20151=VECTOR('',#20150,3.);
#20152=LINE('',#20149,#20151);
#20153=EDGE_CURVE('',#7130,#10547,#20152,.T.);
#20154=ORIENTED_EDGE('',*,*,#20153,.F.);
#20155=ORIENTED_EDGE('',*,*,#7135,.F.);
#20156=EDGE_LOOP('',(#20147,#20148,#20154,#20155));
#20157=FACE_BOUND('',#20156,.T.);
#20158=ADVANCED_FACE('',(#20157),#20146,.F.);
#20159=CARTESIAN_POINT('',(0.5776,24.160748519,15.));
#20160=DIRECTION('',(-0.866025404,-0.5,0.));
#20161=DIRECTION('',(0.5,-0.866025404,0.));
#20162=AXIS2_PLACEMENT_3D('',#20159,#20160,#20161);
#20163=PLANE('',#20162);
#20164=ORIENTED_EDGE('',*,*,#20153,.T.);
#20165=ORIENTED_EDGE('',*,*,#10552,.T.);
#20166=CARTESIAN_POINT('',(1.3276,22.861710414,42.));
#20167=DIRECTION('',(0.,0.,1.));
#20168=VECTOR('',#20167,3.);
#20169=LINE('',#20166,#20168);
#20170=EDGE_CURVE('',#7096,#10539,#20169,.T.);
#20171=ORIENTED_EDGE('',*,*,#20170,.F.);
#20172=ORIENTED_EDGE('',*,*,#7141,.F.);
#20173=EDGE_LOOP('',(#20164,#20165,#20171,#20172));
#20174=FACE_BOUND('',#20173,.T.);
#20175=ADVANCED_FACE('',(#20174),#20163,.F.);
#20176=CARTESIAN_POINT('',(2.8276,22.861710414,15.));
#20177=DIRECTION('',(0.,-1.,0.));
#20178=DIRECTION('',(1.,0.,0.));
#20179=AXIS2_PLACEMENT_3D('',#20176,#20177,#20178);
#20180=PLANE('',#20179);
#20181=ORIENTED_EDGE('',*,*,#20170,.T.);
#20182=ORIENTED_EDGE('',*,*,#10544,.T.);
#20183=ORIENTED_EDGE('',*,*,#20095,.F.);
#20184=ORIENTED_EDGE('',*,*,#7103,.F.);
#20185=EDGE_LOOP('',(#20181,#20182,#20183,#20184));
#20186=FACE_BOUND('',#20185,.T.);
#20187=ADVANCED_FACE('',(#20186),#20180,.F.);
#20188=CARTESIAN_POINT('',(-17.5432,-12.624051481,15.));
#20189=DIRECTION('',(0.866025404,-0.5,0.));
#20190=DIRECTION('',(0.5,0.866025404,0.));
#20191=AXIS2_PLACEMENT_3D('',#20188,#20189,#20190);
#20192=PLANE('',#20191);
#20193=CARTESIAN_POINT('',(-18.2932,-13.923089586,42.));
#20194=DIRECTION('',(0.,0.,1.));
#20195=VECTOR('',#20194,3.);
#20196=LINE('',#20193,#20195);
#20197=EDGE_CURVE('',#7048,#10479,#20196,.T.);
#20198=ORIENTED_EDGE('',*,*,#20197,.T.);
#20199=ORIENTED_EDGE('',*,*,#10486,.T.);
#20200=CARTESIAN_POINT('',(-16.7932,-11.325013375,42.));
#20201=DIRECTION('',(0.,0.,1.));
#20202=VECTOR('',#20201,3.);
#20203=LINE('',#20200,#20202);
#20204=EDGE_CURVE('',#7056,#10481,#20203,.T.);
#20205=ORIENTED_EDGE('',*,*,#20204,.F.);
#20206=ORIENTED_EDGE('',*,*,#7061,.F.);
#20207=EDGE_LOOP('',(#20198,#20199,#20205,#20206));
#20208=FACE_BOUND('',#20207,.T.);
#20209=ADVANCED_FACE('',(#20208),#20192,.F.);
#20210=CARTESIAN_POINT('',(-17.5432,-10.025975269,15.));
#20211=DIRECTION('',(0.866025404,0.5,0.));
#20212=DIRECTION('',(-0.5,0.866025404,0.));
#20213=AXIS2_PLACEMENT_3D('',#20210,#20211,#20212);
#20214=PLANE('',#20213);
#20215=ORIENTED_EDGE('',*,*,#20204,.T.);
#20216=ORIENTED_EDGE('',*,*,#10524,.T.);
#20217=CARTESIAN_POINT('',(-18.2932,-8.726937164,42.));
#20218=DIRECTION('',(0.,0.,1.));
#20219=VECTOR('',#20218,3.);
#20220=LINE('',#20217,#20219);
#20221=EDGE_CURVE('',#7064,#10513,#20220,.T.);
#20222=ORIENTED_EDGE('',*,*,#20221,.F.);
#20223=ORIENTED_EDGE('',*,*,#7069,.F.);
#20224=EDGE_LOOP('',(#20215,#20216,#20222,#20223));
#20225=FACE_BOUND('',#20224,.T.);
#20226=ADVANCED_FACE('',(#20225),#20214,.F.);
#20227=CARTESIAN_POINT('',(-19.7932,-8.726937164,15.));
#20228=DIRECTION('',(0.,1.,0.));
#20229=DIRECTION('',(0.,0.,1.));
#20230=AXIS2_PLACEMENT_3D('',#20227,#20228,#20229);
#20231=PLANE('',#20230);
#20232=ORIENTED_EDGE('',*,*,#20221,.T.);
#20233=ORIENTED_EDGE('',*,*,#10518,.T.);
#20234=CARTESIAN_POINT('',(-21.2932,-8.726937164,42.));
#20235=DIRECTION('',(0.,0.,1.));
#20236=VECTOR('',#20235,3.);
#20237=LINE('',#20234,#20236);
#20238=EDGE_CURVE('',#7072,#10505,#20237,.T.);
#20239=ORIENTED_EDGE('',*,*,#20238,.F.);
#20240=ORIENTED_EDGE('',*,*,#7077,.F.);
#20241=EDGE_LOOP('',(#20232,#20233,#20239,#20240));
#20242=FACE_BOUND('',#20241,.T.);
#20243=ADVANCED_FACE('',(#20242),#20231,.F.);
#20244=CARTESIAN_POINT('',(-22.0432,-10.025975269,15.));
#20245=DIRECTION('',(-0.866025404,0.5,0.));
#20246=DIRECTION('',(-0.5,-0.866025404,0.));
#20247=AXIS2_PLACEMENT_3D('',#20244,#20245,#20246);
#20248=PLANE('',#20247);
#20249=ORIENTED_EDGE('',*,*,#20238,.T.);
#20250=ORIENTED_EDGE('',*,*,#10510,.T.);
#20251=CARTESIAN_POINT('',(-22.7932,-11.325013375,42.));
#20252=DIRECTION('',(0.,0.,1.));
#20253=VECTOR('',#20252,3.);
#20254=LINE('',#20251,#20253);
#20255=EDGE_CURVE('',#7080,#10497,#20254,.T.);
#20256=ORIENTED_EDGE('',*,*,#20255,.F.);
#20257=ORIENTED_EDGE('',*,*,#7085,.F.);
#20258=EDGE_LOOP('',(#20249,#20250,#20256,#20257));
#20259=FACE_BOUND('',#20258,.T.);
#20260=ADVANCED_FACE('',(#20259),#20248,.F.);
#20261=CARTESIAN_POINT('',(-22.0432,-12.624051481,15.));
#20262=DIRECTION('',(-0.866025404,-0.5,0.));
#20263=DIRECTION('',(0.5,-0.866025404,0.));
#20264=AXIS2_PLACEMENT_3D('',#20261,#20262,#20263);
#20265=PLANE('',#20264);
#20266=ORIENTED_EDGE('',*,*,#20255,.T.);
#20267=ORIENTED_EDGE('',*,*,#10502,.T.);
#20268=CARTESIAN_POINT('',(-21.2932,-13.923089586,42.));
#20269=DIRECTION('',(0.,0.,1.));
#20270=VECTOR('',#20269,3.);
#20271=LINE('',#20268,#20270);
#20272=EDGE_CURVE('',#7046,#10489,#20271,.T.);
#20273=ORIENTED_EDGE('',*,*,#20272,.F.);
#20274=ORIENTED_EDGE('',*,*,#7091,.F.);
#20275=EDGE_LOOP('',(#20266,#20267,#20273,#20274));
#20276=FACE_BOUND('',#20275,.T.);
#20277=ADVANCED_FACE('',(#20276),#20265,.F.);
#20278=CARTESIAN_POINT('',(-19.7932,-13.923089586,15.));
#20279=DIRECTION('',(0.,-1.,0.));
#20280=DIRECTION('',(1.,0.,0.));
#20281=AXIS2_PLACEMENT_3D('',#20278,#20279,#20280);
#20282=PLANE('',#20281);
#20283=ORIENTED_EDGE('',*,*,#20272,.T.);
#20284=ORIENTED_EDGE('',*,*,#10494,.T.);
#20285=ORIENTED_EDGE('',*,*,#20197,.F.);
#20286=ORIENTED_EDGE('',*,*,#7053,.F.);
#20287=EDGE_LOOP('',(#20283,#20284,#20285,#20286));
#20288=FACE_BOUND('',#20287,.T.);
#20289=ADVANCED_FACE('',(#20288),#20282,.F.);
#20290=CARTESIAN_POINT('',(-11.888,-35.614527692,15.));
#20291=DIRECTION('',(0.866025404,-0.5,0.));
#20292=DIRECTION('',(0.5,0.866025404,0.));
#20293=AXIS2_PLACEMENT_3D('',#20290,#20291,#20292);
#20294=PLANE('',#20293);
#20295=CARTESIAN_POINT('',(-12.638,-36.913565798,42.));
#20296=DIRECTION('',(0.,0.,1.));
#20297=VECTOR('',#20296,3.);
#20298=LINE('',#20295,#20297);
#20299=EDGE_CURVE('',#6998,#10429,#20298,.T.);
#20300=ORIENTED_EDGE('',*,*,#20299,.T.);
#20301=ORIENTED_EDGE('',*,*,#10436,.T.);
#20302=CARTESIAN_POINT('',(-11.138,-34.315489586,42.));
#20303=DIRECTION('',(0.,0.,1.));
#20304=VECTOR('',#20303,3.);
#20305=LINE('',#20302,#20304);
#20306=EDGE_CURVE('',#7006,#10431,#20305,.T.);
#20307=ORIENTED_EDGE('',*,*,#20306,.F.);
#20308=ORIENTED_EDGE('',*,*,#7011,.F.);
#20309=EDGE_LOOP('',(#20300,#20301,#20307,#20308));
#20310=FACE_BOUND('',#20309,.T.);
#20311=ADVANCED_FACE('',(#20310),#20294,.F.);
#20312=CARTESIAN_POINT('',(-11.888,-33.016451481,15.));
#20313=DIRECTION('',(0.866025404,0.5,0.));
#20314=DIRECTION('',(-0.5,0.866025404,0.));
#20315=AXIS2_PLACEMENT_3D('',#20312,#20313,#20314);
#20316=PLANE('',#20315);
#20317=ORIENTED_EDGE('',*,*,#20306,.T.);
#20318=ORIENTED_EDGE('',*,*,#10474,.T.);
#20319=CARTESIAN_POINT('',(-12.638,-31.717413375,42.));
#20320=DIRECTION('',(0.,0.,1.));
#20321=VECTOR('',#20320,3.);
#20322=LINE('',#20319,#20321);
#20323=EDGE_CURVE('',#7014,#10463,#20322,.T.);
#20324=ORIENTED_EDGE('',*,*,#20323,.F.);
#20325=ORIENTED_EDGE('',*,*,#7019,.F.);
#20326=EDGE_LOOP('',(#20317,#20318,#20324,#20325));
#20327=FACE_BOUND('',#20326,.T.);
#20328=ADVANCED_FACE('',(#20327),#20316,.F.);
#20329=CARTESIAN_POINT('',(-14.138,-31.717413375,15.));
#20330=DIRECTION('',(0.,1.,0.));
#20331=DIRECTION('',(0.,0.,1.));
#20332=AXIS2_PLACEMENT_3D('',#20329,#20330,#20331);
#20333=PLANE('',#20332);
#20334=ORIENTED_EDGE('',*,*,#20323,.T.);
#20335=ORIENTED_EDGE('',*,*,#10468,.T.);
#20336=CARTESIAN_POINT('',(-15.638,-31.717413375,42.));
#20337=DIRECTION('',(0.,0.,1.));
#20338=VECTOR('',#20337,3.);
#20339=LINE('',#20336,#20338);
#20340=EDGE_CURVE('',#7022,#10455,#20339,.T.);
#20341=ORIENTED_EDGE('',*,*,#20340,.F.);
#20342=ORIENTED_EDGE('',*,*,#7027,.F.);
#20343=EDGE_LOOP('',(#20334,#20335,#20341,#20342));
#20344=FACE_BOUND('',#20343,.T.);
#20345=ADVANCED_FACE('',(#20344),#20333,.F.);
#20346=CARTESIAN_POINT('',(-16.388,-33.016451481,15.));
#20347=DIRECTION('',(-0.866025404,0.5,0.));
#20348=DIRECTION('',(-0.5,-0.866025404,0.));
#20349=AXIS2_PLACEMENT_3D('',#20346,#20347,#20348);
#20350=PLANE('',#20349);
#20351=ORIENTED_EDGE('',*,*,#20340,.T.);
#20352=ORIENTED_EDGE('',*,*,#10460,.T.);
#20353=CARTESIAN_POINT('',(-17.138,-34.315489586,42.));
#20354=DIRECTION('',(0.,0.,1.));
#20355=VECTOR('',#20354,3.);
#20356=LINE('',#20353,#20355);
#20357=EDGE_CURVE('',#7030,#10447,#20356,.T.);
#20358=ORIENTED_EDGE('',*,*,#20357,.F.);
#20359=ORIENTED_EDGE('',*,*,#7035,.F.);
#20360=EDGE_LOOP('',(#20351,#20352,#20358,#20359));
#20361=FACE_BOUND('',#20360,.T.);
#20362=ADVANCED_FACE('',(#20361),#20350,.F.);
#20363=CARTESIAN_POINT('',(-16.388,-35.614527692,15.));
#20364=DIRECTION('',(-0.866025404,-0.5,0.));
#20365=DIRECTION('',(0.5,-0.866025404,0.));
#20366=AXIS2_PLACEMENT_3D('',#20363,#20364,#20365);
#20367=PLANE('',#20366);
#20368=ORIENTED_EDGE('',*,*,#20357,.T.);
#20369=ORIENTED_EDGE('',*,*,#10452,.T.);
#20370=CARTESIAN_POINT('',(-15.638,-36.913565798,42.));
#20371=DIRECTION('',(0.,0.,1.));
#20372=VECTOR('',#20371,3.);
#20373=LINE('',#20370,#20372);
#20374=EDGE_CURVE('',#6996,#10439,#20373,.T.);
#20375=ORIENTED_EDGE('',*,*,#20374,.F.);
#20376=ORIENTED_EDGE('',*,*,#7041,.F.);
#20377=EDGE_LOOP('',(#20368,#20369,#20375,#20376));
#20378=FACE_BOUND('',#20377,.T.);
#20379=ADVANCED_FACE('',(#20378),#20367,.F.);
#20380=CARTESIAN_POINT('',(-14.138,-36.913565798,15.));
#20381=DIRECTION('',(0.,-1.,0.));
#20382=DIRECTION('',(1.,0.,0.));
#20383=AXIS2_PLACEMENT_3D('',#20380,#20381,#20382);
#20384=PLANE('',#20383);
#20385=ORIENTED_EDGE('',*,*,#20374,.T.);
#20386=ORIENTED_EDGE('',*,*,#10444,.T.);
#20387=ORIENTED_EDGE('',*,*,#20299,.F.);
#20388=ORIENTED_EDGE('',*,*,#7003,.F.);
#20389=EDGE_LOOP('',(#20385,#20386,#20387,#20388));
#20390=FACE_BOUND('',#20389,.T.);
#20391=ADVANCED_FACE('',(#20390),#20384,.F.);
#20392=CARTESIAN_POINT('',(16.388,5.768348519,15.));
#20393=DIRECTION('',(0.866025404,-0.5,0.));
#20394=DIRECTION('',(0.5,0.866025404,0.));
#20395=AXIS2_PLACEMENT_3D('',#20392,#20393,#20394);
#20396=PLANE('',#20395);
#20397=CARTESIAN_POINT('',(15.638,4.469310414,42.));
#20398=DIRECTION('',(0.,0.,1.));
#20399=VECTOR('',#20398,3.);
#20400=LINE('',#20397,#20399);
#20401=EDGE_CURVE('',#6948,#10379,#20400,.T.);
#20402=ORIENTED_EDGE('',*,*,#20401,.T.);
#20403=ORIENTED_EDGE('',*,*,#10386,.T.);
#20404=CARTESIAN_POINT('',(17.138,7.067386625,42.));
#20405=DIRECTION('',(0.,0.,1.));
#20406=VECTOR('',#20405,3.);
#20407=LINE('',#20404,#20406);
#20408=EDGE_CURVE('',#6956,#10381,#20407,.T.);
#20409=ORIENTED_EDGE('',*,*,#20408,.F.);
#20410=ORIENTED_EDGE('',*,*,#6961,.F.);
#20411=EDGE_LOOP('',(#20402,#20403,#20409,#20410));
#20412=FACE_BOUND('',#20411,.T.);
#20413=ADVANCED_FACE('',(#20412),#20396,.F.);
#20414=CARTESIAN_POINT('',(16.388,8.366424731,15.));
#20415=DIRECTION('',(0.866025404,0.5,0.));
#20416=DIRECTION('',(-0.5,0.866025404,0.));
#20417=AXIS2_PLACEMENT_3D('',#20414,#20415,#20416);
#20418=PLANE('',#20417);
#20419=ORIENTED_EDGE('',*,*,#20408,.T.);
#20420=ORIENTED_EDGE('',*,*,#10424,.T.);
#20421=CARTESIAN_POINT('',(15.638,9.665462836,42.));
#20422=DIRECTION('',(0.,0.,1.));
#20423=VECTOR('',#20422,3.);
#20424=LINE('',#20421,#20423);
#20425=EDGE_CURVE('',#6964,#10413,#20424,.T.);
#20426=ORIENTED_EDGE('',*,*,#20425,.F.);
#20427=ORIENTED_EDGE('',*,*,#6969,.F.);
#20428=EDGE_LOOP('',(#20419,#20420,#20426,#20427));
#20429=FACE_BOUND('',#20428,.T.);
#20430=ADVANCED_FACE('',(#20429),#20418,.F.);
#20431=CARTESIAN_POINT('',(14.138,9.665462836,15.));
#20432=DIRECTION('',(0.,1.,0.));
#20433=DIRECTION('',(0.,0.,1.));
#20434=AXIS2_PLACEMENT_3D('',#20431,#20432,#20433);
#20435=PLANE('',#20434);
#20436=ORIENTED_EDGE('',*,*,#20425,.T.);
#20437=ORIENTED_EDGE('',*,*,#10418,.T.);
#20438=CARTESIAN_POINT('',(12.638,9.665462836,42.));
#20439=DIRECTION('',(0.,0.,1.));
#20440=VECTOR('',#20439,3.);
#20441=LINE('',#20438,#20440);
#20442=EDGE_CURVE('',#6972,#10405,#20441,.T.);
#20443=ORIENTED_EDGE('',*,*,#20442,.F.);
#20444=ORIENTED_EDGE('',*,*,#6977,.F.);
#20445=EDGE_LOOP('',(#20436,#20437,#20443,#20444));
#20446=FACE_BOUND('',#20445,.T.);
#20447=ADVANCED_FACE('',(#20446),#20435,.F.);
#20448=CARTESIAN_POINT('',(11.888,8.366424731,15.));
#20449=DIRECTION('',(-0.866025404,0.5,0.));
#20450=DIRECTION('',(-0.5,-0.866025404,0.));
#20451=AXIS2_PLACEMENT_3D('',#20448,#20449,#20450);
#20452=PLANE('',#20451);
#20453=ORIENTED_EDGE('',*,*,#20442,.T.);
#20454=ORIENTED_EDGE('',*,*,#10410,.T.);
#20455=CARTESIAN_POINT('',(11.138,7.067386625,42.));
#20456=DIRECTION('',(0.,0.,1.));
#20457=VECTOR('',#20456,3.);
#20458=LINE('',#20455,#20457);
#20459=EDGE_CURVE('',#6980,#10397,#20458,.T.);
#20460=ORIENTED_EDGE('',*,*,#20459,.F.);
#20461=ORIENTED_EDGE('',*,*,#6985,.F.);
#20462=EDGE_LOOP('',(#20453,#20454,#20460,#20461));
#20463=FACE_BOUND('',#20462,.T.);
#20464=ADVANCED_FACE('',(#20463),#20452,.F.);
#20465=CARTESIAN_POINT('',(11.888,5.768348519,15.));
#20466=DIRECTION('',(-0.866025404,-0.5,0.));
#20467=DIRECTION('',(0.5,-0.866025404,0.));
#20468=AXIS2_PLACEMENT_3D('',#20465,#20466,#20467);
#20469=PLANE('',#20468);
#20470=ORIENTED_EDGE('',*,*,#20459,.T.);
#20471=ORIENTED_EDGE('',*,*,#10402,.T.);
#20472=CARTESIAN_POINT('',(12.638,4.469310414,42.));
#20473=DIRECTION('',(0.,0.,1.));
#20474=VECTOR('',#20473,3.);
#20475=LINE('',#20472,#20474);
#20476=EDGE_CURVE('',#6946,#10389,#20475,.T.);
#20477=ORIENTED_EDGE('',*,*,#20476,.F.);
#20478=ORIENTED_EDGE('',*,*,#6991,.F.);
#20479=EDGE_LOOP('',(#20470,#20471,#20477,#20478));
#20480=FACE_BOUND('',#20479,.T.);
#20481=ADVANCED_FACE('',(#20480),#20469,.F.);
#20482=CARTESIAN_POINT('',(14.138,4.469310414,15.));
#20483=DIRECTION('',(0.,-1.,0.));
#20484=DIRECTION('',(1.,0.,0.));
#20485=AXIS2_PLACEMENT_3D('',#20482,#20483,#20484);
#20486=PLANE('',#20485);
#20487=ORIENTED_EDGE('',*,*,#20476,.T.);
#20488=ORIENTED_EDGE('',*,*,#10394,.T.);
#20489=ORIENTED_EDGE('',*,*,#20401,.F.);
#20490=ORIENTED_EDGE('',*,*,#6953,.F.);
#20491=EDGE_LOOP('',(#20487,#20488,#20489,#20490));
#20492=FACE_BOUND('',#20491,.T.);
#20493=ADVANCED_FACE('',(#20492),#20486,.F.);
#20494=CARTESIAN_POINT('',(5.0776,-3.427851481,15.));
#20495=DIRECTION('',(0.866025404,-0.5,0.));
#20496=DIRECTION('',(0.5,0.866025404,0.));
#20497=AXIS2_PLACEMENT_3D('',#20494,#20495,#20496);
#20498=PLANE('',#20497);
#20499=CARTESIAN_POINT('',(4.3276,-4.726889586,42.));
#20500=DIRECTION('',(0.,0.,1.));
#20501=VECTOR('',#20500,3.);
#20502=LINE('',#20499,#20501);
#20503=EDGE_CURVE('',#6898,#10329,#20502,.T.);
#20504=ORIENTED_EDGE('',*,*,#20503,.T.);
#20505=ORIENTED_EDGE('',*,*,#10336,.T.);
#20506=CARTESIAN_POINT('',(5.8276,-2.128813375,42.));
#20507=DIRECTION('',(0.,0.,1.));
#20508=VECTOR('',#20507,3.);
#20509=LINE('',#20506,#20508);
#20510=EDGE_CURVE('',#6906,#10331,#20509,.T.);
#20511=ORIENTED_EDGE('',*,*,#20510,.F.);
#20512=ORIENTED_EDGE('',*,*,#6911,.F.);
#20513=EDGE_LOOP('',(#20504,#20505,#20511,#20512));
#20514=FACE_BOUND('',#20513,.T.);
#20515=ADVANCED_FACE('',(#20514),#20498,.F.);
#20516=CARTESIAN_POINT('',(5.0776,-0.829775269,15.));
#20517=DIRECTION('',(0.866025404,0.5,0.));
#20518=DIRECTION('',(-0.5,0.866025404,0.));
#20519=AXIS2_PLACEMENT_3D('',#20516,#20517,#20518);
#20520=PLANE('',#20519);
#20521=ORIENTED_EDGE('',*,*,#20510,.T.);
#20522=ORIENTED_EDGE('',*,*,#10374,.T.);
#20523=CARTESIAN_POINT('',(4.3276,0.469262836,42.));
#20524=DIRECTION('',(0.,0.,1.));
#20525=VECTOR('',#20524,3.);
#20526=LINE('',#20523,#20525);
#20527=EDGE_CURVE('',#6914,#10363,#20526,.T.);
#20528=ORIENTED_EDGE('',*,*,#20527,.F.);
#20529=ORIENTED_EDGE('',*,*,#6919,.F.);
#20530=EDGE_LOOP('',(#20521,#20522,#20528,#20529));
#20531=FACE_BOUND('',#20530,.T.);
#20532=ADVANCED_FACE('',(#20531),#20520,.F.);
#20533=CARTESIAN_POINT('',(2.8276,0.469262836,15.));
#20534=DIRECTION('',(0.,1.,0.));
#20535=DIRECTION('',(0.,0.,1.));
#20536=AXIS2_PLACEMENT_3D('',#20533,#20534,#20535);
#20537=PLANE('',#20536);
#20538=ORIENTED_EDGE('',*,*,#20527,.T.);
#20539=ORIENTED_EDGE('',*,*,#10368,.T.);
#20540=CARTESIAN_POINT('',(1.3276,0.469262836,42.));
#20541=DIRECTION('',(0.,0.,1.));
#20542=VECTOR('',#20541,3.);
#20543=LINE('',#20540,#20542);
#20544=EDGE_CURVE('',#6922,#10355,#20543,.T.);
#20545=ORIENTED_EDGE('',*,*,#20544,.F.);
#20546=ORIENTED_EDGE('',*,*,#6927,.F.);
#20547=EDGE_LOOP('',(#20538,#20539,#20545,#20546));
#20548=FACE_BOUND('',#20547,.T.);
#20549=ADVANCED_FACE('',(#20548),#20537,.F.);
#20550=CARTESIAN_POINT('',(0.5776,-0.829775269,15.));
#20551=DIRECTION('',(-0.866025404,0.5,0.));
#20552=DIRECTION('',(-0.5,-0.866025404,0.));
#20553=AXIS2_PLACEMENT_3D('',#20550,#20551,#20552);
#20554=PLANE('',#20553);
#20555=ORIENTED_EDGE('',*,*,#20544,.T.);
#20556=ORIENTED_EDGE('',*,*,#10360,.T.);
#20557=CARTESIAN_POINT('',(-0.1724,-2.128813375,42.));
#20558=DIRECTION('',(0.,0.,1.));
#20559=VECTOR('',#20558,3.);
#20560=LINE('',#20557,#20559);
#20561=EDGE_CURVE('',#6930,#10347,#20560,.T.);
#20562=ORIENTED_EDGE('',*,*,#20561,.F.);
#20563=ORIENTED_EDGE('',*,*,#6935,.F.);
#20564=EDGE_LOOP('',(#20555,#20556,#20562,#20563));
#20565=FACE_BOUND('',#20564,.T.);
#20566=ADVANCED_FACE('',(#20565),#20554,.F.);
#20567=CARTESIAN_POINT('',(0.5776,-3.427851481,15.));
#20568=DIRECTION('',(-0.866025404,-0.5,0.));
#20569=DIRECTION('',(0.5,-0.866025404,0.));
#20570=AXIS2_PLACEMENT_3D('',#20567,#20568,#20569);
#20571=PLANE('',#20570);
#20572=ORIENTED_EDGE('',*,*,#20561,.T.);
#20573=ORIENTED_EDGE('',*,*,#10352,.T.);
#20574=CARTESIAN_POINT('',(1.3276,-4.726889586,42.));
#20575=DIRECTION('',(0.,0.,1.));
#20576=VECTOR('',#20575,3.);
#20577=LINE('',#20574,#20576);
#20578=EDGE_CURVE('',#6896,#10339,#20577,.T.);
#20579=ORIENTED_EDGE('',*,*,#20578,.F.);
#20580=ORIENTED_EDGE('',*,*,#6941,.F.);
#20581=EDGE_LOOP('',(#20572,#20573,#20579,#20580));
#20582=FACE_BOUND('',#20581,.T.);
#20583=ADVANCED_FACE('',(#20582),#20571,.F.);
#20584=CARTESIAN_POINT('',(2.8276,-4.726889586,15.));
#20585=DIRECTION('',(0.,-1.,0.));
#20586=DIRECTION('',(1.,0.,0.));
#20587=AXIS2_PLACEMENT_3D('',#20584,#20585,#20586);
#20588=PLANE('',#20587);
#20589=ORIENTED_EDGE('',*,*,#20578,.T.);
#20590=ORIENTED_EDGE('',*,*,#10344,.T.);
#20591=ORIENTED_EDGE('',*,*,#20503,.F.);
#20592=ORIENTED_EDGE('',*,*,#6903,.F.);
#20593=EDGE_LOOP('',(#20589,#20590,#20591,#20592));
#20594=FACE_BOUND('',#20593,.T.);
#20595=ADVANCED_FACE('',(#20594),#20588,.F.);
#20596=CARTESIAN_POINT('',(-6.2328,14.964548519,15.));
#20597=DIRECTION('',(0.866025404,-0.5,0.));
#20598=DIRECTION('',(0.5,0.866025404,0.));
#20599=AXIS2_PLACEMENT_3D('',#20596,#20597,#20598);
#20600=PLANE('',#20599);
#20601=CARTESIAN_POINT('',(-6.9828,13.665510414,42.));
#20602=DIRECTION('',(0.,0.,1.));
#20603=VECTOR('',#20602,3.);
#20604=LINE('',#20601,#20603);
#20605=EDGE_CURVE('',#6848,#10279,#20604,.T.);
#20606=ORIENTED_EDGE('',*,*,#20605,.T.);
#20607=ORIENTED_EDGE('',*,*,#10286,.T.);
#20608=CARTESIAN_POINT('',(-5.4828,16.263586625,42.));
#20609=DIRECTION('',(0.,0.,1.));
#20610=VECTOR('',#20609,3.);
#20611=LINE('',#20608,#20610);
#20612=EDGE_CURVE('',#6856,#10281,#20611,.T.);
#20613=ORIENTED_EDGE('',*,*,#20612,.F.);
#20614=ORIENTED_EDGE('',*,*,#6861,.F.);
#20615=EDGE_LOOP('',(#20606,#20607,#20613,#20614));
#20616=FACE_BOUND('',#20615,.T.);
#20617=ADVANCED_FACE('',(#20616),#20600,.F.);
#20618=CARTESIAN_POINT('',(-6.2328,17.562624731,15.));
#20619=DIRECTION('',(0.866025404,0.5,0.));
#20620=DIRECTION('',(-0.5,0.866025404,0.));
#20621=AXIS2_PLACEMENT_3D('',#20618,#20619,#20620);
#20622=PLANE('',#20621);
#20623=ORIENTED_EDGE('',*,*,#20612,.T.);
#20624=ORIENTED_EDGE('',*,*,#10324,.T.);
#20625=CARTESIAN_POINT('',(-6.9828,18.861662836,42.));
#20626=DIRECTION('',(0.,0.,1.));
#20627=VECTOR('',#20626,3.);
#20628=LINE('',#20625,#20627);
#20629=EDGE_CURVE('',#6864,#10313,#20628,.T.);
#20630=ORIENTED_EDGE('',*,*,#20629,.F.);
#20631=ORIENTED_EDGE('',*,*,#6869,.F.);
#20632=EDGE_LOOP('',(#20623,#20624,#20630,#20631));
#20633=FACE_BOUND('',#20632,.T.);
#20634=ADVANCED_FACE('',(#20633),#20622,.F.);
#20635=CARTESIAN_POINT('',(-8.4828,18.861662836,15.));
#20636=DIRECTION('',(0.,1.,0.));
#20637=DIRECTION('',(0.,0.,1.));
#20638=AXIS2_PLACEMENT_3D('',#20635,#20636,#20637);
#20639=PLANE('',#20638);
#20640=ORIENTED_EDGE('',*,*,#20629,.T.);
#20641=ORIENTED_EDGE('',*,*,#10318,.T.);
#20642=CARTESIAN_POINT('',(-9.9828,18.861662836,42.));
#20643=DIRECTION('',(0.,0.,1.));
#20644=VECTOR('',#20643,3.);
#20645=LINE('',#20642,#20644);
#20646=EDGE_CURVE('',#6872,#10305,#20645,.T.);
#20647=ORIENTED_EDGE('',*,*,#20646,.F.);
#20648=ORIENTED_EDGE('',*,*,#6877,.F.);
#20649=EDGE_LOOP('',(#20640,#20641,#20647,#20648));
#20650=FACE_BOUND('',#20649,.T.);
#20651=ADVANCED_FACE('',(#20650),#20639,.F.);
#20652=CARTESIAN_POINT('',(-10.7328,17.562624731,15.));
#20653=DIRECTION('',(-0.866025404,0.5,0.));
#20654=DIRECTION('',(-0.5,-0.866025404,0.));
#20655=AXIS2_PLACEMENT_3D('',#20652,#20653,#20654);
#20656=PLANE('',#20655);
#20657=ORIENTED_EDGE('',*,*,#20646,.T.);
#20658=ORIENTED_EDGE('',*,*,#10310,.T.);
#20659=CARTESIAN_POINT('',(-11.4828,16.263586625,42.));
#20660=DIRECTION('',(0.,0.,1.));
#20661=VECTOR('',#20660,3.);
#20662=LINE('',#20659,#20661);
#20663=EDGE_CURVE('',#6880,#10297,#20662,.T.);
#20664=ORIENTED_EDGE('',*,*,#20663,.F.);
#20665=ORIENTED_EDGE('',*,*,#6885,.F.);
#20666=EDGE_LOOP('',(#20657,#20658,#20664,#20665));
#20667=FACE_BOUND('',#20666,.T.);
#20668=ADVANCED_FACE('',(#20667),#20656,.F.);
#20669=CARTESIAN_POINT('',(-10.7328,14.964548519,15.));
#20670=DIRECTION('',(-0.866025404,-0.5,0.));
#20671=DIRECTION('',(0.5,-0.866025404,0.));
#20672=AXIS2_PLACEMENT_3D('',#20669,#20670,#20671);
#20673=PLANE('',#20672);
#20674=ORIENTED_EDGE('',*,*,#20663,.T.);
#20675=ORIENTED_EDGE('',*,*,#10302,.T.);
#20676=CARTESIAN_POINT('',(-9.9828,13.665510414,42.));
#20677=DIRECTION('',(0.,0.,1.));
#20678=VECTOR('',#20677,3.);
#20679=LINE('',#20676,#20678);
#20680=EDGE_CURVE('',#6846,#10289,#20679,.T.);
#20681=ORIENTED_EDGE('',*,*,#20680,.F.);
#20682=ORIENTED_EDGE('',*,*,#6891,.F.);
#20683=EDGE_LOOP('',(#20674,#20675,#20681,#20682));
#20684=FACE_BOUND('',#20683,.T.);
#20685=ADVANCED_FACE('',(#20684),#20673,.F.);
#20686=CARTESIAN_POINT('',(-8.4828,13.665510414,15.));
#20687=DIRECTION('',(0.,-1.,0.));
#20688=DIRECTION('',(1.,0.,0.));
#20689=AXIS2_PLACEMENT_3D('',#20686,#20687,#20688);
#20690=PLANE('',#20689);
#20691=ORIENTED_EDGE('',*,*,#20680,.T.);
#20692=ORIENTED_EDGE('',*,*,#10294,.T.);
#20693=ORIENTED_EDGE('',*,*,#20605,.F.);
#20694=ORIENTED_EDGE('',*,*,#6853,.F.);
#20695=EDGE_LOOP('',(#20691,#20692,#20693,#20694));
#20696=FACE_BOUND('',#20695,.T.);
#20697=ADVANCED_FACE('',(#20696),#20690,.F.);
#20698=CARTESIAN_POINT('',(10.7328,-35.614527692,15.));
#20699=DIRECTION('',(0.866025404,-0.5,0.));
#20700=DIRECTION('',(0.5,0.866025404,0.));
#20701=AXIS2_PLACEMENT_3D('',#20698,#20699,#20700);
#20702=PLANE('',#20701);
#20703=CARTESIAN_POINT('',(9.9828,-36.913565798,42.));
#20704=DIRECTION('',(0.,0.,1.));
#20705=VECTOR('',#20704,3.);
#20706=LINE('',#20703,#20705);
#20707=EDGE_CURVE('',#6798,#10229,#20706,.T.);
#20708=ORIENTED_EDGE('',*,*,#20707,.T.);
#20709=ORIENTED_EDGE('',*,*,#10236,.T.);
#20710=CARTESIAN_POINT('',(11.4828,-34.315489586,42.));
#20711=DIRECTION('',(0.,0.,1.));
#20712=VECTOR('',#20711,3.);
#20713=LINE('',#20710,#20712);
#20714=EDGE_CURVE('',#6806,#10231,#20713,.T.);
#20715=ORIENTED_EDGE('',*,*,#20714,.F.);
#20716=ORIENTED_EDGE('',*,*,#6811,.F.);
#20717=EDGE_LOOP('',(#20708,#20709,#20715,#20716));
#20718=FACE_BOUND('',#20717,.T.);
#20719=ADVANCED_FACE('',(#20718),#20702,.F.);
#20720=CARTESIAN_POINT('',(10.7328,-33.016451481,15.));
#20721=DIRECTION('',(0.866025404,0.5,0.));
#20722=DIRECTION('',(-0.5,0.866025404,0.));
#20723=AXIS2_PLACEMENT_3D('',#20720,#20721,#20722);
#20724=PLANE('',#20723);
#20725=ORIENTED_EDGE('',*,*,#20714,.T.);
#20726=ORIENTED_EDGE('',*,*,#10274,.T.);
#20727=CARTESIAN_POINT('',(9.9828,-31.717413375,42.));
#20728=DIRECTION('',(0.,0.,1.));
#20729=VECTOR('',#20728,3.);
#20730=LINE('',#20727,#20729);
#20731=EDGE_CURVE('',#6814,#10263,#20730,.T.);
#20732=ORIENTED_EDGE('',*,*,#20731,.F.);
#20733=ORIENTED_EDGE('',*,*,#6819,.F.);
#20734=EDGE_LOOP('',(#20725,#20726,#20732,#20733));
#20735=FACE_BOUND('',#20734,.T.);
#20736=ADVANCED_FACE('',(#20735),#20724,.F.);
#20737=CARTESIAN_POINT('',(8.4828,-31.717413375,15.));
#20738=DIRECTION('',(0.,1.,0.));
#20739=DIRECTION('',(0.,0.,1.));
#20740=AXIS2_PLACEMENT_3D('',#20737,#20738,#20739);
#20741=PLANE('',#20740);
#20742=ORIENTED_EDGE('',*,*,#20731,.T.);
#20743=ORIENTED_EDGE('',*,*,#10268,.T.);
#20744=CARTESIAN_POINT('',(6.9828,-31.717413375,42.));
#20745=DIRECTION('',(0.,0.,1.));
#20746=VECTOR('',#20745,3.);
#20747=LINE('',#20744,#20746);
#20748=EDGE_CURVE('',#6822,#10255,#20747,.T.);
#20749=ORIENTED_EDGE('',*,*,#20748,.F.);
#20750=ORIENTED_EDGE('',*,*,#6827,.F.);
#20751=EDGE_LOOP('',(#20742,#20743,#20749,#20750));
#20752=FACE_BOUND('',#20751,.T.);
#20753=ADVANCED_FACE('',(#20752),#20741,.F.);
#20754=CARTESIAN_POINT('',(6.2328,-33.016451481,15.));
#20755=DIRECTION('',(-0.866025404,0.5,0.));
#20756=DIRECTION('',(-0.5,-0.866025404,0.));
#20757=AXIS2_PLACEMENT_3D('',#20754,#20755,#20756);
#20758=PLANE('',#20757);
#20759=ORIENTED_EDGE('',*,*,#20748,.T.);
#20760=ORIENTED_EDGE('',*,*,#10260,.T.);
#20761=CARTESIAN_POINT('',(5.4828,-34.315489586,42.));
#20762=DIRECTION('',(0.,0.,1.));
#20763=VECTOR('',#20762,3.);
#20764=LINE('',#20761,#20763);
#20765=EDGE_CURVE('',#6830,#10247,#20764,.T.);
#20766=ORIENTED_EDGE('',*,*,#20765,.F.);
#20767=ORIENTED_EDGE('',*,*,#6835,.F.);
#20768=EDGE_LOOP('',(#20759,#20760,#20766,#20767));
#20769=FACE_BOUND('',#20768,.T.);
#20770=ADVANCED_FACE('',(#20769),#20758,.F.);
#20771=CARTESIAN_POINT('',(6.2328,-35.614527692,15.));
#20772=DIRECTION('',(-0.866025404,-0.5,0.));
#20773=DIRECTION('',(0.5,-0.866025404,0.));
#20774=AXIS2_PLACEMENT_3D('',#20771,#20772,#20773);
#20775=PLANE('',#20774);
#20776=ORIENTED_EDGE('',*,*,#20765,.T.);
#20777=ORIENTED_EDGE('',*,*,#10252,.T.);
#20778=CARTESIAN_POINT('',(6.9828,-36.913565798,42.));
#20779=DIRECTION('',(0.,0.,1.));
#20780=VECTOR('',#20779,3.);
#20781=LINE('',#20778,#20780);
#20782=EDGE_CURVE('',#6796,#10239,#20781,.T.);
#20783=ORIENTED_EDGE('',*,*,#20782,.F.);
#20784=ORIENTED_EDGE('',*,*,#6841,.F.);
#20785=EDGE_LOOP('',(#20776,#20777,#20783,#20784));
#20786=FACE_BOUND('',#20785,.T.);
#20787=ADVANCED_FACE('',(#20786),#20775,.F.);
#20788=CARTESIAN_POINT('',(8.4828,-36.913565798,15.));
#20789=DIRECTION('',(0.,-1.,0.));
#20790=DIRECTION('',(1.,0.,0.));
#20791=AXIS2_PLACEMENT_3D('',#20788,#20789,#20790);
#20792=PLANE('',#20791);
#20793=ORIENTED_EDGE('',*,*,#20782,.T.);
#20794=ORIENTED_EDGE('',*,*,#10244,.T.);
#20795=ORIENTED_EDGE('',*,*,#20707,.F.);
#20796=ORIENTED_EDGE('',*,*,#6803,.F.);
#20797=EDGE_LOOP('',(#20793,#20794,#20795,#20796));
#20798=FACE_BOUND('',#20797,.T.);
#20799=ADVANCED_FACE('',(#20798),#20792,.F.);
#20800=CARTESIAN_POINT('',(-6.2328,5.768348519,15.));
#20801=DIRECTION('',(0.866025404,-0.5,0.));
#20802=DIRECTION('',(0.5,0.866025404,0.));
#20803=AXIS2_PLACEMENT_3D('',#20800,#20801,#20802);
#20804=PLANE('',#20803);
#20805=CARTESIAN_POINT('',(-6.9828,4.469310414,42.));
#20806=DIRECTION('',(0.,0.,1.));
#20807=VECTOR('',#20806,3.);
#20808=LINE('',#20805,#20807);
#20809=EDGE_CURVE('',#6748,#10179,#20808,.T.);
#20810=ORIENTED_EDGE('',*,*,#20809,.T.);
#20811=ORIENTED_EDGE('',*,*,#10186,.T.);
#20812=CARTESIAN_POINT('',(-5.4828,7.067386625,42.));
#20813=DIRECTION('',(0.,0.,1.));
#20814=VECTOR('',#20813,3.);
#20815=LINE('',#20812,#20814);
#20816=EDGE_CURVE('',#6756,#10181,#20815,.T.);
#20817=ORIENTED_EDGE('',*,*,#20816,.F.);
#20818=ORIENTED_EDGE('',*,*,#6761,.F.);
#20819=EDGE_LOOP('',(#20810,#20811,#20817,#20818));
#20820=FACE_BOUND('',#20819,.T.);
#20821=ADVANCED_FACE('',(#20820),#20804,.F.);
#20822=CARTESIAN_POINT('',(-6.2328,8.366424731,15.));
#20823=DIRECTION('',(0.866025404,0.5,0.));
#20824=DIRECTION('',(-0.5,0.866025404,0.));
#20825=AXIS2_PLACEMENT_3D('',#20822,#20823,#20824);
#20826=PLANE('',#20825);
#20827=ORIENTED_EDGE('',*,*,#20816,.T.);
#20828=ORIENTED_EDGE('',*,*,#10224,.T.);
#20829=CARTESIAN_POINT('',(-6.9828,9.665462836,42.));
#20830=DIRECTION('',(0.,0.,1.));
#20831=VECTOR('',#20830,3.);
#20832=LINE('',#20829,#20831);
#20833=EDGE_CURVE('',#6764,#10213,#20832,.T.);
#20834=ORIENTED_EDGE('',*,*,#20833,.F.);
#20835=ORIENTED_EDGE('',*,*,#6769,.F.);
#20836=EDGE_LOOP('',(#20827,#20828,#20834,#20835));
#20837=FACE_BOUND('',#20836,.T.);
#20838=ADVANCED_FACE('',(#20837),#20826,.F.);
#20839=CARTESIAN_POINT('',(-8.4828,9.665462836,15.));
#20840=DIRECTION('',(0.,1.,0.));
#20841=DIRECTION('',(0.,0.,1.));
#20842=AXIS2_PLACEMENT_3D('',#20839,#20840,#20841);
#20843=PLANE('',#20842);
#20844=ORIENTED_EDGE('',*,*,#20833,.T.);
#20845=ORIENTED_EDGE('',*,*,#10218,.T.);
#20846=CARTESIAN_POINT('',(-9.9828,9.665462836,42.));
#20847=DIRECTION('',(0.,0.,1.));
#20848=VECTOR('',#20847,3.);
#20849=LINE('',#20846,#20848);
#20850=EDGE_CURVE('',#6772,#10205,#20849,.T.);
#20851=ORIENTED_EDGE('',*,*,#20850,.F.);
#20852=ORIENTED_EDGE('',*,*,#6777,.F.);
#20853=EDGE_LOOP('',(#20844,#20845,#20851,#20852));
#20854=FACE_BOUND('',#20853,.T.);
#20855=ADVANCED_FACE('',(#20854),#20843,.F.);
#20856=CARTESIAN_POINT('',(-10.7328,8.366424731,15.));
#20857=DIRECTION('',(-0.866025404,0.5,0.));
#20858=DIRECTION('',(-0.5,-0.866025404,0.));
#20859=AXIS2_PLACEMENT_3D('',#20856,#20857,#20858);
#20860=PLANE('',#20859);
#20861=ORIENTED_EDGE('',*,*,#20850,.T.);
#20862=ORIENTED_EDGE('',*,*,#10210,.T.);
#20863=CARTESIAN_POINT('',(-11.4828,7.067386625,42.));
#20864=DIRECTION('',(0.,0.,1.));
#20865=VECTOR('',#20864,3.);
#20866=LINE('',#20863,#20865);
#20867=EDGE_CURVE('',#6780,#10197,#20866,.T.);
#20868=ORIENTED_EDGE('',*,*,#20867,.F.);
#20869=ORIENTED_EDGE('',*,*,#6785,.F.);
#20870=EDGE_LOOP('',(#20861,#20862,#20868,#20869));
#20871=FACE_BOUND('',#20870,.T.);
#20872=ADVANCED_FACE('',(#20871),#20860,.F.);
#20873=CARTESIAN_POINT('',(-10.7328,5.768348519,15.));
#20874=DIRECTION('',(-0.866025404,-0.5,0.));
#20875=DIRECTION('',(0.5,-0.866025404,0.));
#20876=AXIS2_PLACEMENT_3D('',#20873,#20874,#20875);
#20877=PLANE('',#20876);
#20878=ORIENTED_EDGE('',*,*,#20867,.T.);
#20879=ORIENTED_EDGE('',*,*,#10202,.T.);
#20880=CARTESIAN_POINT('',(-9.9828,4.469310414,42.));
#20881=DIRECTION('',(0.,0.,1.));
#20882=VECTOR('',#20881,3.);
#20883=LINE('',#20880,#20882);
#20884=EDGE_CURVE('',#6746,#10189,#20883,.T.);
#20885=ORIENTED_EDGE('',*,*,#20884,.F.);
#20886=ORIENTED_EDGE('',*,*,#6791,.F.);
#20887=EDGE_LOOP('',(#20878,#20879,#20885,#20886));
#20888=FACE_BOUND('',#20887,.T.);
#20889=ADVANCED_FACE('',(#20888),#20877,.F.);
#20890=CARTESIAN_POINT('',(-8.4828,4.469310414,15.));
#20891=DIRECTION('',(0.,-1.,0.));
#20892=DIRECTION('',(1.,0.,0.));
#20893=AXIS2_PLACEMENT_3D('',#20890,#20891,#20892);
#20894=PLANE('',#20893);
#20895=ORIENTED_EDGE('',*,*,#20884,.T.);
#20896=ORIENTED_EDGE('',*,*,#10194,.T.);
#20897=ORIENTED_EDGE('',*,*,#20809,.F.);
#20898=ORIENTED_EDGE('',*,*,#6753,.F.);
#20899=EDGE_LOOP('',(#20895,#20896,#20897,#20898));
#20900=FACE_BOUND('',#20899,.T.);
#20901=ADVANCED_FACE('',(#20900),#20894,.F.);
#20902=CARTESIAN_POINT('',(5.0776,-21.820251481,15.));
#20903=DIRECTION('',(0.866025404,-0.5,0.));
#20904=DIRECTION('',(0.5,0.866025404,0.));
#20905=AXIS2_PLACEMENT_3D('',#20902,#20903,#20904);
#20906=PLANE('',#20905);
#20907=CARTESIAN_POINT('',(4.3276,-23.119289586,42.));
#20908=DIRECTION('',(0.,0.,1.));
#20909=VECTOR('',#20908,3.);
#20910=LINE('',#20907,#20909);
#20911=EDGE_CURVE('',#6698,#10129,#20910,.T.);
#20912=ORIENTED_EDGE('',*,*,#20911,.T.);
#20913=ORIENTED_EDGE('',*,*,#10136,.T.);
#20914=CARTESIAN_POINT('',(5.8276,-20.521213375,42.));
#20915=DIRECTION('',(0.,0.,1.));
#20916=VECTOR('',#20915,3.);
#20917=LINE('',#20914,#20916);
#20918=EDGE_CURVE('',#6706,#10131,#20917,.T.);
#20919=ORIENTED_EDGE('',*,*,#20918,.F.);
#20920=ORIENTED_EDGE('',*,*,#6711,.F.);
#20921=EDGE_LOOP('',(#20912,#20913,#20919,#20920));
#20922=FACE_BOUND('',#20921,.T.);
#20923=ADVANCED_FACE('',(#20922),#20906,.F.);
#20924=CARTESIAN_POINT('',(5.0776,-19.222175269,15.));
#20925=DIRECTION('',(0.866025404,0.5,0.));
#20926=DIRECTION('',(-0.5,0.866025404,0.));
#20927=AXIS2_PLACEMENT_3D('',#20924,#20925,#20926);
#20928=PLANE('',#20927);
#20929=ORIENTED_EDGE('',*,*,#20918,.T.);
#20930=ORIENTED_EDGE('',*,*,#10174,.T.);
#20931=CARTESIAN_POINT('',(4.3276,-17.923137164,42.));
#20932=DIRECTION('',(0.,0.,1.));
#20933=VECTOR('',#20932,3.);
#20934=LINE('',#20931,#20933);
#20935=EDGE_CURVE('',#6714,#10163,#20934,.T.);
#20936=ORIENTED_EDGE('',*,*,#20935,.F.);
#20937=ORIENTED_EDGE('',*,*,#6719,.F.);
#20938=EDGE_LOOP('',(#20929,#20930,#20936,#20937));
#20939=FACE_BOUND('',#20938,.T.);
#20940=ADVANCED_FACE('',(#20939),#20928,.F.);
#20941=CARTESIAN_POINT('',(2.8276,-17.923137164,15.));
#20942=DIRECTION('',(0.,1.,0.));
#20943=DIRECTION('',(0.,0.,1.));
#20944=AXIS2_PLACEMENT_3D('',#20941,#20942,#20943);
#20945=PLANE('',#20944);
#20946=ORIENTED_EDGE('',*,*,#20935,.T.);
#20947=ORIENTED_EDGE('',*,*,#10168,.T.);
#20948=CARTESIAN_POINT('',(1.3276,-17.923137164,42.));
#20949=DIRECTION('',(0.,0.,1.));
#20950=VECTOR('',#20949,3.);
#20951=LINE('',#20948,#20950);
#20952=EDGE_CURVE('',#6722,#10155,#20951,.T.);
#20953=ORIENTED_EDGE('',*,*,#20952,.F.);
#20954=ORIENTED_EDGE('',*,*,#6727,.F.);
#20955=EDGE_LOOP('',(#20946,#20947,#20953,#20954));
#20956=FACE_BOUND('',#20955,.T.);
#20957=ADVANCED_FACE('',(#20956),#20945,.F.);
#20958=CARTESIAN_POINT('',(0.5776,-19.222175269,15.));
#20959=DIRECTION('',(-0.866025404,0.5,0.));
#20960=DIRECTION('',(-0.5,-0.866025404,0.));
#20961=AXIS2_PLACEMENT_3D('',#20958,#20959,#20960);
#20962=PLANE('',#20961);
#20963=ORIENTED_EDGE('',*,*,#20952,.T.);
#20964=ORIENTED_EDGE('',*,*,#10160,.T.);
#20965=CARTESIAN_POINT('',(-0.1724,-20.521213375,42.));
#20966=DIRECTION('',(0.,0.,1.));
#20967=VECTOR('',#20966,3.);
#20968=LINE('',#20965,#20967);
#20969=EDGE_CURVE('',#6730,#10147,#20968,.T.);
#20970=ORIENTED_EDGE('',*,*,#20969,.F.);
#20971=ORIENTED_EDGE('',*,*,#6735,.F.);
#20972=EDGE_LOOP('',(#20963,#20964,#20970,#20971));
#20973=FACE_BOUND('',#20972,.T.);
#20974=ADVANCED_FACE('',(#20973),#20962,.F.);
#20975=CARTESIAN_POINT('',(0.5776,-21.820251481,15.));
#20976=DIRECTION('',(-0.866025404,-0.5,0.));
#20977=DIRECTION('',(0.5,-0.866025404,0.));
#20978=AXIS2_PLACEMENT_3D('',#20975,#20976,#20977);
#20979=PLANE('',#20978);
#20980=ORIENTED_EDGE('',*,*,#20969,.T.);
#20981=ORIENTED_EDGE('',*,*,#10152,.T.);
#20982=CARTESIAN_POINT('',(1.3276,-23.119289586,42.));
#20983=DIRECTION('',(0.,0.,1.));
#20984=VECTOR('',#20983,3.);
#20985=LINE('',#20982,#20984);
#20986=EDGE_CURVE('',#6696,#10139,#20985,.T.);
#20987=ORIENTED_EDGE('',*,*,#20986,.F.);
#20988=ORIENTED_EDGE('',*,*,#6741,.F.);
#20989=EDGE_LOOP('',(#20980,#20981,#20987,#20988));
#20990=FACE_BOUND('',#20989,.T.);
#20991=ADVANCED_FACE('',(#20990),#20979,.F.);
#20992=CARTESIAN_POINT('',(2.8276,-23.119289586,15.));
#20993=DIRECTION('',(0.,-1.,0.));
#20994=DIRECTION('',(1.,0.,0.));
#20995=AXIS2_PLACEMENT_3D('',#20992,#20993,#20994);
#20996=PLANE('',#20995);
#20997=ORIENTED_EDGE('',*,*,#20986,.T.);
#20998=ORIENTED_EDGE('',*,*,#10144,.T.);
#20999=ORIENTED_EDGE('',*,*,#20911,.F.);
#21000=ORIENTED_EDGE('',*,*,#6703,.F.);
#21001=EDGE_LOOP('',(#20997,#20998,#20999,#21000));
#21002=FACE_BOUND('',#21001,.T.);
#21003=ADVANCED_FACE('',(#21002),#20996,.F.);
#21004=CLOSED_SHELL('',(#6530,#6588,#6627,#6658,#6689,#10122,#13398,#13429,#13485,#13530,#13552,#13597,#13641,#13708,#13739,#13774,#13792,#13825,#13892,#13916,#13933,#13950,#13962,#13974,#13986,#14012,
#14024,#14050,#14074,#14098,#14115,#14127,#14145,#14162,#14195,#14226,#14250,#14268,#14286,#14298,#14310,#14322,#14340,#14357,#14369,#14387,#14404,#14416,#14434,#14451,#14463,
#14475,#14497,#14514,#14531,#14548,#14565,#14577,#14599,#14616,#14633,#14650,#14667,#14679,#14701,#14718,#14735,#14752,#14769,#14781,#14803,#14820,#14837,#14854,#14871,#14883,
#14905,#14922,#14939,#14956,#14973,#14985,#15007,#15024,#15041,#15058,#15075,#15087,#15109,#15126,#15143,#15160,#15177,#15189,#15211,#15228,#15245,#15262,#15279,#15291,#15313,
#15330,#15347,#15364,#15381,#15393,#15415,#15432,#15449,#15466,#15483,#15495,#15517,#15534,#15551,#15568,#15585,#15597,#15619,#15636,#15653,#15670,#15687,#15699,#15721,#15738,
#15755,#15772,#15789,#15801,#15823,#15840,#15857,#15874,#15891,#15903,#15925,#15942,#15959,#15976,#15993,#16005,#16027,#16044,#16061,#16078,#16095,#16107,#16129,#16146,#16163,
#16180,#16197,#16209,#16231,#16248,#16265,#16282,#16299,#16311,#16333,#16350,#16367,#16384,#16401,#16413,#16435,#16452,#16469,#16486,#16503,#16515,#16537,#16554,#16571,#16588,
#16605,#16617,#16639,#16656,#16673,#16690,#16707,#16719,#16741,#16758,#16775,#16792,#16809,#16821,#16843,#16860,#16877,#16894,#16911,#16923,#16945,#16962,#16979,#16996,#17013,
#17025,#17047,#17064,#17081,#17098,#17115,#17127,#17149,#17166,#17183,#17200,#17217,#17229,#17251,#17268,#17285,#17302,#17319,#17331,#17353,#17370,#17387,#17404,#17421,#17433,
#17455,#17472,#17489,#17506,#17523,#17535,#17557,#17574,#17591,#17608,#17625,#17637,#17659,#17676,#17693,#17710,#17727,#17739,#17761,#17778,#17795,#17812,#17829,#17841,#17863,
#17880,#17897,#17914,#17931,#17943,#17965,#17982,#17999,#18016,#18033,#18045,#18067,#18084,#18101,#18118,#18135,#18147,#18169,#18186,#18203,#18220,#18237,#18249,#18271,#18288,
#18305,#18322,#18339,#18351,#18373,#18390,#18407,#18424,#18441,#18453,#18475,#18492,#18509,#18526,#18543,#18555,#18577,#18594,#18611,#18628,#18645,#18657,#18679,#18696,#18713,
#18730,#18747,#18759,#18781,#18798,#18815,#18832,#18849,#18861,#18883,#18900,#18917,#18934,#18951,#18963,#18985,#19002,#19019,#19036,#19053,#19065,#19087,#19104,#19121,#19138,
#19155,#19167,#19189,#19206,#19223,#19240,#19257,#19269,#19291,#19308,#19325,#19342,#19359,#19371,#19393,#19410,#19427,#19444,#19461,#19473,#19495,#19512,#19529,#19546,#19563,
#19575,#19597,#19614,#19631,#19648,#19665,#19677,#19699,#19716,#19733,#19750,#19767,#19779,#19801,#19818,#19835,#19852,#19869,#19881,#19903,#19920,#19937,#19954,#19971,#19983,
#20005,#20022,#20039,#20056,#20073,#20085,#20107,#20124,#20141,#20158,#20175,#20187,#20209,#20226,#20243,#20260,#20277,#20289,#20311,#20328,#20345,#20362,#20379,#20391,#20413,
#20430,#20447,#20464,#20481,#20493,#20515,#20532,#20549,#20566,#20583,#20595,#20617,#20634,#20651,#20668,#20685,#20697,#20719,#20736,#20753,#20770,#20787,#20799,#20821,#20838,
#20855,#20872,#20889,#20901,#20923,#20940,#20957,#20974,#20991,#21003));
#21005=MANIFOLD_SOLID_BREP('Lid',#21004);
#6489=STYLED_ITEM('',(#1986),#21005);
#21007=CARTESIAN_POINT('',(-27.5,-54.275951481,24.));
#21008=DIRECTION('',(1.,0.,0.));
#21009=DIRECTION('',(0.,0.,-1.));
#21010=AXIS2_PLACEMENT_3D('',#21007,#21008,#21009);
#21011=PLANE('',#21010);
#21012=CARTESIAN_POINT('',(-27.5,-52.775951481,26.));
#21013=VERTEX_POINT('',#21012);
#21014=CARTESIAN_POINT('',(-27.5,-52.775951481,3.));
#21015=VERTEX_POINT('',#21014);
#21016=CARTESIAN_POINT('',(-27.5,-52.775951481,26.));
#21017=DIRECTION('',(0.,0.,-1.));
#21018=VECTOR('',#21017,23.);
#21019=LINE('',#21016,#21018);
#21020=EDGE_CURVE('',#21013,#21015,#21019,.T.);
#21021=ORIENTED_EDGE('',*,*,#21020,.F.);
#21022=CARTESIAN_POINT('',(-27.5,-55.775951481,26.));
#21023=VERTEX_POINT('',#21022);
#21024=CARTESIAN_POINT('',(-27.5,-52.775951481,26.));
#21025=DIRECTION('',(0.,-1.,0.));
#21026=VECTOR('',#21025,3.);
#21027=LINE('',#21024,#21026);
#21028=EDGE_CURVE('',#21013,#21023,#21027,.T.);
#21029=ORIENTED_EDGE('',*,*,#21028,.T.);
#21030=CARTESIAN_POINT('',(-27.5,-55.775951481,3.));
#21031=VERTEX_POINT('',#21030);
#21032=CARTESIAN_POINT('',(-27.5,-55.775951481,26.));
#21033=DIRECTION('',(0.,0.,-1.));
#21034=VECTOR('',#21033,23.);
#21035=LINE('',#21032,#21034);
#21036=EDGE_CURVE('',#21023,#21031,#21035,.T.);
#21037=ORIENTED_EDGE('',*,*,#21036,.T.);
#21038=CARTESIAN_POINT('',(-27.5,-52.775951481,3.));
#21039=DIRECTION('',(0.,-1.,0.));
#21040=VECTOR('',#21039,3.);
#21041=LINE('',#21038,#21040);
#21042=EDGE_CURVE('',#21015,#21031,#21041,.T.);
#21043=ORIENTED_EDGE('',*,*,#21042,.F.);
#21044=EDGE_LOOP('',(#21021,#21029,#21037,#21043));
#21045=FACE_BOUND('',#21044,.T.);
#21046=ADVANCED_FACE('',(#21045),#21011,.T.);
#21047=CARTESIAN_POINT('',(-27.5,-51.775951481,24.));
#21048=DIRECTION('',(0.,0.,1.));
#21049=DIRECTION('',(1.,0.,-0.));
#21050=AXIS2_PLACEMENT_3D('',#21047,#21048,#21049);
#21051=CYLINDRICAL_SURFACE('',#21050,1.);
#21052=CARTESIAN_POINT('',(-28.5,-51.775951481,27.));
#21053=VERTEX_POINT('',#21052);
#21054=CARTESIAN_POINT('',(-28.5,-51.775951481,3.));
#21055=VERTEX_POINT('',#21054);
#21056=CARTESIAN_POINT('',(-28.5,-51.775951481,27.));
#21057=DIRECTION('',(0.,0.,-1.));
#21058=VECTOR('',#21057,24.);
#21059=LINE('',#21056,#21058);
#21060=EDGE_CURVE('',#21053,#21055,#21059,.T.);
#21061=ORIENTED_EDGE('',*,*,#21060,.F.);
#21062=CARTESIAN_POINT('',(-28.5,-51.775951481,27.));
#21063=CARTESIAN_POINT('',(-28.5,-51.865497606,27.));
#21064=CARTESIAN_POINT('',(-28.488184227,-51.953050872,27.000202125));
#21065=CARTESIAN_POINT('',(-28.464875245,-52.03865999,26.999382935));
#21066=CARTESIAN_POINT('',(-28.441566263,-52.124269109,26.998563746));
#21067=CARTESIAN_POINT('',(-28.406529774,-52.207175546,26.996641416));
#21068=CARTESIAN_POINT('',(-28.361888833,-52.283048748,26.990416733));
#21069=CARTESIAN_POINT('',(-28.317247893,-52.35892195,26.984192051));
#21070=CARTESIAN_POINT('',(-28.261456376,-52.429843431,26.973260473));
#21071=CARTESIAN_POINT('',(-28.200076041,-52.490019781,26.953963112));
#21072=CARTESIAN_POINT('',(-28.169385873,-52.520107955,26.944314431));
#21073=CARTESIAN_POINT('',(-28.137199697,-52.547790605,26.932577826));
#21074=CARTESIAN_POINT('',(-28.103768859,-52.573110916,26.918150795));
#21075=CARTESIAN_POINT('',(-28.070338021,-52.598431227,26.903723764));
#21076=CARTESIAN_POINT('',(-28.035422385,-52.621468292,26.886418853));
#21077=CARTESIAN_POINT('',(-28.001071857,-52.641357163,26.866643357));
#21078=CARTESIAN_POINT('',(-27.9323708,-52.681134904,26.827092363));
#21079=CARTESIAN_POINT('',(-27.863585245,-52.709786548,26.776212935));
#21080=CARTESIAN_POINT('',(-27.801486138,-52.729422041,26.715596523));
#21081=CARTESIAN_POINT('',(-27.73938703,-52.749057534,26.654980112));
#21082=CARTESIAN_POINT('',(-27.683903228,-52.759949904,26.584683776));
#21083=CARTESIAN_POINT('',(-27.638813381,-52.766270038,26.508288901));
#21084=CARTESIAN_POINT('',(-27.593723534,-52.772590172,26.431894026));
#21085=CARTESIAN_POINT('',(-27.558732866,-52.774500904,26.349208406));
#21086=CARTESIAN_POINT('',(-27.535285506,-52.775328753,26.263298205));
#21087=CARTESIAN_POINT('',(-27.511838145,-52.776156602,26.177388004));
#21088=CARTESIAN_POINT('',(-27.5,-52.775951481,26.089632432));
#21089=CARTESIAN_POINT('',(-27.5,-52.775951481,26.));
#21090=B_SPLINE_CURVE_WITH_KNOTS('',3,(#21062,#21063,#21064,#21065,#21066,#21067,#21068,#21069,#21070,#21071,#21072,#21073,#21074,#21075,#21076,#21077,#21078,#21079,#21080,#21081,#21082,#21083,#21084,#21085,#21086,#21087,
#21088,#21089),.UNSPECIFIED.,.F.,.F.,(4,3,3,3,3,3,3,3,3,4),(0.,0.000264891,0.000529782,0.000794672,0.000927118,0.001059563,0.001324454,0.001589345,0.001854236,0.002119126),.UNSPECIFIED.);
#21091=EDGE_CURVE('',#21053,#21013,#21090,.T.);
#21092=ORIENTED_EDGE('',*,*,#21091,.T.);
#21093=ORIENTED_EDGE('',*,*,#21020,.T.);
#21094=CARTESIAN_POINT('',(-27.5,-51.775951481,3.));
#21095=DIRECTION('',(0.,0.,1.));
#21096=DIRECTION('',(1.,0.,-0.));
#21097=AXIS2_PLACEMENT_3D('',#21094,#21095,#21096);
#21098=CIRCLE('',#21097,1.);
#21099=EDGE_CURVE('',#21055,#21015,#21098,.T.);
#21100=ORIENTED_EDGE('',*,*,#21099,.F.);
#21101=EDGE_LOOP('',(#21061,#21092,#21093,#21100));
#21102=FACE_BOUND('',#21101,.T.);
#21103=ADVANCED_FACE('',(#21102),#21051,.F.);
#21104=CARTESIAN_POINT('',(-27.5,-51.775951481,24.));
#21105=DIRECTION('',(0.,0.,-1.));
#21106=DIRECTION('',(-1.,0.,0.));
#21107=AXIS2_PLACEMENT_3D('',#21104,#21105,#21106);
#21108=CYLINDRICAL_SURFACE('',#21107,4.);
#21109=ORIENTED_EDGE('',*,*,#21036,.F.);
#21110=CARTESIAN_POINT('',(-28.5,-55.648934827,27.));
#21111=VERTEX_POINT('',#21110);
#21112=CARTESIAN_POINT('',(-27.5,-55.775951481,26.));
#21113=CARTESIAN_POINT('',(-27.5,-55.775951481,26.06645535));
#21114=CARTESIAN_POINT('',(-27.506558631,-55.775966744,26.131794407));
#21115=CARTESIAN_POINT('',(-27.519408609,-55.775904394,26.196062552));
#21116=CARTESIAN_POINT('',(-27.532258587,-55.775842043,26.260330696));
#21117=CARTESIAN_POINT('',(-27.551719217,-55.77569765,26.324203586));
#21118=CARTESIAN_POINT('',(-27.577097589,-55.775208407,26.385033947));
#21119=CARTESIAN_POINT('',(-27.602475962,-55.774719164,26.445864307));
#21120=CARTESIAN_POINT('',(-27.633532832,-55.773890617,26.503543444));
#21121=CARTESIAN_POINT('',(-27.670219948,-55.772327986,26.558090552));
#21122=CARTESIAN_POINT('',(-27.706907064,-55.770765354,26.612637661));
#21123=CARTESIAN_POINT('',(-27.749581918,-55.768430098,26.664201269));
#21124=CARTESIAN_POINT('',(-27.79610871,-55.764976378,26.710307717));
#21125=CARTESIAN_POINT('',(-27.889162296,-55.758068939,26.802520612));
#21126=CARTESIAN_POINT('',(-28.001523788,-55.746245843,26.876548291));
#21127=CARTESIAN_POINT('',(-28.121552923,-55.7273654,26.925622931));
#21128=CARTESIAN_POINT('',(-28.241582058,-55.708484958,26.97469757));
#21129=CARTESIAN_POINT('',(-28.371323643,-55.682158919,27.));
#21130=CARTESIAN_POINT('',(-28.5,-55.648934827,27.));
#21131=B_SPLINE_CURVE_WITH_KNOTS('',3,(#21112,#21113,#21114,#21115,#21116,#21117,#21118,#21119,#21120,#21121,#21122,#21123,#21124,#21125,#21126,#21127,#21128,#21129,#21130),.UNSPECIFIED.,.F.,.F.,(4,3,3,3,3,3,4),(0.,0.000196539,0.000393079,0.000589618,0.000786158,0.001179236,0.001572315),.UNSPECIFIED.);
#21132=EDGE_CURVE('',#21023,#21111,#21131,.T.);
#21133=ORIENTED_EDGE('',*,*,#21132,.T.);
#21134=CARTESIAN_POINT('',(-28.5,-55.648934827,42.));
#21135=VERTEX_POINT('',#21134);
#21136=CARTESIAN_POINT('',(-28.5,-55.648934827,27.));
#21137=DIRECTION('',(0.,0.,1.));
#21138=VECTOR('',#21137,15.);
#21139=LINE('',#21136,#21138);
#21140=EDGE_CURVE('',#21111,#21135,#21139,.T.);
#21141=ORIENTED_EDGE('',*,*,#21140,.T.);
#21142=CARTESIAN_POINT('',(-31.5,-51.775951481,42.));
#21143=VERTEX_POINT('',#21142);
#21144=CARTESIAN_POINT('',(-27.5,-51.775951481,42.));
#21145=DIRECTION('',(0.,0.,1.));
#21146=DIRECTION('',(1.,0.,-0.));
#21147=AXIS2_PLACEMENT_3D('',#21144,#21145,#21146);
#21148=CIRCLE('',#21147,4.);
#21149=EDGE_CURVE('',#21143,#21135,#21148,.T.);
#21150=ORIENTED_EDGE('',*,*,#21149,.F.);
#21151=CARTESIAN_POINT('',(-31.5,-51.775951481,0.));
#21152=VERTEX_POINT('',#21151);
#21153=CARTESIAN_POINT('',(-31.5,-51.775951481,0.));
#21154=DIRECTION('',(-0.,-0.,1.));
#21155=VECTOR('',#21154,42.);
#21156=LINE('',#21153,#21155);
#21157=EDGE_CURVE('',#21152,#21143,#21156,.T.);
#21158=ORIENTED_EDGE('',*,*,#21157,.F.);
#21159=CARTESIAN_POINT('',(-27.5,-55.775951481,0.));
#21160=VERTEX_POINT('',#21159);
#21161=CARTESIAN_POINT('',(-27.5,-51.775951481,0.));
#21162=DIRECTION('',(-0.,-0.,-1.));
#21163=DIRECTION('',(1.,0.,-0.));
#21164=AXIS2_PLACEMENT_3D('',#21161,#21162,#21163);
#21165=CIRCLE('',#21164,4.);
#21166=EDGE_CURVE('',#21160,#21152,#21165,.T.);
#21167=ORIENTED_EDGE('',*,*,#21166,.F.);
#21168=CARTESIAN_POINT('',(-27.5,-55.775951481,3.));
#21169=DIRECTION('',(0.,0.,-1.));
#21170=VECTOR('',#21169,3.);
#21171=LINE('',#21168,#21170);
#21172=EDGE_CURVE('',#21031,#21160,#21171,.T.);
#21173=ORIENTED_EDGE('',*,*,#21172,.F.);
#21174=EDGE_LOOP('',(#21109,#21133,#21141,#21150,#21158,#21167,#21173));
#21175=FACE_BOUND('',#21174,.T.);
#21176=ADVANCED_FACE('',(#21175),#21108,.T.);
#21177=CARTESIAN_POINT('',(27.5,-54.275951481,24.));
#21178=DIRECTION('',(-1.,0.,0.));
#21179=DIRECTION('',(0.,0.,1.));
#21180=AXIS2_PLACEMENT_3D('',#21177,#21178,#21179);
#21181=PLANE('',#21180);
#21182=CARTESIAN_POINT('',(27.5,-55.775951481,26.));
#21183=VERTEX_POINT('',#21182);
#21184=CARTESIAN_POINT('',(27.5,-55.775951481,3.));
#21185=VERTEX_POINT('',#21184);
#21186=CARTESIAN_POINT('',(27.5,-55.775951481,26.));
#21187=DIRECTION('',(0.,0.,-1.));
#21188=VECTOR('',#21187,23.);
#21189=LINE('',#21186,#21188);
#21190=EDGE_CURVE('',#21183,#21185,#21189,.T.);
#21191=ORIENTED_EDGE('',*,*,#21190,.F.);
#21192=CARTESIAN_POINT('',(27.5,-52.775951481,26.));
#21193=VERTEX_POINT('',#21192);
#21194=CARTESIAN_POINT('',(27.5,-55.775951481,26.));
#21195=DIRECTION('',(0.,1.,0.));
#21196=VECTOR('',#21195,3.);
#21197=LINE('',#21194,#21196);
#21198=EDGE_CURVE('',#21183,#21193,#21197,.T.);
#21199=ORIENTED_EDGE('',*,*,#21198,.T.);
#21200=CARTESIAN_POINT('',(27.5,-52.775951481,3.));
#21201=VERTEX_POINT('',#21200);
#21202=CARTESIAN_POINT('',(27.5,-52.775951481,26.));
#21203=DIRECTION('',(0.,0.,-1.));
#21204=VECTOR('',#21203,23.);
#21205=LINE('',#21202,#21204);
#21206=EDGE_CURVE('',#21193,#21201,#21205,.T.);
#21207=ORIENTED_EDGE('',*,*,#21206,.T.);
#21208=CARTESIAN_POINT('',(27.5,-52.775951481,3.));
#21209=DIRECTION('',(0.,-1.,0.));
#21210=VECTOR('',#21209,3.);
#21211=LINE('',#21208,#21210);
#21212=EDGE_CURVE('',#21201,#21185,#21211,.T.);
#21213=ORIENTED_EDGE('',*,*,#21212,.T.);
#21214=EDGE_LOOP('',(#21191,#21199,#21207,#21213));
#21215=FACE_BOUND('',#21214,.T.);
#21216=ADVANCED_FACE('',(#21215),#21181,.T.);
#21217=CARTESIAN_POINT('',(0.,0.,42.));
#21218=DIRECTION('',(0.,0.,1.));
#21219=DIRECTION('',(1.,0.,0.));
#21220=AXIS2_PLACEMENT_3D('',#21217,#21218,#21219);
#21221=PLANE('',#21220);
#21222=CARTESIAN_POINT('',(28.5,33.724048519,42.));
#21223=VERTEX_POINT('',#21222);
#21224=CARTESIAN_POINT('',(28.5,-55.648934827,42.));
#21225=VERTEX_POINT('',#21224);
#21226=CARTESIAN_POINT('',(28.5,33.724048519,42.));
#21227=DIRECTION('',(0.,-1.,0.));
#21228=VECTOR('',#21227,89.372983346);
#21229=LINE('',#21226,#21228);
#21230=EDGE_CURVE('',#21223,#21225,#21229,.T.);
#21231=ORIENTED_EDGE('',*,*,#21230,.T.);
#21232=CARTESIAN_POINT('',(31.5,-51.775951481,42.));
#21233=VERTEX_POINT('',#21232);
#21234=CARTESIAN_POINT('',(27.5,-51.775951481,42.));
#21235=DIRECTION('',(0.,0.,1.));
#21236=DIRECTION('',(1.,0.,-0.));
#21237=AXIS2_PLACEMENT_3D('',#21234,#21235,#21236);
#21238=CIRCLE('',#21237,4.);
#21239=EDGE_CURVE('',#21225,#21233,#21238,.T.);
#21240=ORIENTED_EDGE('',*,*,#21239,.T.);
#21241=CARTESIAN_POINT('',(31.5,33.724048519,42.));
#21242=VERTEX_POINT('',#21241);
#21243=CARTESIAN_POINT('',(31.5,-51.775951481,42.));
#21244=DIRECTION('',(-0.,1.,0.));
#21245=VECTOR('',#21244,85.5);
#21246=LINE('',#21243,#21245);
#21247=EDGE_CURVE('',#21233,#21242,#21246,.T.);
#21248=ORIENTED_EDGE('',*,*,#21247,.T.);
#21249=CARTESIAN_POINT('',(27.5,37.724048519,42.));
#21250=VERTEX_POINT('',#21249);
#21251=CARTESIAN_POINT('',(27.5,33.724048519,42.));
#21252=DIRECTION('',(0.,0.,1.));
#21253=DIRECTION('',(1.,0.,-0.));
#21254=AXIS2_PLACEMENT_3D('',#21251,#21252,#21253);
#21255=CIRCLE('',#21254,4.);
#21256=EDGE_CURVE('',#21242,#21250,#21255,.T.);
#21257=ORIENTED_EDGE('',*,*,#21256,.T.);
#21258=CARTESIAN_POINT('',(-0.,37.724048519,42.));
#21259=VERTEX_POINT('',#21258);
#21260=CARTESIAN_POINT('',(-0.,37.724048519,42.));
#21261=DIRECTION('',(1.,0.,0.));
#21262=VECTOR('',#21261,27.5);
#21263=LINE('',#21260,#21262);
#21264=EDGE_CURVE('',#21259,#21250,#21263,.T.);
#21265=ORIENTED_EDGE('',*,*,#21264,.F.);
#21266=CARTESIAN_POINT('',(-0.,34.724048519,42.));
#21267=VERTEX_POINT('',#21266);
#21268=CARTESIAN_POINT('',(-0.,34.724048519,42.));
#21269=DIRECTION('',(-0.,1.,0.));
#21270=VECTOR('',#21269,3.);
#21271=LINE('',#21268,#21270);
#21272=EDGE_CURVE('',#21267,#21259,#21271,.T.);
#21273=ORIENTED_EDGE('',*,*,#21272,.F.);
#21274=CARTESIAN_POINT('',(27.5,34.724048519,42.));
#21275=VERTEX_POINT('',#21274);
#21276=CARTESIAN_POINT('',(-0.,34.724048519,42.));
#21277=DIRECTION('',(1.,0.,0.));
#21278=VECTOR('',#21277,27.5);
#21279=LINE('',#21276,#21278);
#21280=EDGE_CURVE('',#21267,#21275,#21279,.T.);
#21281=ORIENTED_EDGE('',*,*,#21280,.T.);
#21282=CARTESIAN_POINT('',(27.5,33.724048519,42.));
#21283=DIRECTION('',(-0.,-0.,-1.));
#21284=DIRECTION('',(1.,0.,-0.));
#21285=AXIS2_PLACEMENT_3D('',#21282,#21283,#21284);
#21286=CIRCLE('',#21285,1.);
#21287=EDGE_CURVE('',#21275,#21223,#21286,.T.);
#21288=ORIENTED_EDGE('',*,*,#21287,.T.);
#21289=EDGE_LOOP('',(#21231,#21240,#21248,#21257,#21265,#21273,#21281,#21288));
#21290=FACE_BOUND('',#21289,.T.);
#21291=ADVANCED_FACE('',(#21290),#21221,.T.);
#21292=CARTESIAN_POINT('',(27.5,-51.775951481,24.));
#21293=DIRECTION('',(0.,0.,1.));
#21294=DIRECTION('',(1.,0.,-0.));
#21295=AXIS2_PLACEMENT_3D('',#21292,#21293,#21294);
#21296=CYLINDRICAL_SURFACE('',#21295,1.);
#21297=ORIENTED_EDGE('',*,*,#21206,.F.);
#21298=CARTESIAN_POINT('',(28.5,-51.775951481,27.));
#21299=VERTEX_POINT('',#21298);
#21300=CARTESIAN_POINT('',(27.5,-52.775951481,26.));
#21301=CARTESIAN_POINT('',(27.5,-52.775951481,26.089546125));
#21302=CARTESIAN_POINT('',(27.511815773,-52.776153605,26.177099392));
#21303=CARTESIAN_POINT('',(27.535124755,-52.775334416,26.26270851));
#21304=CARTESIAN_POINT('',(27.558433737,-52.774515227,26.348317628));
#21305=CARTESIAN_POINT('',(27.593470226,-52.772592896,26.431224066));
#21306=CARTESIAN_POINT('',(27.638111167,-52.766368214,26.507097268));
#21307=CARTESIAN_POINT('',(27.682752107,-52.760143532,26.58297047));
#21308=CARTESIAN_POINT('',(27.738543624,-52.749211954,26.65389195));
#21309=CARTESIAN_POINT('',(27.799923959,-52.729914592,26.7140683));
#21310=CARTESIAN_POINT('',(27.830614127,-52.720265912,26.744156475));
#21311=CARTESIAN_POINT('',(27.862800303,-52.708529307,26.771839124));
#21312=CARTESIAN_POINT('',(27.896231141,-52.694102276,26.797159435));
#21313=CARTESIAN_POINT('',(27.929661979,-52.679675244,26.822479746));
#21314=CARTESIAN_POINT('',(27.964577615,-52.662370334,26.845516812));
#21315=CARTESIAN_POINT('',(27.998928143,-52.642594837,26.865405682));
#21316=CARTESIAN_POINT('',(28.0676292,-52.603043844,26.905183423));
#21317=CARTESIAN_POINT('',(28.136414755,-52.552164415,26.933835067));
#21318=CARTESIAN_POINT('',(28.198513862,-52.491548004,26.95347056));
#21319=CARTESIAN_POINT('',(28.26061297,-52.430931592,26.973106053));
#21320=CARTESIAN_POINT('',(28.316096772,-52.360635256,26.983998423));
#21321=CARTESIAN_POINT('',(28.361186619,-52.284240381,26.990318558));
#21322=CARTESIAN_POINT('',(28.406276466,-52.207845507,26.996638692));
#21323=CARTESIAN_POINT('',(28.441267134,-52.125159887,26.998549424));
#21324=CARTESIAN_POINT('',(28.464714494,-52.039249686,26.999377273));
#21325=CARTESIAN_POINT('',(28.488161855,-51.953339484,27.000205121));
#21326=CARTESIAN_POINT('',(28.5,-51.865583912,27.));
#21327=CARTESIAN_POINT('',(28.5,-51.775951481,27.));
#21328=B_SPLINE_CURVE_WITH_KNOTS('',3,(#21300,#21301,#21302,#21303,#21304,#21305,#21306,#21307,#21308,#21309,#21310,#21311,#21312,#21313,#21314,#21315,#21316,#21317,#21318,#21319,#21320,#21321,#21322,#21323,#21324,#21325,
#21326,#21327),.UNSPECIFIED.,.F.,.F.,(4,3,3,3,3,3,3,3,3,4),(0.,0.000264891,0.000529782,0.000794672,0.000927118,0.001059563,0.001324454,0.001589345,0.001854236,0.002119126),.UNSPECIFIED.);
#21329=EDGE_CURVE('',#21193,#21299,#21328,.T.);
#21330=ORIENTED_EDGE('',*,*,#21329,.T.);
#21331=CARTESIAN_POINT('',(28.5,-51.775951481,3.));
#21332=VERTEX_POINT('',#21331);
#21333=CARTESIAN_POINT('',(28.5,-51.775951481,3.));
#21334=DIRECTION('',(-0.,-0.,1.));
#21335=VECTOR('',#21334,24.);
#21336=LINE('',#21333,#21335);
#21337=EDGE_CURVE('',#21332,#21299,#21336,.T.);
#21338=ORIENTED_EDGE('',*,*,#21337,.F.);
#21339=CARTESIAN_POINT('',(27.5,-51.775951481,3.));
#21340=DIRECTION('',(0.,0.,1.));
#21341=DIRECTION('',(1.,0.,-0.));
#21342=AXIS2_PLACEMENT_3D('',#21339,#21340,#21341);
#21343=CIRCLE('',#21342,1.);
#21344=EDGE_CURVE('',#21201,#21332,#21343,.T.);
#21345=ORIENTED_EDGE('',*,*,#21344,.F.);
#21346=EDGE_LOOP('',(#21297,#21330,#21338,#21345));
#21347=FACE_BOUND('',#21346,.T.);
#21348=ADVANCED_FACE('',(#21347),#21296,.F.);
#21349=CARTESIAN_POINT('',(-13.,34.724048519,23.));
#21350=DIRECTION('',(0.,0.,1.));
#21351=DIRECTION('',(1.,0.,0.));
#21352=AXIS2_PLACEMENT_3D('',#21349,#21350,#21351);
#21353=PLANE('',#21352);
#21354=CARTESIAN_POINT('',(-26.,37.724048519,23.));
#21355=VERTEX_POINT('',#21354);
#21356=CARTESIAN_POINT('',(-0.,37.724048519,23.));
#21357=VERTEX_POINT('',#21356);
#21358=CARTESIAN_POINT('',(-26.,37.724048519,23.));
#21359=DIRECTION('',(1.,0.,0.));
#21360=VECTOR('',#21359,26.);
#21361=LINE('',#21358,#21360);
#21362=EDGE_CURVE('',#21355,#21357,#21361,.T.);
#21363=ORIENTED_EDGE('',*,*,#21362,.F.);
#21364=CARTESIAN_POINT('',(-26.,34.724048519,23.));
#21365=VERTEX_POINT('',#21364);
#21366=CARTESIAN_POINT('',(-26.,34.724048519,23.));
#21367=DIRECTION('',(-0.,1.,0.));
#21368=VECTOR('',#21367,3.);
#21369=LINE('',#21366,#21368);
#21370=EDGE_CURVE('',#21365,#21355,#21369,.T.);
#21371=ORIENTED_EDGE('',*,*,#21370,.F.);
#21372=CARTESIAN_POINT('',(-0.,34.724048519,23.));
#21373=VERTEX_POINT('',#21372);
#21374=CARTESIAN_POINT('',(-26.,34.724048519,23.));
#21375=DIRECTION('',(1.,0.,0.));
#21376=VECTOR('',#21375,26.);
#21377=LINE('',#21374,#21376);
#21378=EDGE_CURVE('',#21365,#21373,#21377,.T.);
#21379=ORIENTED_EDGE('',*,*,#21378,.T.);
#21380=CARTESIAN_POINT('',(-0.,34.724048519,23.));
#21381=DIRECTION('',(-0.,1.,0.));
#21382=VECTOR('',#21381,3.);
#21383=LINE('',#21380,#21382);
#21384=EDGE_CURVE('',#21373,#21357,#21383,.T.);
#21385=ORIENTED_EDGE('',*,*,#21384,.T.);
#21386=EDGE_LOOP('',(#21363,#21371,#21379,#21385));
#21387=FACE_BOUND('',#21386,.T.);
#21388=ADVANCED_FACE('',(#21387),#21353,.T.);
#21389=CARTESIAN_POINT('',(0.,0.,-0.));
#21390=DIRECTION('',(0.,0.,1.));
#21391=DIRECTION('',(1.,0.,0.));
#21392=AXIS2_PLACEMENT_3D('',#21389,#21390,#21391);
#21393=PLANE('',#21392);
#21394=CARTESIAN_POINT('',(-22.924048519,-29.099048519,-0.));
#21395=VERTEX_POINT('',#21394);
#21396=CARTESIAN_POINT('',(-26.174048519,-29.099048519,-0.));
#21397=VERTEX_POINT('',#21396);
#21398=CARTESIAN_POINT('',(-24.549048519,-29.099048519,-0.));
#21399=DIRECTION('',(0.,0.,1.));
#21400=DIRECTION('',(1.,0.,-0.));
#21401=AXIS2_PLACEMENT_3D('',#21398,#21399,#21400);
#21402=CIRCLE('',#21401,1.625);
#21403=EDGE_CURVE('',#21395,#21397,#21402,.T.);
#21404=ORIENTED_EDGE('',*,*,#21403,.T.);
#21405=CARTESIAN_POINT('',(-24.549048519,-29.099048519,-0.));
#21406=DIRECTION('',(0.,0.,1.));
#21407=DIRECTION('',(1.,0.,-0.));
#21408=AXIS2_PLACEMENT_3D('',#21405,#21406,#21407);
#21409=CIRCLE('',#21408,1.625);
#21410=EDGE_CURVE('',#21397,#21395,#21409,.T.);
#21411=ORIENTED_EDGE('',*,*,#21410,.T.);
#21412=EDGE_LOOP('',(#21404,#21411));
#21413=FACE_BOUND('',#21412,.T.);
#21414=CARTESIAN_POINT('',(-22.924048519,29.099048519,-0.));
#21415=VERTEX_POINT('',#21414);
#21416=CARTESIAN_POINT('',(-26.174048519,29.099048519,-0.));
#21417=VERTEX_POINT('',#21416);
#21418=CARTESIAN_POINT('',(-24.549048519,29.099048519,-0.));
#21419=DIRECTION('',(0.,0.,1.));
#21420=DIRECTION('',(1.,0.,-0.));
#21421=AXIS2_PLACEMENT_3D('',#21418,#21419,#21420);
#21422=CIRCLE('',#21421,1.625);
#21423=EDGE_CURVE('',#21415,#21417,#21422,.T.);
#21424=ORIENTED_EDGE('',*,*,#21423,.T.);
#21425=CARTESIAN_POINT('',(-24.549048519,29.099048519,-0.));
#21426=DIRECTION('',(0.,0.,1.));
#21427=DIRECTION('',(1.,0.,-0.));
#21428=AXIS2_PLACEMENT_3D('',#21425,#21426,#21427);
#21429=CIRCLE('',#21428,1.625);
#21430=EDGE_CURVE('',#21417,#21415,#21429,.T.);
#21431=ORIENTED_EDGE('',*,*,#21430,.T.);
#21432=EDGE_LOOP('',(#21424,#21431));
#21433=FACE_BOUND('',#21432,.T.);
#21434=CARTESIAN_POINT('',(26.174048519,-29.099048519,-0.));
#21435=VERTEX_POINT('',#21434);
#21436=CARTESIAN_POINT('',(22.924048519,-29.099048519,-0.));
#21437=VERTEX_POINT('',#21436);
#21438=CARTESIAN_POINT('',(24.549048519,-29.099048519,-0.));
#21439=DIRECTION('',(0.,0.,1.));
#21440=DIRECTION('',(1.,0.,-0.));
#21441=AXIS2_PLACEMENT_3D('',#21438,#21439,#21440);
#21442=CIRCLE('',#21441,1.625);
#21443=EDGE_CURVE('',#21435,#21437,#21442,.T.);
#21444=ORIENTED_EDGE('',*,*,#21443,.T.);
#21445=CARTESIAN_POINT('',(24.549048519,-29.099048519,-0.));
#21446=DIRECTION('',(0.,0.,1.));
#21447=DIRECTION('',(1.,0.,-0.));
#21448=AXIS2_PLACEMENT_3D('',#21445,#21446,#21447);
#21449=CIRCLE('',#21448,1.625);
#21450=EDGE_CURVE('',#21437,#21435,#21449,.T.);
#21451=ORIENTED_EDGE('',*,*,#21450,.T.);
#21452=EDGE_LOOP('',(#21444,#21451));
#21453=FACE_BOUND('',#21452,.T.);
#21454=CARTESIAN_POINT('',(26.174048519,29.099048519,-0.));
#21455=VERTEX_POINT('',#21454);
#21456=CARTESIAN_POINT('',(22.924048519,29.099048519,-0.));
#21457=VERTEX_POINT('',#21456);
#21458=CARTESIAN_POINT('',(24.549048519,29.099048519,-0.));
#21459=DIRECTION('',(0.,0.,1.));
#21460=DIRECTION('',(1.,0.,-0.));
#21461=AXIS2_PLACEMENT_3D('',#21458,#21459,#21460);
#21462=CIRCLE('',#21461,1.625);
#21463=EDGE_CURVE('',#21455,#21457,#21462,.T.);
#21464=ORIENTED_EDGE('',*,*,#21463,.T.);
#21465=CARTESIAN_POINT('',(24.549048519,29.099048519,-0.));
#21466=DIRECTION('',(0.,0.,1.));
#21467=DIRECTION('',(1.,0.,-0.));
#21468=AXIS2_PLACEMENT_3D('',#21465,#21466,#21467);
#21469=CIRCLE('',#21468,1.625);
#21470=EDGE_CURVE('',#21457,#21455,#21469,.T.);
#21471=ORIENTED_EDGE('',*,*,#21470,.T.);
#21472=EDGE_LOOP('',(#21464,#21471));
#21473=FACE_BOUND('',#21472,.T.);
#21474=CARTESIAN_POINT('',(11.697271824,-15.223223305,0.));
#21475=VERTEX_POINT('',#21474);
#21476=CARTESIAN_POINT('',(8.947271824,-15.223223305,0.));
#21477=VERTEX_POINT('',#21476);
#21478=CARTESIAN_POINT('',(10.322271824,-15.223223305,0.));
#21479=DIRECTION('',(0.,0.,1.));
#21480=DIRECTION('',(1.,0.,-0.));
#21481=AXIS2_PLACEMENT_3D('',#21478,#21479,#21480);
#21482=CIRCLE('',#21481,1.375);
#21483=EDGE_CURVE('',#21475,#21477,#21482,.T.);
#21484=ORIENTED_EDGE('',*,*,#21483,.T.);
#21485=CARTESIAN_POINT('',(10.322271824,-15.223223305,0.));
#21486=DIRECTION('',(0.,0.,1.));
#21487=DIRECTION('',(1.,0.,-0.));
#21488=AXIS2_PLACEMENT_3D('',#21485,#21486,#21487);
#21489=CIRCLE('',#21488,1.375);
#21490=EDGE_CURVE('',#21477,#21475,#21489,.T.);
#21491=ORIENTED_EDGE('',*,*,#21490,.T.);
#21492=EDGE_LOOP('',(#21484,#21491));
#21493=FACE_BOUND('',#21492,.T.);
#21494=CARTESIAN_POINT('',(-8.947271824,-2.828679656,0.));
#21495=VERTEX_POINT('',#21494);
#21496=CARTESIAN_POINT('',(-11.697271824,-2.828679656,0.));
#21497=VERTEX_POINT('',#21496);
#21498=CARTESIAN_POINT('',(-10.322271824,-2.828679656,0.));
#21499=DIRECTION('',(0.,0.,1.));
#21500=DIRECTION('',(1.,0.,-0.));
#21501=AXIS2_PLACEMENT_3D('',#21498,#21499,#21500);
#21502=CIRCLE('',#21501,1.375);
#21503=EDGE_CURVE('',#21495,#21497,#21502,.T.);
#21504=ORIENTED_EDGE('',*,*,#21503,.T.);
#21505=CARTESIAN_POINT('',(-10.322271824,-2.828679656,0.));
#21506=DIRECTION('',(0.,0.,1.));
#21507=DIRECTION('',(1.,0.,-0.));
#21508=AXIS2_PLACEMENT_3D('',#21505,#21506,#21507);
#21509=CIRCLE('',#21508,1.375);
#21510=EDGE_CURVE('',#21497,#21495,#21509,.T.);
#21511=ORIENTED_EDGE('',*,*,#21510,.T.);
#21512=EDGE_LOOP('',(#21504,#21511));
#21513=FACE_BOUND('',#21512,.T.);
#21514=CARTESIAN_POINT('',(11.697271824,-2.828679656,0.));
#21515=VERTEX_POINT('',#21514);
#21516=CARTESIAN_POINT('',(8.947271824,-2.828679656,0.));
#21517=VERTEX_POINT('',#21516);
#21518=CARTESIAN_POINT('',(10.322271824,-2.828679656,0.));
#21519=DIRECTION('',(0.,0.,1.));
#21520=DIRECTION('',(1.,0.,-0.));
#21521=AXIS2_PLACEMENT_3D('',#21518,#21519,#21520);
#21522=CIRCLE('',#21521,1.375);
#21523=EDGE_CURVE('',#21515,#21517,#21522,.T.);
#21524=ORIENTED_EDGE('',*,*,#21523,.T.);
#21525=CARTESIAN_POINT('',(10.322271824,-2.828679656,0.));
#21526=DIRECTION('',(0.,0.,1.));
#21527=DIRECTION('',(1.,0.,-0.));
#21528=AXIS2_PLACEMENT_3D('',#21525,#21526,#21527);
#21529=CIRCLE('',#21528,1.375);
#21530=EDGE_CURVE('',#21517,#21515,#21529,.T.);
#21531=ORIENTED_EDGE('',*,*,#21530,.T.);
#21532=EDGE_LOOP('',(#21524,#21531));
#21533=FACE_BOUND('',#21532,.T.);
#21534=CARTESIAN_POINT('',(-8.947271824,-15.223223305,0.));
#21535=VERTEX_POINT('',#21534);
#21536=CARTESIAN_POINT('',(-11.697271824,-15.223223305,0.));
#21537=VERTEX_POINT('',#21536);
#21538=CARTESIAN_POINT('',(-10.322271824,-15.223223305,0.));
#21539=DIRECTION('',(0.,0.,1.));
#21540=DIRECTION('',(1.,0.,-0.));
#21541=AXIS2_PLACEMENT_3D('',#21538,#21539,#21540);
#21542=CIRCLE('',#21541,1.375);
#21543=EDGE_CURVE('',#21535,#21537,#21542,.T.);
#21544=ORIENTED_EDGE('',*,*,#21543,.T.);
#21545=CARTESIAN_POINT('',(-10.322271824,-15.223223305,0.));
#21546=DIRECTION('',(0.,0.,1.));
#21547=DIRECTION('',(1.,0.,-0.));
#21548=AXIS2_PLACEMENT_3D('',#21545,#21546,#21547);
#21549=CIRCLE('',#21548,1.375);
#21550=EDGE_CURVE('',#21537,#21535,#21549,.T.);
#21551=ORIENTED_EDGE('',*,*,#21550,.T.);
#21552=EDGE_LOOP('',(#21544,#21551));
#21553=FACE_BOUND('',#21552,.T.);
#21554=CARTESIAN_POINT('',(-27.5,37.724048519,0.));
#21555=VERTEX_POINT('',#21554);
#21556=CARTESIAN_POINT('',(27.5,37.724048519,0.));
#21557=VERTEX_POINT('',#21556);
#21558=CARTESIAN_POINT('',(-27.5,37.724048519,0.));
#21559=DIRECTION('',(1.,0.,0.));
#21560=VECTOR('',#21559,55.);
#21561=LINE('',#21558,#21560);
#21562=EDGE_CURVE('',#21555,#21557,#21561,.T.);
#21563=ORIENTED_EDGE('',*,*,#21562,.T.);
#21564=CARTESIAN_POINT('',(31.5,33.724048519,0.));
#21565=VERTEX_POINT('',#21564);
#21566=CARTESIAN_POINT('',(27.5,33.724048519,0.));
#21567=DIRECTION('',(-0.,-0.,-1.));
#21568=DIRECTION('',(1.,0.,-0.));
#21569=AXIS2_PLACEMENT_3D('',#21566,#21567,#21568);
#21570=CIRCLE('',#21569,4.);
#21571=EDGE_CURVE('',#21557,#21565,#21570,.T.);
#21572=ORIENTED_EDGE('',*,*,#21571,.T.);
#21573=CARTESIAN_POINT('',(31.5,-51.775951481,-0.));
#21574=VERTEX_POINT('',#21573);
#21575=CARTESIAN_POINT('',(31.5,-51.775951481,0.));
#21576=DIRECTION('',(-0.,1.,0.));
#21577=VECTOR('',#21576,85.5);
#21578=LINE('',#21575,#21577);
#21579=EDGE_CURVE('',#21574,#21565,#21578,.T.);
#21580=ORIENTED_EDGE('',*,*,#21579,.F.);
#21581=CARTESIAN_POINT('',(27.5,-55.775951481,0.));
#21582=VERTEX_POINT('',#21581);
#21583=CARTESIAN_POINT('',(27.5,-51.775951481,0.));
#21584=DIRECTION('',(-0.,-0.,-1.));
#21585=DIRECTION('',(1.,0.,-0.));
#21586=AXIS2_PLACEMENT_3D('',#21583,#21584,#21585);
#21587=CIRCLE('',#21586,4.);
#21588=EDGE_CURVE('',#21574,#21582,#21587,.T.);
#21589=ORIENTED_EDGE('',*,*,#21588,.T.);
#21590=CARTESIAN_POINT('',(27.5,-55.775951481,-0.));
#21591=DIRECTION('',(-1.,-0.,0.));
#21592=VECTOR('',#21591,55.);
#21593=LINE('',#21590,#21592);
#21594=EDGE_CURVE('',#21582,#21160,#21593,.T.);
#21595=ORIENTED_EDGE('',*,*,#21594,.T.);
#21596=ORIENTED_EDGE('',*,*,#21166,.T.);
#21597=CARTESIAN_POINT('',(-31.5,33.724048519,0.));
#21598=VERTEX_POINT('',#21597);
#21599=CARTESIAN_POINT('',(-31.5,33.724048519,0.));
#21600=DIRECTION('',(0.,-1.,0.));
#21601=VECTOR('',#21600,85.5);
#21602=LINE('',#21599,#21601);
#21603=EDGE_CURVE('',#21598,#21152,#21602,.T.);
#21604=ORIENTED_EDGE('',*,*,#21603,.F.);
#21605=CARTESIAN_POINT('',(-27.5,33.724048519,0.));
#21606=DIRECTION('',(-0.,-0.,-1.));
#21607=DIRECTION('',(1.,0.,-0.));
#21608=AXIS2_PLACEMENT_3D('',#21605,#21606,#21607);
#21609=CIRCLE('',#21608,4.);
#21610=EDGE_CURVE('',#21598,#21555,#21609,.T.);
#21611=ORIENTED_EDGE('',*,*,#21610,.T.);
#21612=EDGE_LOOP('',(#21563,#21572,#21580,#21589,#21595,#21596,#21604,#21611));
#21613=FACE_BOUND('',#21612,.T.);
#21614=ADVANCED_FACE('',(#21413,#21433,#21453,#21473,#21493,#21513,#21533,#21553,#21613),#21393,.F.);
#21615=CARTESIAN_POINT('',(0.,0.,3.));
#21616=DIRECTION('',(0.,0.,1.));
#21617=DIRECTION('',(1.,0.,0.));
#21618=AXIS2_PLACEMENT_3D('',#21615,#21616,#21617);
#21619=PLANE('',#21618);
#21620=CARTESIAN_POINT('',(-27.549048519,-29.099048519,3.));
#21621=VERTEX_POINT('',#21620);
#21622=CARTESIAN_POINT('',(-21.549048519,-29.099048519,3.));
#21623=VERTEX_POINT('',#21622);
#21624=CARTESIAN_POINT('',(-24.549048519,-29.099048519,3.));
#21625=DIRECTION('',(0.,0.,1.));
#21626=DIRECTION('',(1.,0.,-0.));
#21627=AXIS2_PLACEMENT_3D('',#21624,#21625,#21626);
#21628=CIRCLE('',#21627,3.);
#21629=EDGE_CURVE('',#21621,#21623,#21628,.T.);
#21630=ORIENTED_EDGE('',*,*,#21629,.F.);
#21631=CARTESIAN_POINT('',(-24.549048519,-29.099048519,3.));
#21632=DIRECTION('',(0.,0.,1.));
#21633=DIRECTION('',(1.,0.,-0.));
#21634=AXIS2_PLACEMENT_3D('',#21631,#21632,#21633);
#21635=CIRCLE('',#21634,3.);
#21636=EDGE_CURVE('',#21623,#21621,#21635,.T.);
#21637=ORIENTED_EDGE('',*,*,#21636,.F.);
#21638=EDGE_LOOP('',(#21630,#21637));
#21639=FACE_BOUND('',#21638,.T.);
#21640=CARTESIAN_POINT('',(21.549048519,29.099048519,3.));
#21641=VERTEX_POINT('',#21640);
#21642=CARTESIAN_POINT('',(27.549048519,29.099048519,3.));
#21643=VERTEX_POINT('',#21642);
#21644=CARTESIAN_POINT('',(24.549048519,29.099048519,3.));
#21645=DIRECTION('',(0.,0.,1.));
#21646=DIRECTION('',(1.,0.,-0.));
#21647=AXIS2_PLACEMENT_3D('',#21644,#21645,#21646);
#21648=CIRCLE('',#21647,3.);
#21649=EDGE_CURVE('',#21641,#21643,#21648,.T.);
#21650=ORIENTED_EDGE('',*,*,#21649,.F.);
#21651=CARTESIAN_POINT('',(24.549048519,29.099048519,3.));
#21652=DIRECTION('',(0.,0.,1.));
#21653=DIRECTION('',(1.,0.,-0.));
#21654=AXIS2_PLACEMENT_3D('',#21651,#21652,#21653);
#21655=CIRCLE('',#21654,3.);
#21656=EDGE_CURVE('',#21643,#21641,#21655,.T.);
#21657=ORIENTED_EDGE('',*,*,#21656,.F.);
#21658=EDGE_LOOP('',(#21650,#21657));
#21659=FACE_BOUND('',#21658,.T.);
#21660=CARTESIAN_POINT('',(21.549048519,-29.099048519,3.));
#21661=VERTEX_POINT('',#21660);
#21662=CARTESIAN_POINT('',(27.549048519,-29.099048519,3.));
#21663=VERTEX_POINT('',#21662);
#21664=CARTESIAN_POINT('',(24.549048519,-29.099048519,3.));
#21665=DIRECTION('',(0.,0.,1.));
#21666=DIRECTION('',(1.,0.,-0.));
#21667=AXIS2_PLACEMENT_3D('',#21664,#21665,#21666);
#21668=CIRCLE('',#21667,3.);
#21669=EDGE_CURVE('',#21661,#21663,#21668,.T.);
#21670=ORIENTED_EDGE('',*,*,#21669,.F.);
#21671=CARTESIAN_POINT('',(24.549048519,-29.099048519,3.));
#21672=DIRECTION('',(0.,0.,1.));
#21673=DIRECTION('',(1.,0.,-0.));
#21674=AXIS2_PLACEMENT_3D('',#21671,#21672,#21673);
#21675=CIRCLE('',#21674,3.);
#21676=EDGE_CURVE('',#21663,#21661,#21675,.T.);
#21677=ORIENTED_EDGE('',*,*,#21676,.F.);
#21678=EDGE_LOOP('',(#21670,#21677));
#21679=FACE_BOUND('',#21678,.T.);
#21680=CARTESIAN_POINT('',(-27.549048519,29.099048519,3.));
#21681=VERTEX_POINT('',#21680);
#21682=CARTESIAN_POINT('',(-21.549048519,29.099048519,3.));
#21683=VERTEX_POINT('',#21682);
#21684=CARTESIAN_POINT('',(-24.549048519,29.099048519,3.));
#21685=DIRECTION('',(0.,0.,1.));
#21686=DIRECTION('',(1.,0.,-0.));
#21687=AXIS2_PLACEMENT_3D('',#21684,#21685,#21686);
#21688=CIRCLE('',#21687,3.);
#21689=EDGE_CURVE('',#21681,#21683,#21688,.T.);
#21690=ORIENTED_EDGE('',*,*,#21689,.F.);
#21691=CARTESIAN_POINT('',(-24.549048519,29.099048519,3.));
#21692=DIRECTION('',(0.,0.,1.));
#21693=DIRECTION('',(1.,0.,-0.));
#21694=AXIS2_PLACEMENT_3D('',#21691,#21692,#21693);
#21695=CIRCLE('',#21694,3.);
#21696=EDGE_CURVE('',#21683,#21681,#21695,.T.);
#21697=ORIENTED_EDGE('',*,*,#21696,.F.);
#21698=EDGE_LOOP('',(#21690,#21697));
#21699=FACE_BOUND('',#21698,.T.);
#21700=CARTESIAN_POINT('',(-8.947271824,-15.223223305,3.));
#21701=VERTEX_POINT('',#21700);
#21702=CARTESIAN_POINT('',(-11.697271824,-15.223223305,3.));
#21703=VERTEX_POINT('',#21702);
#21704=CARTESIAN_POINT('',(-10.322271824,-15.223223305,3.));
#21705=DIRECTION('',(-0.,-0.,-1.));
#21706=DIRECTION('',(1.,0.,-0.));
#21707=AXIS2_PLACEMENT_3D('',#21704,#21705,#21706);
#21708=CIRCLE('',#21707,1.375);
#21709=EDGE_CURVE('',#21701,#21703,#21708,.T.);
#21710=ORIENTED_EDGE('',*,*,#21709,.T.);
#21711=CARTESIAN_POINT('',(-10.322271824,-15.223223305,3.));
#21712=DIRECTION('',(-0.,-0.,-1.));
#21713=DIRECTION('',(1.,0.,-0.));
#21714=AXIS2_PLACEMENT_3D('',#21711,#21712,#21713);
#21715=CIRCLE('',#21714,1.375);
#21716=EDGE_CURVE('',#21703,#21701,#21715,.T.);
#21717=ORIENTED_EDGE('',*,*,#21716,.T.);
#21718=EDGE_LOOP('',(#21710,#21717));
#21719=FACE_BOUND('',#21718,.T.);
#21720=CARTESIAN_POINT('',(11.697271824,-2.828679656,3.));
#21721=VERTEX_POINT('',#21720);
#21722=CARTESIAN_POINT('',(8.947271824,-2.828679656,3.));
#21723=VERTEX_POINT('',#21722);
#21724=CARTESIAN_POINT('',(10.322271824,-2.828679656,3.));
#21725=DIRECTION('',(-0.,-0.,-1.));
#21726=DIRECTION('',(1.,0.,-0.));
#21727=AXIS2_PLACEMENT_3D('',#21724,#21725,#21726);
#21728=CIRCLE('',#21727,1.375);
#21729=EDGE_CURVE('',#21721,#21723,#21728,.T.);
#21730=ORIENTED_EDGE('',*,*,#21729,.T.);
#21731=CARTESIAN_POINT('',(10.322271824,-2.828679656,3.));
#21732=DIRECTION('',(-0.,-0.,-1.));
#21733=DIRECTION('',(1.,0.,-0.));
#21734=AXIS2_PLACEMENT_3D('',#21731,#21732,#21733);
#21735=CIRCLE('',#21734,1.375);
#21736=EDGE_CURVE('',#21723,#21721,#21735,.T.);
#21737=ORIENTED_EDGE('',*,*,#21736,.T.);
#21738=EDGE_LOOP('',(#21730,#21737));
#21739=FACE_BOUND('',#21738,.T.);
#21740=CARTESIAN_POINT('',(-8.947271824,-2.828679656,3.));
#21741=VERTEX_POINT('',#21740);
#21742=CARTESIAN_POINT('',(-11.697271824,-2.828679656,3.));
#21743=VERTEX_POINT('',#21742);
#21744=CARTESIAN_POINT('',(-10.322271824,-2.828679656,3.));
#21745=DIRECTION('',(-0.,-0.,-1.));
#21746=DIRECTION('',(1.,0.,-0.));
#21747=AXIS2_PLACEMENT_3D('',#21744,#21745,#21746);
#21748=CIRCLE('',#21747,1.375);
#21749=EDGE_CURVE('',#21741,#21743,#21748,.T.);
#21750=ORIENTED_EDGE('',*,*,#21749,.T.);
#21751=CARTESIAN_POINT('',(-10.322271824,-2.828679656,3.));
#21752=DIRECTION('',(-0.,-0.,-1.));
#21753=DIRECTION('',(1.,0.,-0.));
#21754=AXIS2_PLACEMENT_3D('',#21751,#21752,#21753);
#21755=CIRCLE('',#21754,1.375);
#21756=EDGE_CURVE('',#21743,#21741,#21755,.T.);
#21757=ORIENTED_EDGE('',*,*,#21756,.T.);
#21758=EDGE_LOOP('',(#21750,#21757));
#21759=FACE_BOUND('',#21758,.T.);
#21760=CARTESIAN_POINT('',(11.697271824,-15.223223305,3.));
#21761=VERTEX_POINT('',#21760);
#21762=CARTESIAN_POINT('',(8.947271824,-15.223223305,3.));
#21763=VERTEX_POINT('',#21762);
#21764=CARTESIAN_POINT('',(10.322271824,-15.223223305,3.));
#21765=DIRECTION('',(-0.,-0.,-1.));
#21766=DIRECTION('',(1.,0.,-0.));
#21767=AXIS2_PLACEMENT_3D('',#21764,#21765,#21766);
#21768=CIRCLE('',#21767,1.375);
#21769=EDGE_CURVE('',#21761,#21763,#21768,.T.);
#21770=ORIENTED_EDGE('',*,*,#21769,.T.);
#21771=CARTESIAN_POINT('',(10.322271824,-15.223223305,3.));
#21772=DIRECTION('',(-0.,-0.,-1.));
#21773=DIRECTION('',(1.,0.,-0.));
#21774=AXIS2_PLACEMENT_3D('',#21771,#21772,#21773);
#21775=CIRCLE('',#21774,1.375);
#21776=EDGE_CURVE('',#21763,#21761,#21775,.T.);
#21777=ORIENTED_EDGE('',*,*,#21776,.T.);
#21778=EDGE_LOOP('',(#21770,#21777));
#21779=FACE_BOUND('',#21778,.T.);
#21780=CARTESIAN_POINT('',(-27.5,34.724048519,3.));
#21781=VERTEX_POINT('',#21780);
#21782=CARTESIAN_POINT('',(27.5,34.724048519,3.));
#21783=VERTEX_POINT('',#21782);
#21784=CARTESIAN_POINT('',(-27.5,34.724048519,3.));
#21785=DIRECTION('',(1.,0.,0.));
#21786=VECTOR('',#21785,55.);
#21787=LINE('',#21784,#21786);
#21788=EDGE_CURVE('',#21781,#21783,#21787,.T.);
#21789=ORIENTED_EDGE('',*,*,#21788,.F.);
#21790=CARTESIAN_POINT('',(-28.5,33.724048519,3.));
#21791=VERTEX_POINT('',#21790);
#21792=CARTESIAN_POINT('',(-27.5,33.724048519,3.));
#21793=DIRECTION('',(0.,0.,1.));
#21794=DIRECTION('',(1.,0.,-0.));
#21795=AXIS2_PLACEMENT_3D('',#21792,#21793,#21794);
#21796=CIRCLE('',#21795,1.);
#21797=EDGE_CURVE('',#21781,#21791,#21796,.T.);
#21798=ORIENTED_EDGE('',*,*,#21797,.T.);
#21799=CARTESIAN_POINT('',(-28.5,-51.775951481,3.));
#21800=DIRECTION('',(-0.,1.,0.));
#21801=VECTOR('',#21800,85.5);
#21802=LINE('',#21799,#21801);
#21803=EDGE_CURVE('',#21055,#21791,#21802,.T.);
#21804=ORIENTED_EDGE('',*,*,#21803,.F.);
#21805=ORIENTED_EDGE('',*,*,#21099,.T.);
#21806=ORIENTED_EDGE('',*,*,#21042,.T.);
#21807=CARTESIAN_POINT('',(27.5,-55.775951481,3.));
#21808=DIRECTION('',(-1.,-0.,0.));
#21809=VECTOR('',#21808,55.);
#21810=LINE('',#21807,#21809);
#21811=EDGE_CURVE('',#21185,#21031,#21810,.T.);
#21812=ORIENTED_EDGE('',*,*,#21811,.F.);
#21813=ORIENTED_EDGE('',*,*,#21212,.F.);
#21814=ORIENTED_EDGE('',*,*,#21344,.T.);
#21815=CARTESIAN_POINT('',(28.5,33.724048519,3.));
#21816=VERTEX_POINT('',#21815);
#21817=CARTESIAN_POINT('',(28.5,33.724048519,3.));
#21818=DIRECTION('',(0.,-1.,0.));
#21819=VECTOR('',#21818,85.5);
#21820=LINE('',#21817,#21819);
#21821=EDGE_CURVE('',#21816,#21332,#21820,.T.);
#21822=ORIENTED_EDGE('',*,*,#21821,.F.);
#21823=CARTESIAN_POINT('',(27.5,33.724048519,3.));
#21824=DIRECTION('',(0.,0.,1.));
#21825=DIRECTION('',(1.,0.,-0.));
#21826=AXIS2_PLACEMENT_3D('',#21823,#21824,#21825);
#21827=CIRCLE('',#21826,1.);
#21828=EDGE_CURVE('',#21816,#21783,#21827,.T.);
#21829=ORIENTED_EDGE('',*,*,#21828,.T.);
#21830=EDGE_LOOP('',(#21789,#21798,#21804,#21805,#21806,#21812,#21813,#21814,#21822,#21829));
#21831=FACE_BOUND('',#21830,.T.);
#21832=ADVANCED_FACE('',(#21639,#21659,#21679,#21699,#21719,#21739,#21759,#21779,#21831),#21619,.T.);
#21833=CARTESIAN_POINT('',(-30.,-13.275951481,24.));
#21834=DIRECTION('',(0.,-1.,0.));
#21835=DIRECTION('',(0.,0.,-1.));
#21836=AXIS2_PLACEMENT_3D('',#21833,#21834,#21835);
#21837=PLANE('',#21836);
#21838=CARTESIAN_POINT('',(-31.5,-13.275951481,6.));
#21839=VERTEX_POINT('',#21838);
#21840=CARTESIAN_POINT('',(-28.5,-13.275951481,6.));
#21841=VERTEX_POINT('',#21840);
#21842=CARTESIAN_POINT('',(-31.5,-13.275951481,6.));
#21843=DIRECTION('',(1.,0.,-0.));
#21844=VECTOR('',#21843,3.);
#21845=LINE('',#21842,#21844);
#21846=EDGE_CURVE('',#21839,#21841,#21845,.T.);
#21847=ORIENTED_EDGE('',*,*,#21846,.F.);
#21848=CARTESIAN_POINT('',(-31.5,-13.275951481,42.));
#21849=VERTEX_POINT('',#21848);
#21850=CARTESIAN_POINT('',(-31.5,-13.275951481,42.));
#21851=DIRECTION('',(0.,0.,-1.));
#21852=VECTOR('',#21851,36.);
#21853=LINE('',#21850,#21852);
#21854=EDGE_CURVE('',#21849,#21839,#21853,.T.);
#21855=ORIENTED_EDGE('',*,*,#21854,.F.);
#21856=CARTESIAN_POINT('',(-28.5,-13.275951481,42.));
#21857=VERTEX_POINT('',#21856);
#21858=CARTESIAN_POINT('',(-28.5,-13.275951481,42.));
#21859=DIRECTION('',(-1.,0.,0.));
#21860=VECTOR('',#21859,3.);
#21861=LINE('',#21858,#21860);
#21862=EDGE_CURVE('',#21857,#21849,#21861,.T.);
#21863=ORIENTED_EDGE('',*,*,#21862,.F.);
#21864=CARTESIAN_POINT('',(-28.5,-13.275951481,42.));
#21865=DIRECTION('',(0.,0.,-1.));
#21866=VECTOR('',#21865,36.);
#21867=LINE('',#21864,#21866);
#21868=EDGE_CURVE('',#21857,#21841,#21867,.T.);
#21869=ORIENTED_EDGE('',*,*,#21868,.T.);
#21870=EDGE_LOOP('',(#21847,#21855,#21863,#21869));
#21871=FACE_BOUND('',#21870,.T.);
#21872=ADVANCED_FACE('',(#21871),#21837,.F.);
#21873=CARTESIAN_POINT('',(-31.5,-31.775951481,24.));
#21874=DIRECTION('',(1.,0.,0.));
#21875=DIRECTION('',(-0.,1.,0.));
#21876=AXIS2_PLACEMENT_3D('',#21873,#21874,#21875);
#21877=PLANE('',#21876);
#21878=CARTESIAN_POINT('',(-31.5,-47.109284814,10.));
#21879=VERTEX_POINT('',#21878);
#21880=CARTESIAN_POINT('',(-31.5,-43.109284814,10.));
#21881=DIRECTION('',(-1.,-0.,0.));
#21882=DIRECTION('',(0.,-1.,0.));
#21883=AXIS2_PLACEMENT_3D('',#21880,#21881,#21882);
#21884=CIRCLE('',#21883,4.);
#21885=EDGE_CURVE('',#21879,#21879,#21884,.T.);
#21886=ORIENTED_EDGE('',*,*,#21885,.F.);
#21887=EDGE_LOOP('',(#21886));
#21888=FACE_BOUND('',#21887,.T.);
#21889=CARTESIAN_POINT('',(-31.5,-34.442618147,10.));
#21890=VERTEX_POINT('',#21889);
#21891=CARTESIAN_POINT('',(-31.5,-30.442618147,10.));
#21892=DIRECTION('',(-1.,-0.,0.));
#21893=DIRECTION('',(0.,-1.,0.));
#21894=AXIS2_PLACEMENT_3D('',#21891,#21892,#21893);
#21895=CIRCLE('',#21894,4.);
#21896=EDGE_CURVE('',#21890,#21890,#21895,.T.);
#21897=ORIENTED_EDGE('',*,*,#21896,.F.);
#21898=EDGE_LOOP('',(#21897));
#21899=FACE_BOUND('',#21898,.T.);
#21900=CARTESIAN_POINT('',(-31.5,-45.400951481,37.));
#21901=VERTEX_POINT('',#21900);
#21902=CARTESIAN_POINT('',(-31.5,-47.650951481,37.));
#21903=DIRECTION('',(1.,0.,0.));
#21904=DIRECTION('',(-0.,1.,0.));
#21905=AXIS2_PLACEMENT_3D('',#21902,#21903,#21904);
#21906=CIRCLE('',#21905,2.25);
#21907=EDGE_CURVE('',#21901,#21901,#21906,.T.);
#21908=ORIENTED_EDGE('',*,*,#21907,.T.);
#21909=EDGE_LOOP('',(#21908));
#21910=FACE_BOUND('',#21909,.T.);
#21911=ORIENTED_EDGE('',*,*,#21603,.T.);
#21912=ORIENTED_EDGE('',*,*,#21157,.T.);
#21913=CARTESIAN_POINT('',(-31.5,-13.275951481,42.));
#21914=DIRECTION('',(0.,-1.,0.));
#21915=VECTOR('',#21914,38.5);
#21916=LINE('',#21913,#21915);
#21917=EDGE_CURVE('',#21849,#21143,#21916,.T.);
#21918=ORIENTED_EDGE('',*,*,#21917,.F.);
#21919=ORIENTED_EDGE('',*,*,#21854,.T.);
#21920=CARTESIAN_POINT('',(-31.5,28.224048519,6.));
#21921=VERTEX_POINT('',#21920);
#21922=CARTESIAN_POINT('',(-31.5,-13.275951481,6.));
#21923=DIRECTION('',(-0.,1.,0.));
#21924=VECTOR('',#21923,41.5);
#21925=LINE('',#21922,#21924);
#21926=EDGE_CURVE('',#21839,#21921,#21925,.T.);
#21927=ORIENTED_EDGE('',*,*,#21926,.T.);
#21928=CARTESIAN_POINT('',(-31.5,28.224048519,42.));
#21929=VERTEX_POINT('',#21928);
#21930=CARTESIAN_POINT('',(-31.5,28.224048519,42.));
#21931=DIRECTION('',(0.,0.,-1.));
#21932=VECTOR('',#21931,36.);
#21933=LINE('',#21930,#21932);
#21934=EDGE_CURVE('',#21929,#21921,#21933,.T.);
#21935=ORIENTED_EDGE('',*,*,#21934,.F.);
#21936=CARTESIAN_POINT('',(-31.5,33.724048519,42.));
#21937=VERTEX_POINT('',#21936);
#21938=CARTESIAN_POINT('',(-31.5,28.224048519,42.));
#21939=DIRECTION('',(-0.,1.,0.));
#21940=VECTOR('',#21939,5.5);
#21941=LINE('',#21938,#21940);
#21942=EDGE_CURVE('',#21929,#21937,#21941,.T.);
#21943=ORIENTED_EDGE('',*,*,#21942,.T.);
#21944=CARTESIAN_POINT('',(-31.5,33.724048519,42.));
#21945=DIRECTION('',(-0.,-0.,-1.));
#21946=VECTOR('',#21945,42.);
#21947=LINE('',#21944,#21946);
#21948=EDGE_CURVE('',#21937,#21598,#21947,.T.);
#21949=ORIENTED_EDGE('',*,*,#21948,.T.);
#21950=EDGE_LOOP('',(#21911,#21912,#21918,#21919,#21927,#21935,#21943,#21949));
#21951=FACE_BOUND('',#21950,.T.);
#21952=ADVANCED_FACE('',(#21888,#21899,#21910,#21951),#21877,.F.);
#21953=CARTESIAN_POINT('',(31.5,-9.025951481,24.));
#21954=DIRECTION('',(-1.,-0.,0.));
#21955=DIRECTION('',(0.,-1.,0.));
#21956=AXIS2_PLACEMENT_3D('',#21953,#21954,#21955);
#21957=PLANE('',#21956);
#21958=CARTESIAN_POINT('',(31.5,-47.109284814,10.));
#21959=VERTEX_POINT('',#21958);
#21960=CARTESIAN_POINT('',(31.5,-43.109284814,10.));
#21961=DIRECTION('',(-1.,-0.,0.));
#21962=DIRECTION('',(0.,-1.,0.));
#21963=AXIS2_PLACEMENT_3D('',#21960,#21961,#21962);
#21964=CIRCLE('',#21963,4.);
#21965=EDGE_CURVE('',#21959,#21959,#21964,.T.);
#21966=ORIENTED_EDGE('',*,*,#21965,.T.);
#21967=EDGE_LOOP('',(#21966));
#21968=FACE_BOUND('',#21967,.T.);
#21969=CARTESIAN_POINT('',(31.5,-34.442618147,10.));
#21970=VERTEX_POINT('',#21969);
#21971=CARTESIAN_POINT('',(31.5,-30.442618147,10.));
#21972=DIRECTION('',(-1.,-0.,0.));
#21973=DIRECTION('',(0.,-1.,0.));
#21974=AXIS2_PLACEMENT_3D('',#21971,#21972,#21973);
#21975=CIRCLE('',#21974,4.);
#21976=EDGE_CURVE('',#21970,#21970,#21975,.T.);
#21977=ORIENTED_EDGE('',*,*,#21976,.T.);
#21978=EDGE_LOOP('',(#21977));
#21979=FACE_BOUND('',#21978,.T.);
#21980=CARTESIAN_POINT('',(31.5,-49.900951481,37.));
#21981=VERTEX_POINT('',#21980);
#21982=CARTESIAN_POINT('',(31.5,-47.650951481,37.));
#21983=DIRECTION('',(-1.,-0.,0.));
#21984=DIRECTION('',(0.,-1.,0.));
#21985=AXIS2_PLACEMENT_3D('',#21982,#21983,#21984);
#21986=CIRCLE('',#21985,2.25);
#21987=EDGE_CURVE('',#21981,#21981,#21986,.T.);
#21988=ORIENTED_EDGE('',*,*,#21987,.T.);
#21989=EDGE_LOOP('',(#21988));
#21990=FACE_BOUND('',#21989,.T.);
#21991=CARTESIAN_POINT('',(31.5,-51.775951481,42.));
#21992=DIRECTION('',(0.,0.,-1.));
#21993=VECTOR('',#21992,42.);
#21994=LINE('',#21991,#21993);
#21995=EDGE_CURVE('',#21233,#21574,#21994,.T.);
#21996=ORIENTED_EDGE('',*,*,#21995,.T.);
#21997=ORIENTED_EDGE('',*,*,#21579,.T.);
#21998=CARTESIAN_POINT('',(31.5,33.724048519,0.));
#21999=DIRECTION('',(0.,0.,1.));
#22000=VECTOR('',#21999,42.);
#22001=LINE('',#21998,#22000);
#22002=EDGE_CURVE('',#21565,#21242,#22001,.T.);
#22003=ORIENTED_EDGE('',*,*,#22002,.T.);
#22004=ORIENTED_EDGE('',*,*,#21247,.F.);
#22005=EDGE_LOOP('',(#21996,#21997,#22003,#22004));
#22006=FACE_BOUND('',#22005,.T.);
#22007=ADVANCED_FACE('',(#21968,#21979,#21990,#22006),#21957,.F.);
#22008=CARTESIAN_POINT('',(-0.,34.724048519,24.));
#22009=DIRECTION('',(-0.,1.,0.));
#22010=DIRECTION('',(-1.,-0.,0.));
#22011=AXIS2_PLACEMENT_3D('',#22008,#22009,#22010);
#22012=PLANE('',#22011);
#22013=CARTESIAN_POINT('',(-26.,34.724048519,42.));
#22014=VERTEX_POINT('',#22013);
#22015=CARTESIAN_POINT('',(-27.5,34.724048519,42.));
#22016=VERTEX_POINT('',#22015);
#22017=CARTESIAN_POINT('',(-26.,34.724048519,42.));
#22018=DIRECTION('',(-1.,-0.,0.));
#22019=VECTOR('',#22018,1.5);
#22020=LINE('',#22017,#22019);
#22021=EDGE_CURVE('',#22014,#22016,#22020,.T.);
#22022=ORIENTED_EDGE('',*,*,#22021,.T.);
#22023=CARTESIAN_POINT('',(-27.5,34.724048519,42.));
#22024=DIRECTION('',(0.,0.,-1.));
#22025=VECTOR('',#22024,39.);
#22026=LINE('',#22023,#22025);
#22027=EDGE_CURVE('',#22016,#21781,#22026,.T.);
#22028=ORIENTED_EDGE('',*,*,#22027,.T.);
#22029=ORIENTED_EDGE('',*,*,#21788,.T.);
#22030=CARTESIAN_POINT('',(27.5,34.724048519,3.));
#22031=DIRECTION('',(-0.,-0.,1.));
#22032=VECTOR('',#22031,39.);
#22033=LINE('',#22030,#22032);
#22034=EDGE_CURVE('',#21783,#21275,#22033,.T.);
#22035=ORIENTED_EDGE('',*,*,#22034,.T.);
#22036=ORIENTED_EDGE('',*,*,#21280,.F.);
#22037=CARTESIAN_POINT('',(-0.,34.724048519,23.));
#22038=DIRECTION('',(0.,0.,1.));
#22039=VECTOR('',#22038,19.);
#22040=LINE('',#22037,#22039);
#22041=EDGE_CURVE('',#21373,#21267,#22040,.T.);
#22042=ORIENTED_EDGE('',*,*,#22041,.F.);
#22043=ORIENTED_EDGE('',*,*,#21378,.F.);
#22044=CARTESIAN_POINT('',(-26.,34.724048519,23.));
#22045=DIRECTION('',(-0.,-0.,1.));
#22046=VECTOR('',#22045,19.);
#22047=LINE('',#22044,#22046);
#22048=EDGE_CURVE('',#21365,#22014,#22047,.T.);
#22049=ORIENTED_EDGE('',*,*,#22048,.T.);
#22050=EDGE_LOOP('',(#22022,#22028,#22029,#22035,#22036,#22042,#22043,#22049));
#22051=FACE_BOUND('',#22050,.T.);
#22052=ADVANCED_FACE('',(#22051),#22012,.F.);
#22053=CARTESIAN_POINT('',(-0.,37.724048519,24.));
#22054=DIRECTION('',(-0.,1.,0.));
#22055=DIRECTION('',(-1.,-0.,0.));
#22056=AXIS2_PLACEMENT_3D('',#22053,#22054,#22055);
#22057=PLANE('',#22056);
#22058=CARTESIAN_POINT('',(-27.5,37.724048519,42.));
#22059=VERTEX_POINT('',#22058);
#22060=CARTESIAN_POINT('',(-27.5,37.724048519,0.));
#22061=DIRECTION('',(0.,0.,1.));
#22062=VECTOR('',#22061,42.);
#22063=LINE('',#22060,#22062);
#22064=EDGE_CURVE('',#21555,#22059,#22063,.T.);
#22065=ORIENTED_EDGE('',*,*,#22064,.T.);
#22066=CARTESIAN_POINT('',(-26.,37.724048519,42.));
#22067=VERTEX_POINT('',#22066);
#22068=CARTESIAN_POINT('',(-27.5,37.724048519,42.));
#22069=DIRECTION('',(1.,0.,-0.));
#22070=VECTOR('',#22069,1.5);
#22071=LINE('',#22068,#22070);
#22072=EDGE_CURVE('',#22059,#22067,#22071,.T.);
#22073=ORIENTED_EDGE('',*,*,#22072,.T.);
#22074=CARTESIAN_POINT('',(-26.,37.724048519,23.));
#22075=DIRECTION('',(0.,0.,1.));
#22076=VECTOR('',#22075,19.);
#22077=LINE('',#22074,#22076);
#22078=EDGE_CURVE('',#21355,#22067,#22077,.T.);
#22079=ORIENTED_EDGE('',*,*,#22078,.F.);
#22080=ORIENTED_EDGE('',*,*,#21362,.T.);
#22081=CARTESIAN_POINT('',(-0.,37.724048519,23.));
#22082=DIRECTION('',(0.,0.,1.));
#22083=VECTOR('',#22082,19.);
#22084=LINE('',#22081,#22083);
#22085=EDGE_CURVE('',#21357,#21259,#22084,.T.);
#22086=ORIENTED_EDGE('',*,*,#22085,.T.);
#22087=ORIENTED_EDGE('',*,*,#21264,.T.);
#22088=CARTESIAN_POINT('',(27.5,37.724048519,42.));
#22089=DIRECTION('',(-0.,-0.,-1.));
#22090=VECTOR('',#22089,42.);
#22091=LINE('',#22088,#22090);
#22092=EDGE_CURVE('',#21250,#21557,#22091,.T.);
#22093=ORIENTED_EDGE('',*,*,#22092,.T.);
#22094=ORIENTED_EDGE('',*,*,#21562,.F.);
#22095=EDGE_LOOP('',(#22065,#22073,#22079,#22080,#22086,#22087,#22093,#22094));
#22096=FACE_BOUND('',#22095,.T.);
#22097=ADVANCED_FACE('',(#22096),#22057,.T.);
#22098=CARTESIAN_POINT('',(0.,0.,42.));
#22099=DIRECTION('',(0.,0.,1.));
#22100=DIRECTION('',(1.,0.,0.));
#22101=AXIS2_PLACEMENT_3D('',#22098,#22099,#22100);
#22102=PLANE('',#22101);
#22103=CARTESIAN_POINT('',(-28.5,28.224048519,42.));
#22104=VERTEX_POINT('',#22103);
#22105=CARTESIAN_POINT('',(-28.5,33.724048519,42.));
#22106=VERTEX_POINT('',#22105);
#22107=CARTESIAN_POINT('',(-28.5,28.224048519,42.));
#22108=DIRECTION('',(-0.,1.,0.));
#22109=VECTOR('',#22108,5.5);
#22110=LINE('',#22107,#22109);
#22111=EDGE_CURVE('',#22104,#22106,#22110,.T.);
#22112=ORIENTED_EDGE('',*,*,#22111,.T.);
#22113=CARTESIAN_POINT('',(-27.5,33.724048519,42.));
#22114=DIRECTION('',(-0.,-0.,-1.));
#22115=DIRECTION('',(1.,0.,-0.));
#22116=AXIS2_PLACEMENT_3D('',#22113,#22114,#22115);
#22117=CIRCLE('',#22116,1.);
#22118=EDGE_CURVE('',#22106,#22016,#22117,.T.);
#22119=ORIENTED_EDGE('',*,*,#22118,.T.);
#22120=ORIENTED_EDGE('',*,*,#22021,.F.);
#22121=CARTESIAN_POINT('',(-26.,34.724048519,42.));
#22122=DIRECTION('',(-0.,1.,0.));
#22123=VECTOR('',#22122,3.);
#22124=LINE('',#22121,#22123);
#22125=EDGE_CURVE('',#22014,#22067,#22124,.T.);
#22126=ORIENTED_EDGE('',*,*,#22125,.T.);
#22127=ORIENTED_EDGE('',*,*,#22072,.F.);
#22128=CARTESIAN_POINT('',(-27.5,33.724048519,42.));
#22129=DIRECTION('',(0.,0.,1.));
#22130=DIRECTION('',(1.,0.,-0.));
#22131=AXIS2_PLACEMENT_3D('',#22128,#22129,#22130);
#22132=CIRCLE('',#22131,4.);
#22133=EDGE_CURVE('',#22059,#21937,#22132,.T.);
#22134=ORIENTED_EDGE('',*,*,#22133,.T.);
#22135=ORIENTED_EDGE('',*,*,#21942,.F.);
#22136=CARTESIAN_POINT('',(-31.5,28.224048519,42.));
#22137=DIRECTION('',(1.,0.,-0.));
#22138=VECTOR('',#22137,3.);
#22139=LINE('',#22136,#22138);
#22140=EDGE_CURVE('',#21929,#22104,#22139,.T.);
#22141=ORIENTED_EDGE('',*,*,#22140,.T.);
#22142=EDGE_LOOP('',(#22112,#22119,#22120,#22126,#22127,#22134,#22135,#22141));
#22143=FACE_BOUND('',#22142,.T.);
#22144=ADVANCED_FACE('',(#22143),#22102,.T.);
#22145=CARTESIAN_POINT('',(0.,-55.775951481,0.5));
#22146=DIRECTION('',(0.,-1.,0.));
#22147=DIRECTION('',(1.,0.,0.));
#22148=AXIS2_PLACEMENT_3D('',#22145,#22146,#22147);
#22149=PLANE('',#22148);
#22150=CARTESIAN_POINT('',(27.5,-55.775951481,3.));
#22151=DIRECTION('',(0.,0.,-1.));
#22152=VECTOR('',#22151,3.);
#22153=LINE('',#22150,#22152);
#22154=EDGE_CURVE('',#21185,#21582,#22153,.T.);
#22155=ORIENTED_EDGE('',*,*,#22154,.F.);
#22156=ORIENTED_EDGE('',*,*,#21811,.T.);
#22157=ORIENTED_EDGE('',*,*,#21172,.T.);
#22158=ORIENTED_EDGE('',*,*,#21594,.F.);
#22159=EDGE_LOOP('',(#22155,#22156,#22157,#22158));
#22160=FACE_BOUND('',#22159,.T.);
#22161=ADVANCED_FACE('',(#22160),#22149,.T.);
#22162=CARTESIAN_POINT('',(-24.549048519,-29.099048519,0.5));
#22163=DIRECTION('',(0.,0.,-1.));
#22164=DIRECTION('',(-1.,0.,0.));
#22165=AXIS2_PLACEMENT_3D('',#22162,#22163,#22164);
#22166=CYLINDRICAL_SURFACE('',#22165,1.625);
#22167=CARTESIAN_POINT('',(-26.174048519,-29.099048519,6.5));
#22168=VERTEX_POINT('',#22167);
#22169=CARTESIAN_POINT('',(-26.174048519,-29.099048519,-0.));
#22170=DIRECTION('',(-0.,-0.,1.));
#22171=VECTOR('',#22170,6.5);
#22172=LINE('',#22169,#22171);
#22173=EDGE_CURVE('',#21397,#22168,#22172,.T.);
#22174=ORIENTED_EDGE('',*,*,#22173,.F.);
#22175=ORIENTED_EDGE('',*,*,#21403,.F.);
#22176=ORIENTED_EDGE('',*,*,#21410,.F.);
#22177=ORIENTED_EDGE('',*,*,#22173,.T.);
#22178=CARTESIAN_POINT('',(-22.924048519,-29.099048519,6.5));
#22179=VERTEX_POINT('',#22178);
#22180=CARTESIAN_POINT('',(-24.549048519,-29.099048519,6.5));
#22181=DIRECTION('',(0.,0.,1.));
#22182=DIRECTION('',(1.,0.,-0.));
#22183=AXIS2_PLACEMENT_3D('',#22180,#22181,#22182);
#22184=CIRCLE('',#22183,1.625);
#22185=EDGE_CURVE('',#22168,#22179,#22184,.T.);
#22186=ORIENTED_EDGE('',*,*,#22185,.T.);
#22187=CARTESIAN_POINT('',(-24.549048519,-29.099048519,6.5));
#22188=DIRECTION('',(0.,0.,1.));
#22189=DIRECTION('',(1.,0.,-0.));
#22190=AXIS2_PLACEMENT_3D('',#22187,#22188,#22189);
#22191=CIRCLE('',#22190,1.625);
#22192=EDGE_CURVE('',#22179,#22168,#22191,.T.);
#22193=ORIENTED_EDGE('',*,*,#22192,.T.);
#22194=EDGE_LOOP('',(#22174,#22175,#22176,#22177,#22186,#22193));
#22195=FACE_BOUND('',#22194,.T.);
#22196=ADVANCED_FACE('',(#22195),#22166,.F.);
#22197=CARTESIAN_POINT('',(-24.549048519,29.099048519,0.5));
#22198=DIRECTION('',(0.,0.,-1.));
#22199=DIRECTION('',(-1.,0.,0.));
#22200=AXIS2_PLACEMENT_3D('',#22197,#22198,#22199);
#22201=CYLINDRICAL_SURFACE('',#22200,1.625);
#22202=CARTESIAN_POINT('',(-26.174048519,29.099048519,6.5));
#22203=VERTEX_POINT('',#22202);
#22204=CARTESIAN_POINT('',(-26.174048519,29.099048519,-0.));
#22205=DIRECTION('',(-0.,-0.,1.));
#22206=VECTOR('',#22205,6.5);
#22207=LINE('',#22204,#22206);
#22208=EDGE_CURVE('',#21417,#22203,#22207,.T.);
#22209=ORIENTED_EDGE('',*,*,#22208,.F.);
#22210=ORIENTED_EDGE('',*,*,#21423,.F.);
#22211=ORIENTED_EDGE('',*,*,#21430,.F.);
#22212=ORIENTED_EDGE('',*,*,#22208,.T.);
#22213=CARTESIAN_POINT('',(-22.924048519,29.099048519,6.5));
#22214=VERTEX_POINT('',#22213);
#22215=CARTESIAN_POINT('',(-24.549048519,29.099048519,6.5));
#22216=DIRECTION('',(0.,0.,1.));
#22217=DIRECTION('',(1.,0.,-0.));
#22218=AXIS2_PLACEMENT_3D('',#22215,#22216,#22217);
#22219=CIRCLE('',#22218,1.625);
#22220=EDGE_CURVE('',#22203,#22214,#22219,.T.);
#22221=ORIENTED_EDGE('',*,*,#22220,.T.);
#22222=CARTESIAN_POINT('',(-24.549048519,29.099048519,6.5));
#22223=DIRECTION('',(0.,0.,1.));
#22224=DIRECTION('',(1.,0.,-0.));
#22225=AXIS2_PLACEMENT_3D('',#22222,#22223,#22224);
#22226=CIRCLE('',#22225,1.625);
#22227=EDGE_CURVE('',#22214,#22203,#22226,.T.);
#22228=ORIENTED_EDGE('',*,*,#22227,.T.);
#22229=EDGE_LOOP('',(#22209,#22210,#22211,#22212,#22221,#22228));
#22230=FACE_BOUND('',#22229,.T.);
#22231=ADVANCED_FACE('',(#22230),#22201,.F.);
#22232=CARTESIAN_POINT('',(24.549048519,-29.099048519,0.5));
#22233=DIRECTION('',(0.,0.,-1.));
#22234=DIRECTION('',(-1.,0.,0.));
#22235=AXIS2_PLACEMENT_3D('',#22232,#22233,#22234);
#22236=CYLINDRICAL_SURFACE('',#22235,1.625);
#22237=CARTESIAN_POINT('',(22.924048519,-29.099048519,6.5));
#22238=VERTEX_POINT('',#22237);
#22239=CARTESIAN_POINT('',(22.924048519,-29.099048519,-0.));
#22240=DIRECTION('',(-0.,-0.,1.));
#22241=VECTOR('',#22240,6.5);
#22242=LINE('',#22239,#22241);
#22243=EDGE_CURVE('',#21437,#22238,#22242,.T.);
#22244=ORIENTED_EDGE('',*,*,#22243,.F.);
#22245=ORIENTED_EDGE('',*,*,#21443,.F.);
#22246=ORIENTED_EDGE('',*,*,#21450,.F.);
#22247=ORIENTED_EDGE('',*,*,#22243,.T.);
#22248=CARTESIAN_POINT('',(26.174048519,-29.099048519,6.5));
#22249=VERTEX_POINT('',#22248);
#22250=CARTESIAN_POINT('',(24.549048519,-29.099048519,6.5));
#22251=DIRECTION('',(0.,0.,1.));
#22252=DIRECTION('',(1.,0.,-0.));
#22253=AXIS2_PLACEMENT_3D('',#22250,#22251,#22252);
#22254=CIRCLE('',#22253,1.625);
#22255=EDGE_CURVE('',#22238,#22249,#22254,.T.);
#22256=ORIENTED_EDGE('',*,*,#22255,.T.);
#22257=CARTESIAN_POINT('',(24.549048519,-29.099048519,6.5));
#22258=DIRECTION('',(0.,0.,1.));
#22259=DIRECTION('',(1.,0.,-0.));
#22260=AXIS2_PLACEMENT_3D('',#22257,#22258,#22259);
#22261=CIRCLE('',#22260,1.625);
#22262=EDGE_CURVE('',#22249,#22238,#22261,.T.);
#22263=ORIENTED_EDGE('',*,*,#22262,.T.);
#22264=EDGE_LOOP('',(#22244,#22245,#22246,#22247,#22256,#22263));
#22265=FACE_BOUND('',#22264,.T.);
#22266=ADVANCED_FACE('',(#22265),#22236,.F.);
#22267=CARTESIAN_POINT('',(24.549048519,29.099048519,0.5));
#22268=DIRECTION('',(0.,0.,-1.));
#22269=DIRECTION('',(-1.,0.,0.));
#22270=AXIS2_PLACEMENT_3D('',#22267,#22268,#22269);
#22271=CYLINDRICAL_SURFACE('',#22270,1.625);
#22272=CARTESIAN_POINT('',(22.924048519,29.099048519,6.5));
#22273=VERTEX_POINT('',#22272);
#22274=CARTESIAN_POINT('',(22.924048519,29.099048519,-0.));
#22275=DIRECTION('',(-0.,-0.,1.));
#22276=VECTOR('',#22275,6.5);
#22277=LINE('',#22274,#22276);
#22278=EDGE_CURVE('',#21457,#22273,#22277,.T.);
#22279=ORIENTED_EDGE('',*,*,#22278,.F.);
#22280=ORIENTED_EDGE('',*,*,#21463,.F.);
#22281=ORIENTED_EDGE('',*,*,#21470,.F.);
#22282=ORIENTED_EDGE('',*,*,#22278,.T.);
#22283=CARTESIAN_POINT('',(26.174048519,29.099048519,6.5));
#22284=VERTEX_POINT('',#22283);
#22285=CARTESIAN_POINT('',(24.549048519,29.099048519,6.5));
#22286=DIRECTION('',(0.,0.,1.));
#22287=DIRECTION('',(1.,0.,-0.));
#22288=AXIS2_PLACEMENT_3D('',#22285,#22286,#22287);
#22289=CIRCLE('',#22288,1.625);
#22290=EDGE_CURVE('',#22273,#22284,#22289,.T.);
#22291=ORIENTED_EDGE('',*,*,#22290,.T.);
#22292=CARTESIAN_POINT('',(24.549048519,29.099048519,6.5));
#22293=DIRECTION('',(0.,0.,1.));
#22294=DIRECTION('',(1.,0.,-0.));
#22295=AXIS2_PLACEMENT_3D('',#22292,#22293,#22294);
#22296=CIRCLE('',#22295,1.625);
#22297=EDGE_CURVE('',#22284,#22273,#22296,.T.);
#22298=ORIENTED_EDGE('',*,*,#22297,.T.);
#22299=EDGE_LOOP('',(#22279,#22280,#22281,#22282,#22291,#22298));
#22300=FACE_BOUND('',#22299,.T.);
#22301=ADVANCED_FACE('',(#22300),#22271,.F.);
#22302=CARTESIAN_POINT('',(-28.5,-30.275951481,24.));
#22303=DIRECTION('',(-1.,-0.,0.));
#22304=DIRECTION('',(0.,-1.,0.));
#22305=AXIS2_PLACEMENT_3D('',#22302,#22303,#22304);
#22306=PLANE('',#22305);
#22307=CARTESIAN_POINT('',(-28.5,-47.109284814,10.));
#22308=VERTEX_POINT('',#22307);
#22309=CARTESIAN_POINT('',(-28.5,-43.109284814,10.));
#22310=DIRECTION('',(-1.,-0.,0.));
#22311=DIRECTION('',(0.,-1.,0.));
#22312=AXIS2_PLACEMENT_3D('',#22309,#22310,#22311);
#22313=CIRCLE('',#22312,4.);
#22314=EDGE_CURVE('',#22308,#22308,#22313,.T.);
#22315=ORIENTED_EDGE('',*,*,#22314,.T.);
#22316=EDGE_LOOP('',(#22315));
#22317=FACE_BOUND('',#22316,.T.);
#22318=CARTESIAN_POINT('',(-28.5,-34.442618147,10.));
#22319=VERTEX_POINT('',#22318);
#22320=CARTESIAN_POINT('',(-28.5,-30.442618147,10.));
#22321=DIRECTION('',(-1.,-0.,0.));
#22322=DIRECTION('',(0.,-1.,0.));
#22323=AXIS2_PLACEMENT_3D('',#22320,#22321,#22322);
#22324=CIRCLE('',#22323,4.);
#22325=EDGE_CURVE('',#22319,#22319,#22324,.T.);
#22326=ORIENTED_EDGE('',*,*,#22325,.T.);
#22327=EDGE_LOOP('',(#22326));
#22328=FACE_BOUND('',#22327,.T.);
#22329=CARTESIAN_POINT('',(-28.5,-49.900951481,37.));
#22330=VERTEX_POINT('',#22329);
#22331=CARTESIAN_POINT('',(-28.5,-45.400951481,37.));
#22332=VERTEX_POINT('',#22331);
#22333=CARTESIAN_POINT('',(-28.5,-47.650951481,37.));
#22334=DIRECTION('',(-1.,-0.,0.));
#22335=DIRECTION('',(0.,-1.,0.));
#22336=AXIS2_PLACEMENT_3D('',#22333,#22334,#22335);
#22337=CIRCLE('',#22336,2.25);
#22338=EDGE_CURVE('',#22330,#22332,#22337,.T.);
#22339=ORIENTED_EDGE('',*,*,#22338,.T.);
#22340=CARTESIAN_POINT('',(-28.5,-47.650951481,37.));
#22341=DIRECTION('',(-1.,-0.,0.));
#22342=DIRECTION('',(0.,-1.,0.));
#22343=AXIS2_PLACEMENT_3D('',#22340,#22341,#22342);
#22344=CIRCLE('',#22343,2.25);
#22345=EDGE_CURVE('',#22332,#22330,#22344,.T.);
#22346=ORIENTED_EDGE('',*,*,#22345,.T.);
#22347=EDGE_LOOP('',(#22339,#22346));
#22348=FACE_BOUND('',#22347,.T.);
#22349=ORIENTED_EDGE('',*,*,#21803,.T.);
#22350=CARTESIAN_POINT('',(-28.5,33.724048519,3.));
#22351=DIRECTION('',(-0.,-0.,1.));
#22352=VECTOR('',#22351,39.);
#22353=LINE('',#22350,#22352);
#22354=EDGE_CURVE('',#21791,#22106,#22353,.T.);
#22355=ORIENTED_EDGE('',*,*,#22354,.T.);
#22356=ORIENTED_EDGE('',*,*,#22111,.F.);
#22357=CARTESIAN_POINT('',(-28.5,28.224048519,6.));
#22358=VERTEX_POINT('',#22357);
#22359=CARTESIAN_POINT('',(-28.5,28.224048519,6.));
#22360=DIRECTION('',(-0.,-0.,1.));
#22361=VECTOR('',#22360,36.);
#22362=LINE('',#22359,#22361);
#22363=EDGE_CURVE('',#22358,#22104,#22362,.T.);
#22364=ORIENTED_EDGE('',*,*,#22363,.F.);
#22365=CARTESIAN_POINT('',(-28.5,-13.275951481,6.));
#22366=DIRECTION('',(-0.,1.,0.));
#22367=VECTOR('',#22366,41.5);
#22368=LINE('',#22365,#22367);
#22369=EDGE_CURVE('',#21841,#22358,#22368,.T.);
#22370=ORIENTED_EDGE('',*,*,#22369,.F.);
#22371=ORIENTED_EDGE('',*,*,#21868,.F.);
#22372=CARTESIAN_POINT('',(-28.5,-55.648934827,42.));
#22373=DIRECTION('',(-0.,1.,0.));
#22374=VECTOR('',#22373,42.372983346);
#22375=LINE('',#22372,#22374);
#22376=EDGE_CURVE('',#21135,#21857,#22375,.T.);
#22377=ORIENTED_EDGE('',*,*,#22376,.F.);
#22378=ORIENTED_EDGE('',*,*,#21140,.F.);
#22379=CARTESIAN_POINT('',(-28.5,-51.775951481,27.));
#22380=DIRECTION('',(0.,-1.,0.));
#22381=VECTOR('',#22380,3.872983346);
#22382=LINE('',#22379,#22381);
#22383=EDGE_CURVE('',#21053,#21111,#22382,.T.);
#22384=ORIENTED_EDGE('',*,*,#22383,.F.);
#22385=ORIENTED_EDGE('',*,*,#21060,.T.);
#22386=EDGE_LOOP('',(#22349,#22355,#22356,#22364,#22370,#22371,#22377,#22378,#22384,#22385));
#22387=FACE_BOUND('',#22386,.T.);
#22388=ADVANCED_FACE('',(#22317,#22328,#22348,#22387),#22306,.F.);
#22389=CARTESIAN_POINT('',(0.,0.,42.));
#22390=DIRECTION('',(0.,0.,1.));
#22391=DIRECTION('',(1.,0.,0.));
#22392=AXIS2_PLACEMENT_3D('',#22389,#22390,#22391);
#22393=PLANE('',#22392);
#22394=ORIENTED_EDGE('',*,*,#21149,.T.);
#22395=ORIENTED_EDGE('',*,*,#22376,.T.);
#22396=ORIENTED_EDGE('',*,*,#21862,.T.);
#22397=ORIENTED_EDGE('',*,*,#21917,.T.);
#22398=EDGE_LOOP('',(#22394,#22395,#22396,#22397));
#22399=FACE_BOUND('',#22398,.T.);
#22400=ADVANCED_FACE('',(#22399),#22393,.T.);
#22401=CARTESIAN_POINT('',(28.5,-9.025951481,24.));
#22402=DIRECTION('',(1.,0.,0.));
#22403=DIRECTION('',(-0.,1.,0.));
#22404=AXIS2_PLACEMENT_3D('',#22401,#22402,#22403);
#22405=PLANE('',#22404);
#22406=CARTESIAN_POINT('',(28.5,-39.109284814,10.));
#22407=VERTEX_POINT('',#22406);
#22408=CARTESIAN_POINT('',(28.5,-47.109284814,10.));
#22409=VERTEX_POINT('',#22408);
#22410=CARTESIAN_POINT('',(28.5,-43.109284814,10.));
#22411=DIRECTION('',(1.,0.,0.));
#22412=DIRECTION('',(-0.,1.,0.));
#22413=AXIS2_PLACEMENT_3D('',#22410,#22411,#22412);
#22414=CIRCLE('',#22413,4.);
#22415=EDGE_CURVE('',#22407,#22409,#22414,.T.);
#22416=ORIENTED_EDGE('',*,*,#22415,.T.);
#22417=CARTESIAN_POINT('',(28.5,-43.109284814,10.));
#22418=DIRECTION('',(1.,0.,0.));
#22419=DIRECTION('',(-0.,1.,0.));
#22420=AXIS2_PLACEMENT_3D('',#22417,#22418,#22419);
#22421=CIRCLE('',#22420,4.);
#22422=EDGE_CURVE('',#22409,#22407,#22421,.T.);
#22423=ORIENTED_EDGE('',*,*,#22422,.T.);
#22424=EDGE_LOOP('',(#22416,#22423));
#22425=FACE_BOUND('',#22424,.T.);
#22426=CARTESIAN_POINT('',(28.5,-26.442618147,10.));
#22427=VERTEX_POINT('',#22426);
#22428=CARTESIAN_POINT('',(28.5,-34.442618147,10.));
#22429=VERTEX_POINT('',#22428);
#22430=CARTESIAN_POINT('',(28.5,-30.442618147,10.));
#22431=DIRECTION('',(1.,0.,0.));
#22432=DIRECTION('',(-0.,1.,0.));
#22433=AXIS2_PLACEMENT_3D('',#22430,#22431,#22432);
#22434=CIRCLE('',#22433,4.);
#22435=EDGE_CURVE('',#22427,#22429,#22434,.T.);
#22436=ORIENTED_EDGE('',*,*,#22435,.T.);
#22437=CARTESIAN_POINT('',(28.5,-30.442618147,10.));
#22438=DIRECTION('',(1.,0.,0.));
#22439=DIRECTION('',(-0.,1.,0.));
#22440=AXIS2_PLACEMENT_3D('',#22437,#22438,#22439);
#22441=CIRCLE('',#22440,4.);
#22442=EDGE_CURVE('',#22429,#22427,#22441,.T.);
#22443=ORIENTED_EDGE('',*,*,#22442,.T.);
#22444=EDGE_LOOP('',(#22436,#22443));
#22445=FACE_BOUND('',#22444,.T.);
#22446=CARTESIAN_POINT('',(28.5,-45.400951481,37.));
#22447=VERTEX_POINT('',#22446);
#22448=CARTESIAN_POINT('',(28.5,-49.900951481,37.));
#22449=VERTEX_POINT('',#22448);
#22450=CARTESIAN_POINT('',(28.5,-47.650951481,37.));
#22451=DIRECTION('',(1.,0.,0.));
#22452=DIRECTION('',(-0.,1.,0.));
#22453=AXIS2_PLACEMENT_3D('',#22450,#22451,#22452);
#22454=CIRCLE('',#22453,2.25);
#22455=EDGE_CURVE('',#22447,#22449,#22454,.T.);
#22456=ORIENTED_EDGE('',*,*,#22455,.T.);
#22457=CARTESIAN_POINT('',(28.5,-47.650951481,37.));
#22458=DIRECTION('',(1.,0.,0.));
#22459=DIRECTION('',(-0.,1.,0.));
#22460=AXIS2_PLACEMENT_3D('',#22457,#22458,#22459);
#22461=CIRCLE('',#22460,2.25);
#22462=EDGE_CURVE('',#22449,#22447,#22461,.T.);
#22463=ORIENTED_EDGE('',*,*,#22462,.T.);
#22464=EDGE_LOOP('',(#22456,#22463));
#22465=FACE_BOUND('',#22464,.T.);
#22466=ORIENTED_EDGE('',*,*,#21230,.F.);
#22467=CARTESIAN_POINT('',(28.5,33.724048519,42.));
#22468=DIRECTION('',(0.,0.,-1.));
#22469=VECTOR('',#22468,39.);
#22470=LINE('',#22467,#22469);
#22471=EDGE_CURVE('',#21223,#21816,#22470,.T.);
#22472=ORIENTED_EDGE('',*,*,#22471,.T.);
#22473=ORIENTED_EDGE('',*,*,#21821,.T.);
#22474=ORIENTED_EDGE('',*,*,#21337,.T.);
#22475=CARTESIAN_POINT('',(28.5,-55.648934827,27.));
#22476=VERTEX_POINT('',#22475);
#22477=CARTESIAN_POINT('',(28.5,-51.775951481,27.));
#22478=DIRECTION('',(0.,-1.,0.));
#22479=VECTOR('',#22478,3.872983346);
#22480=LINE('',#22477,#22479);
#22481=EDGE_CURVE('',#21299,#22476,#22480,.T.);
#22482=ORIENTED_EDGE('',*,*,#22481,.T.);
#22483=CARTESIAN_POINT('',(28.5,-55.648934827,27.));
#22484=DIRECTION('',(0.,0.,1.));
#22485=VECTOR('',#22484,15.);
#22486=LINE('',#22483,#22485);
#22487=EDGE_CURVE('',#22476,#21225,#22486,.T.);
#22488=ORIENTED_EDGE('',*,*,#22487,.T.);
#22489=EDGE_LOOP('',(#22466,#22472,#22473,#22474,#22482,#22488));
#22490=FACE_BOUND('',#22489,.T.);
#22491=ADVANCED_FACE('',(#22425,#22445,#22465,#22490),#22405,.F.);
#22492=CARTESIAN_POINT('',(27.5,33.724048519,24.));
#22493=DIRECTION('',(0.,0.,-1.));
#22494=DIRECTION('',(-1.,0.,0.));
#22495=AXIS2_PLACEMENT_3D('',#22492,#22493,#22494);
#22496=CYLINDRICAL_SURFACE('',#22495,4.);
#22497=ORIENTED_EDGE('',*,*,#21256,.F.);
#22498=ORIENTED_EDGE('',*,*,#22002,.F.);
#22499=ORIENTED_EDGE('',*,*,#21571,.F.);
#22500=ORIENTED_EDGE('',*,*,#22092,.F.);
#22501=EDGE_LOOP('',(#22497,#22498,#22499,#22500));
#22502=FACE_BOUND('',#22501,.T.);
#22503=ADVANCED_FACE('',(#22502),#22496,.T.);
#22504=CARTESIAN_POINT('',(-27.5,33.724048519,24.));
#22505=DIRECTION('',(0.,0.,-1.));
#22506=DIRECTION('',(-1.,0.,0.));
#22507=AXIS2_PLACEMENT_3D('',#22504,#22505,#22506);
#22508=CYLINDRICAL_SURFACE('',#22507,4.);
#22509=ORIENTED_EDGE('',*,*,#22133,.F.);
#22510=ORIENTED_EDGE('',*,*,#22064,.F.);
#22511=ORIENTED_EDGE('',*,*,#21610,.F.);
#22512=ORIENTED_EDGE('',*,*,#21948,.F.);
#22513=EDGE_LOOP('',(#22509,#22510,#22511,#22512));
#22514=FACE_BOUND('',#22513,.T.);
#22515=ADVANCED_FACE('',(#22514),#22508,.T.);
#22516=CARTESIAN_POINT('',(27.5,-51.775951481,24.));
#22517=DIRECTION('',(0.,0.,-1.));
#22518=DIRECTION('',(-1.,0.,0.));
#22519=AXIS2_PLACEMENT_3D('',#22516,#22517,#22518);
#22520=CYLINDRICAL_SURFACE('',#22519,4.);
#22521=ORIENTED_EDGE('',*,*,#22487,.F.);
#22522=CARTESIAN_POINT('',(28.5,-55.648934827,27.));
#22523=CARTESIAN_POINT('',(28.435675718,-55.665543285,27.));
#22524=CARTESIAN_POINT('',(28.371972276,-55.680283673,26.993848848));
#22525=CARTESIAN_POINT('',(28.308916961,-55.69330433,26.981573875));
#22526=CARTESIAN_POINT('',(28.245861647,-55.706324988,26.969298902));
#22527=CARTESIAN_POINT('',(28.182764627,-55.717723775,26.950586092));
#22528=CARTESIAN_POINT('',(28.122383451,-55.72723467,26.925962063));
#22529=CARTESIAN_POINT('',(28.062002276,-55.736745564,26.901338034));
#22530=CARTESIAN_POINT('',(28.004445702,-55.744397041,26.871039765));
#22531=CARTESIAN_POINT('',(27.949788921,-55.750582272,26.83502561));
#22532=CARTESIAN_POINT('',(27.895132141,-55.756767502,26.799011454));
#22533=CARTESIAN_POINT('',(27.843233826,-55.761471735,26.756935095));
#22534=CARTESIAN_POINT('',(27.796660082,-55.764935411,26.710853684));
#22535=CARTESIAN_POINT('',(27.703512594,-55.771862763,26.618690861));
#22536=CARTESIAN_POINT('',(27.628013886,-55.774222482,26.506772273));
#22537=CARTESIAN_POINT('',(27.57744156,-55.775201761,26.385857389));
#22538=CARTESIAN_POINT('',(27.526869233,-55.77618104,26.264942504));
#22539=CARTESIAN_POINT('',(27.5,-55.775951481,26.132905188));
#22540=CARTESIAN_POINT('',(27.5,-55.775951481,26.));
#22541=B_SPLINE_CURVE_WITH_KNOTS('',3,(#22522,#22523,#22524,#22525,#22526,#22527,#22528,#22529,#22530,#22531,#22532,#22533,#22534,#22535,#22536,#22537,#22538,#22539,#22540),.UNSPECIFIED.,.F.,.F.,(4,3,3,3,3,3,4),(0.,0.000196556,0.000393113,0.000589669,0.000786226,0.001179338,0.001572451),.UNSPECIFIED.);
#22542=EDGE_CURVE('',#22476,#21183,#22541,.T.);
#22543=ORIENTED_EDGE('',*,*,#22542,.T.);
#22544=ORIENTED_EDGE('',*,*,#21190,.T.);
#22545=ORIENTED_EDGE('',*,*,#22154,.T.);
#22546=ORIENTED_EDGE('',*,*,#21588,.F.);
#22547=ORIENTED_EDGE('',*,*,#21995,.F.);
#22548=ORIENTED_EDGE('',*,*,#21239,.F.);
#22549=EDGE_LOOP('',(#22521,#22543,#22544,#22545,#22546,#22547,#22548));
#22550=FACE_BOUND('',#22549,.T.);
#22551=ADVANCED_FACE('',(#22550),#22520,.T.);
#22552=CARTESIAN_POINT('',(-0.,34.724048519,23.5));
#22553=DIRECTION('',(-1.,-0.,0.));
#22554=DIRECTION('',(0.,-1.,0.));
#22555=AXIS2_PLACEMENT_3D('',#22552,#22553,#22554);
#22556=PLANE('',#22555);
#22557=ORIENTED_EDGE('',*,*,#22085,.F.);
#22558=ORIENTED_EDGE('',*,*,#21384,.F.);
#22559=ORIENTED_EDGE('',*,*,#22041,.T.);
#22560=ORIENTED_EDGE('',*,*,#21272,.T.);
#22561=EDGE_LOOP('',(#22557,#22558,#22559,#22560));
#22562=FACE_BOUND('',#22561,.T.);
#22563=ADVANCED_FACE('',(#22562),#22556,.T.);
#22564=CARTESIAN_POINT('',(-26.,34.724048519,23.5));
#22565=DIRECTION('',(1.,0.,0.));
#22566=DIRECTION('',(-0.,1.,0.));
#22567=AXIS2_PLACEMENT_3D('',#22564,#22565,#22566);
#22568=PLANE('',#22567);
#22569=ORIENTED_EDGE('',*,*,#21370,.T.);
#22570=ORIENTED_EDGE('',*,*,#22078,.T.);
#22571=ORIENTED_EDGE('',*,*,#22125,.F.);
#22572=ORIENTED_EDGE('',*,*,#22048,.F.);
#22573=EDGE_LOOP('',(#22569,#22570,#22571,#22572));
#22574=FACE_BOUND('',#22573,.T.);
#22575=ADVANCED_FACE('',(#22574),#22568,.T.);
#22576=CARTESIAN_POINT('',(10.322271824,-15.223223305,5.));
#22577=DIRECTION('',(0.,0.,-1.));
#22578=DIRECTION('',(-1.,0.,0.));
#22579=AXIS2_PLACEMENT_3D('',#22576,#22577,#22578);
#22580=CYLINDRICAL_SURFACE('',#22579,1.375);
#22581=CARTESIAN_POINT('',(8.947271824,-15.223223305,0.));
#22582=DIRECTION('',(-0.,-0.,1.));
#22583=VECTOR('',#22582,3.);
#22584=LINE('',#22581,#22583);
#22585=EDGE_CURVE('',#21477,#21763,#22584,.T.);
#22586=ORIENTED_EDGE('',*,*,#22585,.F.);
#22587=ORIENTED_EDGE('',*,*,#21483,.F.);
#22588=ORIENTED_EDGE('',*,*,#21490,.F.);
#22589=ORIENTED_EDGE('',*,*,#22585,.T.);
#22590=ORIENTED_EDGE('',*,*,#21769,.F.);
#22591=ORIENTED_EDGE('',*,*,#21776,.F.);
#22592=EDGE_LOOP('',(#22586,#22587,#22588,#22589,#22590,#22591));
#22593=FACE_BOUND('',#22592,.T.);
#22594=ADVANCED_FACE('',(#22593),#22580,.F.);
#22595=CARTESIAN_POINT('',(-10.322271824,-2.828679656,5.));
#22596=DIRECTION('',(0.,0.,-1.));
#22597=DIRECTION('',(-1.,0.,0.));
#22598=AXIS2_PLACEMENT_3D('',#22595,#22596,#22597);
#22599=CYLINDRICAL_SURFACE('',#22598,1.375);
#22600=CARTESIAN_POINT('',(-11.697271824,-2.828679656,0.));
#22601=DIRECTION('',(-0.,-0.,1.));
#22602=VECTOR('',#22601,3.);
#22603=LINE('',#22600,#22602);
#22604=EDGE_CURVE('',#21497,#21743,#22603,.T.);
#22605=ORIENTED_EDGE('',*,*,#22604,.F.);
#22606=ORIENTED_EDGE('',*,*,#21503,.F.);
#22607=ORIENTED_EDGE('',*,*,#21510,.F.);
#22608=ORIENTED_EDGE('',*,*,#22604,.T.);
#22609=ORIENTED_EDGE('',*,*,#21749,.F.);
#22610=ORIENTED_EDGE('',*,*,#21756,.F.);
#22611=EDGE_LOOP('',(#22605,#22606,#22607,#22608,#22609,#22610));
#22612=FACE_BOUND('',#22611,.T.);
#22613=ADVANCED_FACE('',(#22612),#22599,.F.);
#22614=CARTESIAN_POINT('',(10.322271824,-2.828679656,5.));
#22615=DIRECTION('',(0.,0.,-1.));
#22616=DIRECTION('',(-1.,0.,0.));
#22617=AXIS2_PLACEMENT_3D('',#22614,#22615,#22616);
#22618=CYLINDRICAL_SURFACE('',#22617,1.375);
#22619=CARTESIAN_POINT('',(8.947271824,-2.828679656,0.));
#22620=DIRECTION('',(-0.,-0.,1.));
#22621=VECTOR('',#22620,3.);
#22622=LINE('',#22619,#22621);
#22623=EDGE_CURVE('',#21517,#21723,#22622,.T.);
#22624=ORIENTED_EDGE('',*,*,#22623,.F.);
#22625=ORIENTED_EDGE('',*,*,#21523,.F.);
#22626=ORIENTED_EDGE('',*,*,#21530,.F.);
#22627=ORIENTED_EDGE('',*,*,#22623,.T.);
#22628=ORIENTED_EDGE('',*,*,#21729,.F.);
#22629=ORIENTED_EDGE('',*,*,#21736,.F.);
#22630=EDGE_LOOP('',(#22624,#22625,#22626,#22627,#22628,#22629));
#22631=FACE_BOUND('',#22630,.T.);
#22632=ADVANCED_FACE('',(#22631),#22618,.F.);
#22633=CARTESIAN_POINT('',(-10.322271824,-15.223223305,5.));
#22634=DIRECTION('',(0.,0.,-1.));
#22635=DIRECTION('',(-1.,0.,0.));
#22636=AXIS2_PLACEMENT_3D('',#22633,#22634,#22635);
#22637=CYLINDRICAL_SURFACE('',#22636,1.375);
#22638=CARTESIAN_POINT('',(-11.697271824,-15.223223305,0.));
#22639=DIRECTION('',(-0.,-0.,1.));
#22640=VECTOR('',#22639,3.);
#22641=LINE('',#22638,#22640);
#22642=EDGE_CURVE('',#21537,#21703,#22641,.T.);
#22643=ORIENTED_EDGE('',*,*,#22642,.F.);
#22644=ORIENTED_EDGE('',*,*,#21543,.F.);
#22645=ORIENTED_EDGE('',*,*,#21550,.F.);
#22646=ORIENTED_EDGE('',*,*,#22642,.T.);
#22647=ORIENTED_EDGE('',*,*,#21709,.F.);
#22648=ORIENTED_EDGE('',*,*,#21716,.F.);
#22649=EDGE_LOOP('',(#22643,#22644,#22645,#22646,#22647,#22648));
#22650=FACE_BOUND('',#22649,.T.);
#22651=ADVANCED_FACE('',(#22650),#22637,.F.);
#22652=CARTESIAN_POINT('',(-30.,28.224048519,24.));
#22653=DIRECTION('',(0.,1.,0.));
#22654=DIRECTION('',(0.,0.,1.));
#22655=AXIS2_PLACEMENT_3D('',#22652,#22653,#22654);
#22656=PLANE('',#22655);
#22657=ORIENTED_EDGE('',*,*,#21934,.T.);
#22658=CARTESIAN_POINT('',(-31.5,28.224048519,6.));
#22659=DIRECTION('',(1.,0.,-0.));
#22660=VECTOR('',#22659,3.);
#22661=LINE('',#22658,#22660);
#22662=EDGE_CURVE('',#21921,#22358,#22661,.T.);
#22663=ORIENTED_EDGE('',*,*,#22662,.T.);
#22664=ORIENTED_EDGE('',*,*,#22363,.T.);
#22665=ORIENTED_EDGE('',*,*,#22140,.F.);
#22666=EDGE_LOOP('',(#22657,#22663,#22664,#22665));
#22667=FACE_BOUND('',#22666,.T.);
#22668=ADVANCED_FACE('',(#22667),#22656,.F.);
#22669=CARTESIAN_POINT('',(-30.,-13.275951481,6.));
#22670=DIRECTION('',(0.,0.,1.));
#22671=DIRECTION('',(1.,0.,0.));
#22672=AXIS2_PLACEMENT_3D('',#22669,#22670,#22671);
#22673=PLANE('',#22672);
#22674=ORIENTED_EDGE('',*,*,#22662,.F.);
#22675=ORIENTED_EDGE('',*,*,#21926,.F.);
#22676=ORIENTED_EDGE('',*,*,#21846,.T.);
#22677=ORIENTED_EDGE('',*,*,#22369,.T.);
#22678=EDGE_LOOP('',(#22674,#22675,#22676,#22677));
#22679=FACE_BOUND('',#22678,.T.);
#22680=ADVANCED_FACE('',(#22679),#22673,.T.);
#22681=CARTESIAN_POINT('',(-27.5,33.724048519,24.));
#22682=DIRECTION('',(0.,0.,1.));
#22683=DIRECTION('',(1.,0.,-0.));
#22684=AXIS2_PLACEMENT_3D('',#22681,#22682,#22683);
#22685=CYLINDRICAL_SURFACE('',#22684,1.);
#22686=ORIENTED_EDGE('',*,*,#22118,.F.);
#22687=ORIENTED_EDGE('',*,*,#22354,.F.);
#22688=ORIENTED_EDGE('',*,*,#21797,.F.);
#22689=ORIENTED_EDGE('',*,*,#22027,.F.);
#22690=EDGE_LOOP('',(#22686,#22687,#22688,#22689));
#22691=FACE_BOUND('',#22690,.T.);
#22692=ADVANCED_FACE('',(#22691),#22685,.F.);
#22693=CARTESIAN_POINT('',(27.5,33.724048519,24.));
#22694=DIRECTION('',(0.,0.,1.));
#22695=DIRECTION('',(1.,0.,-0.));
#22696=AXIS2_PLACEMENT_3D('',#22693,#22694,#22695);
#22697=CYLINDRICAL_SURFACE('',#22696,1.);
#22698=ORIENTED_EDGE('',*,*,#21287,.F.);
#22699=ORIENTED_EDGE('',*,*,#22034,.F.);
#22700=ORIENTED_EDGE('',*,*,#21828,.F.);
#22701=ORIENTED_EDGE('',*,*,#22471,.F.);
#22702=EDGE_LOOP('',(#22698,#22699,#22700,#22701));
#22703=FACE_BOUND('',#22702,.T.);
#22704=ADVANCED_FACE('',(#22703),#22697,.F.);
#22705=CARTESIAN_POINT('',(55.375,-47.650951481,37.));
#22706=DIRECTION('',(-1.,-0.,0.));
#22707=DIRECTION('',(0.,-1.,0.));
#22708=AXIS2_PLACEMENT_3D('',#22705,#22706,#22707);
#22709=CYLINDRICAL_SURFACE('',#22708,2.25);
#22710=CARTESIAN_POINT('',(28.5,-49.900951481,37.));
#22711=DIRECTION('',(1.,0.,-0.));
#22712=VECTOR('',#22711,3.);
#22713=LINE('',#22710,#22712);
#22714=EDGE_CURVE('',#22449,#21981,#22713,.T.);
#22715=ORIENTED_EDGE('',*,*,#22714,.F.);
#22716=ORIENTED_EDGE('',*,*,#22455,.F.);
#22717=ORIENTED_EDGE('',*,*,#22462,.F.);
#22718=ORIENTED_EDGE('',*,*,#22714,.T.);
#22719=ORIENTED_EDGE('',*,*,#21987,.F.);
#22720=EDGE_LOOP('',(#22715,#22716,#22717,#22718,#22719));
#22721=FACE_BOUND('',#22720,.T.);
#22722=ADVANCED_FACE('',(#22721),#22709,.F.);
#22723=CARTESIAN_POINT('',(-46.675,-47.650951481,37.));
#22724=DIRECTION('',(1.,0.,0.));
#22725=DIRECTION('',(-0.,1.,0.));
#22726=AXIS2_PLACEMENT_3D('',#22723,#22724,#22725);
#22727=CYLINDRICAL_SURFACE('',#22726,2.25);
#22728=CARTESIAN_POINT('',(-28.5,-45.400951481,37.));
#22729=DIRECTION('',(-1.,-0.,-0.));
#22730=VECTOR('',#22729,3.);
#22731=LINE('',#22728,#22730);
#22732=EDGE_CURVE('',#22332,#21901,#22731,.T.);
#22733=ORIENTED_EDGE('',*,*,#22732,.F.);
#22734=ORIENTED_EDGE('',*,*,#22338,.F.);
#22735=ORIENTED_EDGE('',*,*,#22345,.F.);
#22736=ORIENTED_EDGE('',*,*,#22732,.T.);
#22737=ORIENTED_EDGE('',*,*,#21907,.F.);
#22738=EDGE_LOOP('',(#22733,#22734,#22735,#22736,#22737));
#22739=FACE_BOUND('',#22738,.T.);
#22740=ADVANCED_FACE('',(#22739),#22727,.F.);
#22741=CARTESIAN_POINT('',(78.5,-30.442618147,10.));
#22742=DIRECTION('',(-1.,-0.,0.));
#22743=DIRECTION('',(0.,-1.,0.));
#22744=AXIS2_PLACEMENT_3D('',#22741,#22742,#22743);
#22745=CYLINDRICAL_SURFACE('',#22744,4.);
#22746=CARTESIAN_POINT('',(28.5,-34.442618147,10.));
#22747=DIRECTION('',(1.,0.,-0.));
#22748=VECTOR('',#22747,3.);
#22749=LINE('',#22746,#22748);
#22750=EDGE_CURVE('',#22429,#21970,#22749,.T.);
#22751=ORIENTED_EDGE('',*,*,#22750,.F.);
#22752=ORIENTED_EDGE('',*,*,#22435,.F.);
#22753=ORIENTED_EDGE('',*,*,#22442,.F.);
#22754=ORIENTED_EDGE('',*,*,#22750,.T.);
#22755=ORIENTED_EDGE('',*,*,#21976,.F.);
#22756=EDGE_LOOP('',(#22751,#22752,#22753,#22754,#22755));
#22757=FACE_BOUND('',#22756,.T.);
#22758=ADVANCED_FACE('',(#22757),#22745,.F.);
#22759=CARTESIAN_POINT('',(78.5,-30.442618147,10.));
#22760=DIRECTION('',(-1.,-0.,0.));
#22761=DIRECTION('',(0.,-1.,0.));
#22762=AXIS2_PLACEMENT_3D('',#22759,#22760,#22761);
#22763=CYLINDRICAL_SURFACE('',#22762,4.);
#22764=CARTESIAN_POINT('',(-31.5,-34.442618147,10.));
#22765=DIRECTION('',(1.,0.,-0.));
#22766=VECTOR('',#22765,3.);
#22767=LINE('',#22764,#22766);
#22768=EDGE_CURVE('',#21890,#22319,#22767,.T.);
#22769=ORIENTED_EDGE('',*,*,#22768,.F.);
#22770=ORIENTED_EDGE('',*,*,#21896,.T.);
#22771=ORIENTED_EDGE('',*,*,#22768,.T.);
#22772=ORIENTED_EDGE('',*,*,#22325,.F.);
#22773=EDGE_LOOP('',(#22769,#22770,#22771,#22772));
#22774=FACE_BOUND('',#22773,.T.);
#22775=ADVANCED_FACE('',(#22774),#22763,.F.);
#22776=CARTESIAN_POINT('',(78.5,-43.109284814,10.));
#22777=DIRECTION('',(-1.,-0.,0.));
#22778=DIRECTION('',(0.,-1.,0.));
#22779=AXIS2_PLACEMENT_3D('',#22776,#22777,#22778);
#22780=CYLINDRICAL_SURFACE('',#22779,4.);
#22781=CARTESIAN_POINT('',(28.5,-47.109284814,10.));
#22782=DIRECTION('',(1.,0.,-0.));
#22783=VECTOR('',#22782,3.);
#22784=LINE('',#22781,#22783);
#22785=EDGE_CURVE('',#22409,#21959,#22784,.T.);
#22786=ORIENTED_EDGE('',*,*,#22785,.F.);
#22787=ORIENTED_EDGE('',*,*,#22415,.F.);
#22788=ORIENTED_EDGE('',*,*,#22422,.F.);
#22789=ORIENTED_EDGE('',*,*,#22785,.T.);
#22790=ORIENTED_EDGE('',*,*,#21965,.F.);
#22791=EDGE_LOOP('',(#22786,#22787,#22788,#22789,#22790));
#22792=FACE_BOUND('',#22791,.T.);
#22793=ADVANCED_FACE('',(#22792),#22780,.F.);
#22794=CARTESIAN_POINT('',(78.5,-43.109284814,10.));
#22795=DIRECTION('',(-1.,-0.,0.));
#22796=DIRECTION('',(0.,-1.,0.));
#22797=AXIS2_PLACEMENT_3D('',#22794,#22795,#22796);
#22798=CYLINDRICAL_SURFACE('',#22797,4.);
#22799=CARTESIAN_POINT('',(-31.5,-47.109284814,10.));
#22800=DIRECTION('',(1.,0.,-0.));
#22801=VECTOR('',#22800,3.);
#22802=LINE('',#22799,#22801);
#22803=EDGE_CURVE('',#21879,#22308,#22802,.T.);
#22804=ORIENTED_EDGE('',*,*,#22803,.F.);
#22805=ORIENTED_EDGE('',*,*,#21885,.T.);
#22806=ORIENTED_EDGE('',*,*,#22803,.T.);
#22807=ORIENTED_EDGE('',*,*,#22314,.F.);
#22808=EDGE_LOOP('',(#22804,#22805,#22806,#22807));
#22809=FACE_BOUND('',#22808,.T.);
#22810=ADVANCED_FACE('',(#22809),#22798,.F.);
#22811=CARTESIAN_POINT('',(28.5,-54.275951481,26.));
#22812=DIRECTION('',(0.,1.,0.));
#22813=DIRECTION('',(0.,-0.,1.));
#22814=AXIS2_PLACEMENT_3D('',#22811,#22812,#22813);
#22815=CYLINDRICAL_SURFACE('',#22814,1.);
#22816=ORIENTED_EDGE('',*,*,#22542,.F.);
#22817=ORIENTED_EDGE('',*,*,#22481,.F.);
#22818=ORIENTED_EDGE('',*,*,#21329,.F.);
#22819=ORIENTED_EDGE('',*,*,#21198,.F.);
#22820=EDGE_LOOP('',(#22816,#22817,#22818,#22819));
#22821=FACE_BOUND('',#22820,.T.);
#22822=ADVANCED_FACE('',(#22821),#22815,.T.);
#22823=CARTESIAN_POINT('',(-28.5,-54.275951481,26.));
#22824=DIRECTION('',(0.,-1.,0.));
#22825=DIRECTION('',(0.,0.,-1.));
#22826=AXIS2_PLACEMENT_3D('',#22823,#22824,#22825);
#22827=CYLINDRICAL_SURFACE('',#22826,1.);
#22828=ORIENTED_EDGE('',*,*,#21091,.F.);
#22829=ORIENTED_EDGE('',*,*,#22383,.T.);
#22830=ORIENTED_EDGE('',*,*,#21132,.F.);
#22831=ORIENTED_EDGE('',*,*,#21028,.F.);
#22832=EDGE_LOOP('',(#22828,#22829,#22830,#22831));
#22833=FACE_BOUND('',#22832,.T.);
#22834=ADVANCED_FACE('',(#22833),#22827,.T.);
#22835=CARTESIAN_POINT('',(24.549048519,29.099048519,7.));
#22836=DIRECTION('',(0.,0.,-1.));
#22837=DIRECTION('',(-1.,0.,0.));
#22838=AXIS2_PLACEMENT_3D('',#22835,#22836,#22837);
#22839=CYLINDRICAL_SURFACE('',#22838,3.);
#22840=CARTESIAN_POINT('',(21.549048519,29.099048519,6.5));
#22841=VERTEX_POINT('',#22840);
#22842=CARTESIAN_POINT('',(21.549048519,29.099048519,3.));
#22843=DIRECTION('',(-0.,-0.,1.));
#22844=VECTOR('',#22843,3.5);
#22845=LINE('',#22842,#22844);
#22846=EDGE_CURVE('',#21641,#22841,#22845,.T.);
#22847=ORIENTED_EDGE('',*,*,#22846,.T.);
#22848=CARTESIAN_POINT('',(27.549048519,29.099048519,6.5));
#22849=VERTEX_POINT('',#22848);
#22850=CARTESIAN_POINT('',(24.549048519,29.099048519,6.5));
#22851=DIRECTION('',(0.,0.,1.));
#22852=DIRECTION('',(1.,0.,-0.));
#22853=AXIS2_PLACEMENT_3D('',#22850,#22851,#22852);
#22854=CIRCLE('',#22853,3.);
#22855=EDGE_CURVE('',#22849,#22841,#22854,.T.);
#22856=ORIENTED_EDGE('',*,*,#22855,.F.);
#22857=CARTESIAN_POINT('',(24.549048519,29.099048519,6.5));
#22858=DIRECTION('',(0.,0.,1.));
#22859=DIRECTION('',(1.,0.,-0.));
#22860=AXIS2_PLACEMENT_3D('',#22857,#22858,#22859);
#22861=CIRCLE('',#22860,3.);
#22862=EDGE_CURVE('',#22841,#22849,#22861,.T.);
#22863=ORIENTED_EDGE('',*,*,#22862,.F.);
#22864=ORIENTED_EDGE('',*,*,#22846,.F.);
#22865=ORIENTED_EDGE('',*,*,#21649,.T.);
#22866=ORIENTED_EDGE('',*,*,#21656,.T.);
#22867=EDGE_LOOP('',(#22847,#22856,#22863,#22864,#22865,#22866));
#22868=FACE_BOUND('',#22867,.T.);
#22869=ADVANCED_FACE('',(#22868),#22839,.T.);
#22870=CARTESIAN_POINT('',(0.,0.,6.5));
#22871=DIRECTION('',(0.,0.,1.));
#22872=DIRECTION('',(1.,0.,0.));
#22873=AXIS2_PLACEMENT_3D('',#22870,#22871,#22872);
#22874=PLANE('',#22873);
#22875=ORIENTED_EDGE('',*,*,#22290,.F.);
#22876=ORIENTED_EDGE('',*,*,#22297,.F.);
#22877=EDGE_LOOP('',(#22875,#22876));
#22878=FACE_BOUND('',#22877,.T.);
#22879=ORIENTED_EDGE('',*,*,#22855,.T.);
#22880=ORIENTED_EDGE('',*,*,#22862,.T.);
#22881=EDGE_LOOP('',(#22879,#22880));
#22882=FACE_BOUND('',#22881,.T.);
#22883=ADVANCED_FACE('',(#22878,#22882),#22874,.T.);
#22884=CARTESIAN_POINT('',(24.549048519,-29.099048519,7.));
#22885=DIRECTION('',(0.,0.,-1.));
#22886=DIRECTION('',(-1.,0.,0.));
#22887=AXIS2_PLACEMENT_3D('',#22884,#22885,#22886);
#22888=CYLINDRICAL_SURFACE('',#22887,3.);
#22889=CARTESIAN_POINT('',(21.549048519,-29.099048519,6.5));
#22890=VERTEX_POINT('',#22889);
#22891=CARTESIAN_POINT('',(21.549048519,-29.099048519,3.));
#22892=DIRECTION('',(-0.,-0.,1.));
#22893=VECTOR('',#22892,3.5);
#22894=LINE('',#22891,#22893);
#22895=EDGE_CURVE('',#21661,#22890,#22894,.T.);
#22896=ORIENTED_EDGE('',*,*,#22895,.T.);
#22897=CARTESIAN_POINT('',(27.549048519,-29.099048519,6.5));
#22898=VERTEX_POINT('',#22897);
#22899=CARTESIAN_POINT('',(24.549048519,-29.099048519,6.5));
#22900=DIRECTION('',(0.,0.,1.));
#22901=DIRECTION('',(1.,0.,-0.));
#22902=AXIS2_PLACEMENT_3D('',#22899,#22900,#22901);
#22903=CIRCLE('',#22902,3.);
#22904=EDGE_CURVE('',#22898,#22890,#22903,.T.);
#22905=ORIENTED_EDGE('',*,*,#22904,.F.);
#22906=CARTESIAN_POINT('',(24.549048519,-29.099048519,6.5));
#22907=DIRECTION('',(0.,0.,1.));
#22908=DIRECTION('',(1.,0.,-0.));
#22909=AXIS2_PLACEMENT_3D('',#22906,#22907,#22908);
#22910=CIRCLE('',#22909,3.);
#22911=EDGE_CURVE('',#22890,#22898,#22910,.T.);
#22912=ORIENTED_EDGE('',*,*,#22911,.F.);
#22913=ORIENTED_EDGE('',*,*,#22895,.F.);
#22914=ORIENTED_EDGE('',*,*,#21669,.T.);
#22915=ORIENTED_EDGE('',*,*,#21676,.T.);
#22916=EDGE_LOOP('',(#22896,#22905,#22912,#22913,#22914,#22915));
#22917=FACE_BOUND('',#22916,.T.);
#22918=ADVANCED_FACE('',(#22917),#22888,.T.);
#22919=CARTESIAN_POINT('',(0.,0.,6.5));
#22920=DIRECTION('',(0.,0.,1.));
#22921=DIRECTION('',(1.,0.,0.));
#22922=AXIS2_PLACEMENT_3D('',#22919,#22920,#22921);
#22923=PLANE('',#22922);
#22924=ORIENTED_EDGE('',*,*,#22904,.T.);
#22925=ORIENTED_EDGE('',*,*,#22911,.T.);
#22926=EDGE_LOOP('',(#22924,#22925));
#22927=FACE_BOUND('',#22926,.T.);
#22928=ORIENTED_EDGE('',*,*,#22255,.F.);
#22929=ORIENTED_EDGE('',*,*,#22262,.F.);
#22930=EDGE_LOOP('',(#22928,#22929));
#22931=FACE_BOUND('',#22930,.T.);
#22932=ADVANCED_FACE('',(#22927,#22931),#22923,.T.);
#22933=CARTESIAN_POINT('',(-24.549048519,29.099048519,7.));
#22934=DIRECTION('',(0.,0.,-1.));
#22935=DIRECTION('',(-1.,0.,0.));
#22936=AXIS2_PLACEMENT_3D('',#22933,#22934,#22935);
#22937=CYLINDRICAL_SURFACE('',#22936,3.);
#22938=CARTESIAN_POINT('',(-27.549048519,29.099048519,6.5));
#22939=VERTEX_POINT('',#22938);
#22940=CARTESIAN_POINT('',(-27.549048519,29.099048519,3.));
#22941=DIRECTION('',(-0.,-0.,1.));
#22942=VECTOR('',#22941,3.5);
#22943=LINE('',#22940,#22942);
#22944=EDGE_CURVE('',#21681,#22939,#22943,.T.);
#22945=ORIENTED_EDGE('',*,*,#22944,.T.);
#22946=CARTESIAN_POINT('',(-21.549048519,29.099048519,6.5));
#22947=VERTEX_POINT('',#22946);
#22948=CARTESIAN_POINT('',(-24.549048519,29.099048519,6.5));
#22949=DIRECTION('',(0.,0.,1.));
#22950=DIRECTION('',(1.,0.,-0.));
#22951=AXIS2_PLACEMENT_3D('',#22948,#22949,#22950);
#22952=CIRCLE('',#22951,3.);
#22953=EDGE_CURVE('',#22947,#22939,#22952,.T.);
#22954=ORIENTED_EDGE('',*,*,#22953,.F.);
#22955=CARTESIAN_POINT('',(-24.549048519,29.099048519,6.5));
#22956=DIRECTION('',(0.,0.,1.));
#22957=DIRECTION('',(1.,0.,-0.));
#22958=AXIS2_PLACEMENT_3D('',#22955,#22956,#22957);
#22959=CIRCLE('',#22958,3.);
#22960=EDGE_CURVE('',#22939,#22947,#22959,.T.);
#22961=ORIENTED_EDGE('',*,*,#22960,.F.);
#22962=ORIENTED_EDGE('',*,*,#22944,.F.);
#22963=ORIENTED_EDGE('',*,*,#21689,.T.);
#22964=ORIENTED_EDGE('',*,*,#21696,.T.);
#22965=EDGE_LOOP('',(#22945,#22954,#22961,#22962,#22963,#22964));
#22966=FACE_BOUND('',#22965,.T.);
#22967=ADVANCED_FACE('',(#22966),#22937,.T.);
#22968=CARTESIAN_POINT('',(0.,0.,6.5));
#22969=DIRECTION('',(0.,0.,1.));
#22970=DIRECTION('',(1.,0.,0.));
#22971=AXIS2_PLACEMENT_3D('',#22968,#22969,#22970);
#22972=PLANE('',#22971);
#22973=ORIENTED_EDGE('',*,*,#22220,.F.);
#22974=ORIENTED_EDGE('',*,*,#22227,.F.);
#22975=EDGE_LOOP('',(#22973,#22974));
#22976=FACE_BOUND('',#22975,.T.);
#22977=ORIENTED_EDGE('',*,*,#22953,.T.);
#22978=ORIENTED_EDGE('',*,*,#22960,.T.);
#22979=EDGE_LOOP('',(#22977,#22978));
#22980=FACE_BOUND('',#22979,.T.);
#22981=ADVANCED_FACE('',(#22976,#22980),#22972,.T.);
#22982=CARTESIAN_POINT('',(-24.549048519,-29.099048519,7.));
#22983=DIRECTION('',(0.,0.,-1.));
#22984=DIRECTION('',(-1.,0.,0.));
#22985=AXIS2_PLACEMENT_3D('',#22982,#22983,#22984);
#22986=CYLINDRICAL_SURFACE('',#22985,3.);
#22987=CARTESIAN_POINT('',(-27.549048519,-29.099048519,6.5));
#22988=VERTEX_POINT('',#22987);
#22989=CARTESIAN_POINT('',(-27.549048519,-29.099048519,3.));
#22990=DIRECTION('',(-0.,-0.,1.));
#22991=VECTOR('',#22990,3.5);
#22992=LINE('',#22989,#22991);
#22993=EDGE_CURVE('',#21621,#22988,#22992,.T.);
#22994=ORIENTED_EDGE('',*,*,#22993,.T.);
#22995=CARTESIAN_POINT('',(-21.549048519,-29.099048519,6.5));
#22996=VERTEX_POINT('',#22995);
#22997=CARTESIAN_POINT('',(-24.549048519,-29.099048519,6.5));
#22998=DIRECTION('',(0.,0.,1.));
#22999=DIRECTION('',(1.,0.,-0.));
#23000=AXIS2_PLACEMENT_3D('',#22997,#22998,#22999);
#23001=CIRCLE('',#23000,3.);
#23002=EDGE_CURVE('',#22996,#22988,#23001,.T.);
#23003=ORIENTED_EDGE('',*,*,#23002,.F.);
#23004=CARTESIAN_POINT('',(-24.549048519,-29.099048519,6.5));
#23005=DIRECTION('',(0.,0.,1.));
#23006=DIRECTION('',(1.,0.,-0.));
#23007=AXIS2_PLACEMENT_3D('',#23004,#23005,#23006);
#23008=CIRCLE('',#23007,3.);
#23009=EDGE_CURVE('',#22988,#22996,#23008,.T.);
#23010=ORIENTED_EDGE('',*,*,#23009,.F.);
#23011=ORIENTED_EDGE('',*,*,#22993,.F.);
#23012=ORIENTED_EDGE('',*,*,#21629,.T.);
#23013=ORIENTED_EDGE('',*,*,#21636,.T.);
#23014=EDGE_LOOP('',(#22994,#23003,#23010,#23011,#23012,#23013));
#23015=FACE_BOUND('',#23014,.T.);
#23016=ADVANCED_FACE('',(#23015),#22986,.T.);
#23017=CARTESIAN_POINT('',(0.,0.,6.5));
#23018=DIRECTION('',(0.,0.,1.));
#23019=DIRECTION('',(1.,0.,0.));
#23020=AXIS2_PLACEMENT_3D('',#23017,#23018,#23019);
#23021=PLANE('',#23020);
#23022=ORIENTED_EDGE('',*,*,#23002,.T.);
#23023=ORIENTED_EDGE('',*,*,#23009,.T.);
#23024=EDGE_LOOP('',(#23022,#23023));
#23025=FACE_BOUND('',#23024,.T.);
#23026=ORIENTED_EDGE('',*,*,#22185,.F.);
#23027=ORIENTED_EDGE('',*,*,#22192,.F.);
#23028=EDGE_LOOP('',(#23026,#23027));
#23029=FACE_BOUND('',#23028,.T.);
#23030=ADVANCED_FACE('',(#23025,#23029),#23021,.T.);
#23031=CLOSED_SHELL('',(#21046,#21103,#21176,#21216,#21291,#21348,#21388,#21614,#21832,#21872,#21952,#22007,#22052,#22097,#22144,#22161,#22196,#22231,#22266,#22301,#22388,#22400,#22491,#22503,#22515,#22551,
#22563,#22575,#22594,#22613,#22632,#22651,#22668,#22680,#22692,#22704,#22722,#22740,#22758,#22775,#22793,#22810,#22822,#22834,#22869,#22883,#22918,#22932,#22967,#22981,#23016,
#23030));
#23032=MANIFOLD_SOLID_BREP('Case',#23031);
#21006=STYLED_ITEM('',(#1986),#23032);
#16=SHAPE_REPRESENTATION('root',(#15),#10);
#17=ADVANCED_BREP_SHAPE_REPRESENTATION('root',(#1979,#4238,#5801,#6488,#21005,#23032),#10);
#23040=SHAPE_REPRESENTATION_RELATIONSHIP('','',#16,#17);
#23041=CARTESIAN_POINT('',(0.,0.,0.));
#23042=DIRECTION('',(0.,0.,1.));
#23043=DIRECTION('',(1.,0.,0.));
#23044=AXIS2_PLACEMENT_3D('',#23041,#23042,#23043);
#23046=MAPPED_ITEM('',#23045,#23044);
#23045=REPRESENTATION_MAP(#23044,#16);
#23047=APPLICATION_CONTEXT('Managed model based 3d engineering');
#23048=APPLICATION_PROTOCOL_DEFINITION('international standard','ap242_managed_model_based_3d_engineering',2013,#23047);
#23049=PRODUCT_CONTEXT('',#23047,'mechanical');
#23050=PRODUCT_DEFINITION_CONTEXT('part definition',#23047,'design');
#24=PRODUCT('root','root','',(#23049));
#23051=PRODUCT_RELATED_PRODUCT_CATEGORY('part','',(#24));
#23052=PRODUCT_DEFINITION_FORMATION_WITH_SPECIFIED_SOURCE('','',#24,.NOT_KNOWN.);
#25=PRODUCT_DEFINITION('design','',#23052,#23050);
#23=PRODUCT_DEFINITION_SHAPE('','',#25);
#23053=SHAPE_DEFINITION_REPRESENTATION(#23,#16);
#11=DRAUGHTING_MODEL('',(#23046),#10);
#23054=DESCRIPTIVE_REPRESENTATION_ITEM('KEY','/Users/jining/Library/Containers/com.shapr3d.shapr/Data/tmp/CC023EF3-BE16-4939-A44D-744D13F1FEAB.tmp');
#23055=PROPERTY_DEFINITION('KEY','',#25);
#23056=REPRESENTATION('',(#23054),#10);
#23057=PROPERTY_DEFINITION_REPRESENTATION(#23055,#23056);
#23058=GENERAL_PROPERTY('','KEY','');
#23059=GENERAL_PROPERTY_ASSOCIATION('','',#23058,#23055);
#1=MECHANICAL_DESIGN_GEOMETRIC_PRESENTATION_REPRESENTATION('',(#26,#1987,#4239,#5802,#6489,#21006),#10);
ENDSEC;
END-ISO-10303-21;
